exp_id,calibracion,instancia,P,J,K,M,HTotal,id_config,tam_poblacion,n_generaciones,tiempo_max,prob_cruce,prob_mutacion,k_torneo,elitismo,tipo_init,frac_semilla,pool_tipo,pool_n,pool_sigma,m_ref,w_visita,w_capacidad,w_camiones,w_produccion,semilla,rep,factible,lcoh,coste_total,capex,opex,transporte,penalizacion,fitness,viol_visita,viol_capacidad,viol_camiones,viol_produccion,n_camiones,n_plantas_abiertas,modos_usados,tiempo_s,generaciones_ejec,evaluaciones,gen_mejor,gen_estancamiento,error,timestamp,hash_config
E03_PMPC,Calibracion combinada de PM y PC,small,4,8,16,3,22400.0,PM=0.05_PC=0.6,40,100,,0.6,0.05,3,True,A,0.5,nogood,8,0.15,,,,,,101,0,False,,102901.65608170732,15900.0,73073.17073170732,13928.485349999999,5201443.390243912,5304345.046325619,0,0.0,0,520.144,8,3,liquido,0.5643193719999999,100,4040,9,91,,2026-09-03T21:10:20,30b92d9d5c
E03_PMPC,Calibracion combinada de PM y PC,small,4,8,16,3,22400.0,PM=0.05_PC=0.6,40,100,,0.6,0.05,3,True,A,0.5,nogood,8,0.15,,,,,,202,1,True,4.665605816147648,104509.57028170733,21100.0,73073.17073170733,10336.399550000002,0.0,104509.57028170733,0,0.0,0,0.0,8,4,liquido,0.5549592959999927,100,4040,98,2,,2026-09-03T21:10:20,30b92d9d5c
E03_PMPC,Calibracion combinada de PM y PC,small,4,8,16,3,22400.0,PM=0.05_PC=0.6,40,100,,0.6,0.05,3,True,A,0.5,nogood,8,0.15,,,,,,303,2,False,,101362.49863170732,15900.0,73073.17073170732,12389.327900000004,5201443.390243912,5302805.8888756195,0,0.0,0,520.144,8,3,liquido,0.5531372049999845,100,4040,14,86,,2026-09-03T21:10:21,30b92d9d5c
E03_PMPC,Calibracion combinada de PM y PC,small,4,8,16,3,22400.0,PM=0.05_PC=0.6,40,100,,0.6,0.05,3,True,A,0.5,nogood,8,0.15,,,,,,404,3,True,4.673885669751742,104695.03900243904,21100.0,72390.24390243903,11204.7951,0.0,104695.03900243904,0,0.0,0,0.0,8,4,liquido,0.8077528779999739,100,4040,61,39,,2026-09-03T21:10:22,30b92d9d5c
E03_PMPC,Calibracion combinada de PM y PC,small,4,8,16,3,22400.0,PM=0.05_PC=0.6,40,100,,0.6,0.05,3,True,A,0.5,nogood,8,0.15,,,,,,505,4,True,4.700445858558363,105289.98723170733,21100.0,73073.17073170733,11116.816499999999,0.0,105289.98723170733,0,0.0,0,0.0,8,4,liquido,0.8518360289999691,100,4040,77,23,,2026-09-03T21:10:22,30b92d9d5c
E03_PMPC,Calibracion combinada de PM y PC,small,4,8,16,3,22400.0,PM=0.05_PC=0.6,40,100,,0.6,0.05,3,True,A,0.5,nogood,8,0.15,,,,,,606,5,False,,103407.66068170732,15900.0,73073.17073170732,14434.489949999997,5201443.390243912,5304851.05092562,0,0.0,0,520.144,8,3,liquido,0.9266542300000538,100,4040,32,68,,2026-09-03T21:10:23,30b92d9d5c
E03_PMPC,Calibracion combinada de PM y PC,small,4,8,16,3,22400.0,PM=0.05_PC=0.6,40,100,,0.6,0.05,3,True,A,0.5,nogood,8,0.15,,,,,,707,6,False,,103888.00023170732,15900.0,73073.17073170732,14914.829500000002,5201443.390243912,5305331.39047562,0,0.0,0,520.144,8,3,liquido,0.5787430249999943,100,4040,81,19,,2026-09-03T21:10:24,30b92d9d5c
E03_PMPC,Calibracion combinada de PM y PC,small,4,8,16,3,22400.0,PM=0.05_PC=0.6,40,100,,0.6,0.05,3,True,A,0.5,nogood,8,0.15,,,,,,808,7,True,4.608414470165505,103228.48413170733,21100.0,73073.17073170733,9055.313400000001,0.0,103228.48413170733,0,0.0,0,0.0,8,4,liquido,0.5507902360000116,100,4040,92,8,,2026-09-03T21:10:25,30b92d9d5c
E03_PMPC,Calibracion combinada de PM y PC,small,4,8,16,3,22400.0,PM=0.05_PC=0.6,40,100,,0.6,0.05,3,True,A,0.5,nogood,8,0.15,,,,,,909,8,False,,100255.62513170732,15900.0,73073.17073170732,11282.454400000002,5201443.390243912,5301699.01537562,0,0.0,0,520.144,8,3,liquido,0.5562478650000457,100,4040,29,71,,2026-09-03T21:10:25,30b92d9d5c
E03_PMPC,Calibracion combinada de PM y PC,small,4,8,16,3,22400.0,PM=0.05_PC=0.6,40,100,,0.6,0.05,3,True,A,0.5,nogood,8,0.15,,,,,,1010,9,False,,101209.83848170732,15900.0,73073.17073170732,12236.667750000002,5201443.390243912,5302653.22872562,0,0.0,0,520.144,8,3,liquido,0.537787516000094,100,4040,73,27,,2026-09-03T21:10:26,30b92d9d5c
E03_PMPC,Calibracion combinada de PM y PC,small,4,8,16,3,22400.0,PM=0.05_PC=0.6,40,100,,0.6,0.05,3,True,A,0.5,nogood,8,0.15,,,,,,1111,10,True,4.651656267966028,104197.10040243903,21100.0,72390.24390243903,10706.856499999998,0.0,104197.10040243903,0,0.0,0,0.0,8,4,liquido,0.5664936760000501,100,4040,84,16,,2026-09-03T21:10:26,30b92d9d5c
E03_PMPC,Calibracion combinada de PM y PC,small,4,8,16,3,22400.0,PM=0.05_PC=0.6,40,100,,0.6,0.05,3,True,A,0.5,nogood,8,0.15,,,,,,1212,11,True,4.725618907665506,105853.86353170733,21100.0,73073.17073170733,11680.6928,0.0,105853.86353170733,0,0.0,0,0.0,8,4,liquido,0.5374663960000134,100,4040,75,25,,2026-09-03T21:10:27,30b92d9d5c
E03_PMPC,Calibracion combinada de PM y PC,small,4,8,16,3,22400.0,PM=0.05_PC=0.6,40,100,,0.6,0.05,3,True,A,0.5,nogood,8,0.15,,,,,,1313,12,True,4.679788408591028,104827.26035243903,21100.0,72390.24390243903,11337.016450000001,0.0,104827.26035243903,0,0.0,0,0.0,8,4,liquido,0.5517322160000049,100,4040,89,11,,2026-09-03T21:10:27,30b92d9d5c
E03_PMPC,Calibracion combinada de PM y PC,small,4,8,16,3,22400.0,PM=0.05_PC=0.6,40,100,,0.6,0.05,3,True,A,0.5,nogood,8,0.15,,,,,,1414,13,True,4.589244453233886,102799.07575243904,21100.0,72390.24390243903,9308.83185,0.0,102799.07575243904,0,0.0,0,0.0,8,4,liquido,0.5649286660000143,100,4040,54,46,,2026-09-03T21:10:28,30b92d9d5c
E03_PMPC,Calibracion combinada de PM y PC,small,4,8,16,3,22400.0,PM=0.05_PC=0.6,40,100,,0.6,0.05,3,True,A,0.5,nogood,8,0.15,,,,,,1515,14,True,4.8519494911803145,108683.66860243904,21100.0,72390.24390243903,15193.4247,0.0,108683.66860243904,0,0.0,0,0.0,8,4,liquido,0.5514581170000383,100,4040,60,40,,2026-09-03T21:10:28,30b92d9d5c
E03_PMPC,Calibracion combinada de PM y PC,small,4,8,16,3,22400.0,PM=0.05_PC=0.6,40,100,,0.6,0.05,3,True,A,0.5,nogood,8,0.15,,,,,,1616,15,False,,104116.72128170732,15900.0,73073.17073170732,15143.550549999998,5502813.3902439,5606930.111525607,0,0.0,0,550.281,8,3,liquido,0.5551473879999094,100,4040,97,3,,2026-09-03T21:10:29,30b92d9d5c
E03_PMPC,Calibracion combinada de PM y PC,small,4,8,16,3,22400.0,PM=0.05_PC=0.6,40,100,,0.6,0.05,3,True,A,0.5,nogood,8,0.15,,,,,,1717,16,False,,104882.80443170732,15900.0,73073.17073170732,15909.6337,5201443.390243912,5306326.19467562,0,0.0,0,520.144,8,3,liquido,0.5354070669999373,100,4040,15,85,,2026-09-03T21:10:29,30b92d9d5c
E03_PMPC,Calibracion combinada de PM y PC,small,4,8,16,3,22400.0,PM=0.05_PC=0.6,40,100,,0.6,0.05,3,True,A,0.5,nogood,8,0.15,,,,,,1818,17,True,4.614921432219077,103374.24008170734,21100.0,73073.17073170733,9201.06935,0.0,103374.24008170734,0,0.0,0,0.0,8,4,liquido,0.5511320769999202,100,4040,94,6,,2026-09-03T21:10:30,30b92d9d5c
E03_PMPC,Calibracion combinada de PM y PC,small,4,8,16,3,22400.0,PM=0.05_PC=0.6,40,100,,0.6,0.05,3,True,A,0.5,nogood,8,0.15,,,,,,1919,18,False,,104357.46178170732,15900.0,73073.17073170732,15384.29105,5201443.390243912,5305800.85202562,0,0.0,0,520.144,8,3,liquido,0.5448809969999502,100,4040,78,22,,2026-09-03T21:10:31,30b92d9d5c
E03_PMPC,Calibracion combinada de PM y PC,small,4,8,16,3,22400.0,PM=0.05_PC=0.6,40,100,,0.6,0.05,3,True,A,0.5,nogood,8,0.15,,,,,,2020,19,False,,102118.66023170731,15900.0,73073.17073170732,13145.4895,5201443.390243912,5303562.05047562,0,0.0,0,520.144,8,3,liquido,0.5452196369999456,100,4040,33,67,,2026-09-03T21:10:31,30b92d9d5c
E03_PMPC,Calibracion combinada de PM y PC,small,4,8,16,3,22400.0,PM=0.05_PC=0.8,40,100,,0.8,0.05,3,True,A,0.5,nogood,8,0.15,,,,,,101,0,False,,102901.65608170732,15900.0,73073.17073170732,13928.485349999999,5201443.390243912,5304345.046325619,0,0.0,0,520.144,8,3,liquido,0.5583837269999776,100,4040,33,67,,2026-09-03T21:10:32,f0300fef2f
E03_PMPC,Calibracion combinada de PM y PC,small,4,8,16,3,22400.0,PM=0.05_PC=0.8,40,100,,0.8,0.05,3,True,A,0.5,nogood,8,0.15,,,,,,202,1,True,4.726043003647648,105863.36328170732,21100.0,73073.17073170733,11690.192549999998,0.0,105863.36328170732,0,0.0,0,0.0,8,4,liquido,0.5769316669999398,100,4040,53,47,,2026-09-03T21:10:32,f0300fef2f
E03_PMPC,Calibracion combinada de PM y PC,small,4,8,16,3,22400.0,PM=0.05_PC=0.8,40,100,,0.8,0.05,3,True,A,0.5,nogood,8,0.15,,,,,,303,2,False,,102351.25703170731,15900.0,73073.17073170732,13378.0863,5201443.390243912,5303794.647275619,0,0.0,0,520.144,8,3,liquido,0.6572005080000736,100,4040,54,46,,2026-09-03T21:10:33,f0300fef2f
E03_PMPC,Calibracion combinada de PM y PC,small,4,8,16,3,22400.0,PM=0.05_PC=0.8,40,100,,0.8,0.05,3,True,A,0.5,nogood,8,0.15,,,,,,404,3,False,,102626.90518170732,15900.0,73073.17073170732,13653.734450000004,5201443.390243912,5304070.295425619,0,0.0,0,520.144,8,3,liquido,0.7570942600000308,100,4040,3,97,,2026-09-03T21:10:34,f0300fef2f
E03_PMPC,Calibracion combinada de PM y PC,small,4,8,16,3,22400.0,PM=0.05_PC=0.8,40,100,,0.8,0.05,3,True,A,0.5,nogood,8,0.15,,,,,,505,4,True,4.867737807219077,109037.32688170733,21100.0,73073.17073170733,14864.156150000003,0.0,109037.32688170733,0,0.0,0,0.0,8,4,liquido,0.8706688219999705,100,4040,100,0,,2026-09-03T21:10:35,f0300fef2f
E03_PMPC,Calibracion combinada de PM y PC,small,4,8,16,3,22400.0,PM=0.05_PC=0.8,40,100,,0.8,0.05,3,True,A,0.5,nogood,8,0.15,,,,,,606,5,True,4.791039892966028,107319.29360243902,21100.0,72390.24390243903,13829.049699999996,0.0,107319.29360243902,0,0.0,0,0.0,8,4,liquido,0.8929261020000467,100,4040,64,36,,2026-09-03T21:10:35,f0300fef2f
E03_PMPC,Calibracion combinada de PM y PC,small,4,8,16,3,22400.0,PM=0.05_PC=0.8,40,100,,0.8,0.05,3,True,A,0.5,nogood,8,0.15,,,,,,707,6,True,4.6045534210583625,103141.99663170733,21100.0,73073.17073170733,8968.8259,0.0,103141.99663170733,0,0.0,0,0.0,8,4,liquido,0.7538420099999712,100,4040,93,7,,2026-09-03T21:10:36,f0300fef2f
E03_PMPC,Calibracion combinada de PM y PC,small,4,8,16,3,22400.0,PM=0.05_PC=0.8,40,100,,0.8,0.05,3,True,A,0.5,nogood,8,0.15,,,,,,808,7,True,4.737999897430314,106131.19770243904,21100.0,72390.24390243903,12640.9538,0.0,106131.19770243904,0,0.0,0,0.0,8,4,liquido,0.5712453970000979,100,4040,83,17,,2026-09-03T21:10:37,f0300fef2f
E03_PMPC,Calibracion combinada de PM y PC,small,4,8,16,3,22400.0,PM=0.05_PC=0.8,40,100,,0.8,0.05,3,True,A,0.5,nogood,8,0.15,,,,,,909,8,False,,100255.62513170732,15900.0,73073.17073170732,11282.4544,5201443.390243912,5301699.01537562,0,0.0,0,520.144,8,3,liquido,0.5691854680000006,100,4040,42,58,,2026-09-03T21:10:37,f0300fef2f
E03_PMPC,Calibracion combinada de PM y PC,small,4,8,16,3,22400.0,PM=0.05_PC=0.8,40,100,,0.8,0.05,3,True,A,0.5,nogood,8,0.15,,,,,,1010,9,False,,103639.90228170731,15900.0,73073.17073170732,14666.731549999999,5201443.390243912,5305083.292525619,0,0.0,0,520.144,8,3,liquido,0.5661607270000104,100,4040,9,91,,2026-09-03T21:10:38,f0300fef2f
E03_PMPC,Calibracion combinada de PM y PC,small,4,8,16,3,22400.0,PM=0.05_PC=0.8,40,100,,0.8,0.05,3,True,A,0.5,nogood,8,0.15,,,,,,1111,10,False,,105002.05173170732,15900.0,73073.17073170732,16028.881000000001,5201443.390243912,5306445.44197562,0,0.0,0,520.144,8,3,liquido,0.5642911979999781,100,4040,68,32,,2026-09-03T21:10:39,f0300fef2f
E03_PMPC,Calibracion combinada de PM y PC,small,4,8,16,3,22400.0,PM=0.05_PC=0.8,40,100,,0.8,0.05,3,True,A,0.5,nogood,8,0.15,,,,,,1212,11,True,4.6431036518946,104005.52180243903,21100.0,72390.24390243903,10515.2779,0.0,104005.52180243903,0,0.0,0,0.0,8,4,liquido,0.5622878169999694,100,4040,92,8,,2026-09-03T21:10:39,f0300fef2f
E03_PMPC,Calibracion combinada de PM y PC,small,4,8,16,3,22400.0,PM=0.05_PC=0.8,40,100,,0.8,0.05,3,True,A,0.5,nogood,8,0.15,,,,,,1313,12,False,,100848.33553170731,15900.0,73073.17073170732,11875.1648,5502813.3902439,5603661.725775607,0,0.0,0,550.281,8,3,liquido,0.5765999679999823,100,4040,25,75,,2026-09-03T21:10:40,f0300fef2f
E03_PMPC,Calibracion combinada de PM y PC,small,4,8,16,3,22400.0,PM=0.05_PC=0.8,40,100,,0.8,0.05,3,True,A,0.5,nogood,8,0.15,,,,,,1414,13,True,4.650258609483886,104165.79285243903,21100.0,72390.24390243903,10675.54895,0.0,104165.79285243903,0,0.0,0,0.0,8,4,liquido,0.574214197999936,100,4040,51,49,,2026-09-03T21:10:40,f0300fef2f
E03_PMPC,Calibracion combinada de PM y PC,small,4,8,16,3,22400.0,PM=0.05_PC=0.8,40,100,,0.8,0.05,3,True,A,0.5,nogood,8,0.15,,,,,,1515,14,True,4.614921432219077,103374.24008170734,21100.0,73073.17073170733,9201.06935,0.0,103374.24008170734,0,0.0,0,0.0,8,4,liquido,0.5961746180000773,100,4040,79,21,,2026-09-03T21:10:41,f0300fef2f
E03_PMPC,Calibracion combinada de PM y PC,small,4,8,16,3,22400.0,PM=0.05_PC=0.8,40,100,,0.8,0.05,3,True,A,0.5,nogood,8,0.15,,,,,,1616,15,False,,105121.33418170732,15900.0,73073.17073170732,16148.163450000002,5502813.3902439,5607934.724425607,0,0.0,0,550.281,8,3,liquido,0.5711892079999643,100,4040,68,32,,2026-09-03T21:10:41,f0300fef2f
E03_PMPC,Calibracion combinada de PM y PC,small,4,8,16,3,22400.0,PM=0.05_PC=0.8,40,100,,0.8,0.05,3,True,A,0.5,nogood,8,0.15,,,,,,1717,16,False,,104443.09273170732,15900.0,73073.17073170732,15469.921999999999,5201443.390243912,5305886.48297562,0,0.0,0,520.144,8,3,liquido,0.5512441770000578,100,4040,73,27,,2026-09-03T21:10:42,f0300fef2f
E03_PMPC,Calibracion combinada de PM y PC,small,4,8,16,3,22400.0,PM=0.05_PC=0.8,40,100,,0.8,0.05,3,True,A,0.5,nogood,8,0.15,,,,,,1818,17,True,4.614921432219077,103374.24008170734,21100.0,73073.17073170733,9201.06935,0.0,103374.24008170734,0,0.0,0,0.0,8,4,liquido,0.5694597079999539,100,4040,91,9,,2026-09-03T21:10:43,f0300fef2f
E03_PMPC,Calibracion combinada de PM y PC,small,4,8,16,3,22400.0,PM=0.05_PC=0.8,40,100,,0.8,0.05,3,True,A,0.5,nogood,8,0.15,,,,,,1919,18,False,,102470.98718170731,15900.0,73073.17073170732,13497.816449999997,5201443.390243912,5303914.377425619,0,0.0,0,520.144,8,3,liquido,0.5585669170000074,100,4040,37,63,,2026-09-03T21:10:43,f0300fef2f
E03_PMPC,Calibracion combinada de PM y PC,small,4,8,16,3,22400.0,PM=0.05_PC=0.8,40,100,,0.8,0.05,3,True,A,0.5,nogood,8,0.15,,,,,,2020,19,False,,104995.36768170731,15900.0,73073.17073170732,16022.19695,5201443.390243912,5306438.757925619,0,0.0,0,520.144,8,3,liquido,0.5590796469999759,100,4040,84,16,,2026-09-03T21:10:44,f0300fef2f
E03_PMPC,Calibracion combinada de PM y PC,small,4,8,16,3,22400.0,PM=0.05_PC=1,40,100,,1.0,0.05,3,True,A,0.5,nogood,8,0.15,,,,,,101,0,False,,101488.34858170732,15900.0,73073.17073170732,12515.177850000002,5201443.390243912,5302931.738825619,0,0.0,0,520.144,8,3,liquido,0.5784534580000127,100,4040,34,66,,2026-09-03T21:10:44,f95fb78e7b
E03_PMPC,Calibracion combinada de PM y PC,small,4,8,16,3,22400.0,PM=0.05_PC=1,40,100,,1.0,0.05,3,True,A,0.5,nogood,8,0.15,,,,,,202,1,True,4.886583142966028,109459.46240243904,21100.0,72390.24390243903,15969.2185,0.0,109459.46240243904,0,0.0,0,0.0,8,4,liquido,0.6059159279999449,100,4040,7,93,,2026-09-03T21:10:45,f95fb78e7b
E03_PMPC,Calibracion combinada de PM y PC,small,4,8,16,3,22400.0,PM=0.05_PC=1,40,100,,1.0,0.05,3,True,A,0.5,nogood,8,0.15,,,,,,303,2,False,,107237.52106084011,15900.0,74401.08401084012,16936.43705,5502813.3902439,5610050.91130474,0,0.0,0,550.281,8,3,amoniaco|liquido,0.5905518179999945,100,4040,27,73,,2026-09-03T21:10:45,f95fb78e7b
E03_PMPC,Calibracion combinada de PM y PC,small,4,8,16,3,22400.0,PM=0.05_PC=1,40,100,,1.0,0.05,3,True,A,0.5,nogood,8,0.15,,,,,,404,3,False,,103679.26103170731,15900.0,73073.17073170732,14706.090300000002,5201443.390243912,5305122.65127562,0,0.0,0,520.144,8,3,liquido,0.6493702779999921,100,4040,91,9,,2026-09-03T21:10:46,f95fb78e7b
E03_PMPC,Calibracion combinada de PM y PC,small,4,8,16,3,22400.0,PM=0.05_PC=1,40,100,,1.0,0.05,3,True,A,0.5,nogood,8,0.15,,,,,,505,4,True,4.958165589394599,111062.90920243903,21100.0,72390.24390243903,17572.665299999997,0.0,111062.90920243903,0,0.0,0,0.0,8,4,liquido,0.8780555710000044,100,4040,78,22,,2026-09-03T21:10:47,f95fb78e7b
E03_PMPC,Calibracion combinada de PM y PC,small,4,8,16,3,22400.0,PM=0.05_PC=1,40,100,,1.0,0.05,3,True,A,0.5,nogood,8,0.15,,,,,,606,5,True,4.963193634539538,111175.53741368566,21100.0,74856.36856368565,15219.168850000002,0.0,111175.53741368566,0,0.0,0,0.0,7,4,amoniaco|liquido,0.9116975919999959,100,4040,80,20,,2026-09-03T21:10:48,f95fb78e7b
E03_PMPC,Calibracion combinada de PM y PC,small,4,8,16,3,22400.0,PM=0.05_PC=1,40,100,,1.0,0.05,3,True,A,0.5,nogood,8,0.15,,,,,,707,6,False,,103127.36718170732,15900.0,73073.17073170732,14154.196450000001,5201443.390243912,5304570.757425619,0,0.0,0,520.144,8,3,liquido,0.7987637710000399,100,4040,87,13,,2026-09-03T21:10:49,f95fb78e7b
E03_PMPC,Calibracion combinada de PM y PC,small,4,8,16,3,22400.0,PM=0.05_PC=1,40,100,,1.0,0.05,3,True,A,0.5,nogood,8,0.15,,,,,,808,7,False,,106608.82544295394,15900.0,75539.29539295394,15169.530050000001,5502813.3902439,5609422.215686854,0,0.0,0,550.281,7,3,amoniaco|liquido,0.5543834270000616,100,4040,73,27,,2026-09-03T21:10:49,f95fb78e7b
E03_PMPC,Calibracion combinada de PM y PC,small,4,8,16,3,22400.0,PM=0.05_PC=1,40,100,,1.0,0.05,3,True,A,0.5,nogood,8,0.15,,,,,,909,8,False,,102434.06673170731,15900.0,73073.17073170732,13460.895999999999,5201443.390243912,5303877.456975619,0,0.0,0,520.144,8,3,liquido,0.5950824279999551,100,4040,34,66,,2026-09-03T21:10:50,f95fb78e7b
E03_PMPC,Calibracion combinada de PM y PC,small,4,8,16,3,22400.0,PM=0.05_PC=1,40,100,,1.0,0.05,3,True,A,0.5,nogood,8,0.15,,,,,,1010,9,False,,101209.83848170732,15900.0,73073.17073170732,12236.66775,5201443.390243912,5302653.22872562,0,0.0,0,520.144,8,3,liquido,0.5758076270000174,100,4040,18,82,,2026-09-03T21:10:50,f95fb78e7b
E03_PMPC,Calibracion combinada de PM y PC,small,4,8,16,3,22400.0,PM=0.05_PC=1,40,100,,1.0,0.05,3,True,A,0.5,nogood,8,0.15,,,,,,1111,10,False,,102769.16064295394,15900.0,75539.29539295394,11329.865249999999,5502813.3902439,5605582.550886854,0,0.0,0,550.281,7,3,amoniaco|liquido,0.5581965769999897,100,4040,54,46,,2026-09-03T21:10:51,f95fb78e7b
E03_PMPC,Calibracion combinada de PM y PC,small,4,8,16,3,22400.0,PM=0.05_PC=1,40,100,,1.0,0.05,3,True,A,0.5,nogood,8,0.15,,,,,,1212,11,True,4.683126472397649,104902.03298170734,21100.0,73073.17073170733,10728.86225,0.0,104902.03298170734,0,0.0,0,0.0,8,4,liquido,0.568001406999997,100,4040,100,0,,2026-09-03T21:10:52,f95fb78e7b
E03_PMPC,Calibracion combinada de PM y PC,small,4,8,16,3,22400.0,PM=0.05_PC=1,40,100,,1.0,0.05,3,True,A,0.5,nogood,8,0.15,,,,,,1313,12,False,,105734.40198170731,15900.0,73073.17073170732,16761.231250000004,5502813.3902439,5608547.792225608,0,0.0,0,550.281,8,3,liquido,0.5918271969999296,100,4040,21,79,,2026-09-03T21:10:52,f95fb78e7b
E03_PMPC,Calibracion combinada de PM y PC,small,4,8,16,3,22400.0,PM=0.05_PC=1,40,100,,1.0,0.05,3,True,A,0.5,nogood,8,0.15,,,,,,1414,13,True,4.650258609483886,104165.79285243903,21100.0,72390.24390243903,10675.548950000002,0.0,104165.79285243903,0,0.0,0,0.0,8,4,liquido,0.5928035179999824,100,4040,30,70,,2026-09-03T21:10:53,f95fb78e7b
E03_PMPC,Calibracion combinada de PM y PC,small,4,8,16,3,22400.0,PM=0.05_PC=1,40,100,,1.0,0.05,3,True,A,0.5,nogood,8,0.15,,,,,,1515,14,True,4.8513250036476485,108669.68008170732,21100.0,73073.17073170733,14496.509349999998,0.0,108669.68008170732,0,0.0,0,0.0,8,4,liquido,0.5723449480000227,100,4040,75,25,,2026-09-03T21:10:53,f95fb78e7b
E03_PMPC,Calibracion combinada de PM y PC,small,4,8,16,3,22400.0,PM=0.05_PC=1,40,100,,1.0,0.05,3,True,A,0.5,nogood,8,0.15,,,,,,1616,15,False,,105266.49073170732,15900.0,73073.17073170732,16293.320000000003,5502813.3902439,5608079.880975608,0,0.0,0,550.281,8,3,liquido,0.5844007469999042,100,4040,47,53,,2026-09-03T21:10:54,f95fb78e7b
E03_PMPC,Calibracion combinada de PM y PC,small,4,8,16,3,22400.0,PM=0.05_PC=1,40,100,,1.0,0.05,3,True,A,0.5,nogood,8,0.15,,,,,,1717,16,False,,99636.86303170731,15900.0,73073.17073170732,10663.692299999999,5502813.3902439,5602450.253275608,0,0.0,0,550.281,8,3,liquido,0.5818829579999374,100,4040,34,66,,2026-09-03T21:10:54,f95fb78e7b
E03_PMPC,Calibracion combinada de PM y PC,small,4,8,16,3,22400.0,PM=0.05_PC=1,40,100,,1.0,0.05,3,True,A,0.5,nogood,8,0.15,,,,,,1818,17,True,4.711065767040505,105527.87318170733,21100.0,73073.17073170733,11354.70245,0.0,105527.87318170733,0,0.0,0,0.0,8,4,liquido,0.6860276289999092,100,4040,95,5,,2026-09-03T21:10:55,f95fb78e7b
E03_PMPC,Calibracion combinada de PM y PC,small,4,8,16,3,22400.0,PM=0.05_PC=1,40,100,,1.0,0.05,3,True,A,0.5,nogood,8,0.15,,,,,,1919,18,False,,99617.39918170731,15900.0,73073.17073170732,10644.228449999999,5201443.390243912,5301060.78942562,0,0.0,0,520.144,8,3,liquido,0.6793066090000366,100,4040,66,34,,2026-09-03T21:10:56,f95fb78e7b
E03_PMPC,Calibracion combinada de PM y PC,small,4,8,16,3,22400.0,PM=0.05_PC=1,40,100,,1.0,0.05,3,True,A,0.5,nogood,8,0.15,,,,,,2020,19,True,4.681518128647649,104866.00608170732,21100.0,73073.17073170733,10692.83535,0.0,104866.00608170732,0,0.0,0,0.0,8,4,liquido,0.5950345279999283,100,4040,9,91,,2026-09-03T21:10:56,f95fb78e7b
E03_PMPC,Calibracion combinada de PM y PC,small,4,8,16,3,22400.0,PM=0.1_PC=0.6,40,100,,0.6,0.1,3,True,A,0.5,nogood,8,0.15,,,,,,101,0,False,,102901.65608170732,15900.0,73073.17073170732,13928.485349999999,5201443.390243912,5304345.046325619,0,0.0,0,520.144,8,3,liquido,0.5452037170000494,100,4040,15,85,,2026-09-03T21:10:57,6bd1cc040e
E03_PMPC,Calibracion combinada de PM y PC,small,4,8,16,3,22400.0,PM=0.1_PC=0.6,40,100,,0.6,0.1,3,True,A,0.5,nogood,8,0.15,,,,,,202,1,True,4.616694323769599,103413.95285243903,21100.0,72390.24390243903,9923.708950000002,0.0,103413.95285243903,0,0.0,0,0.0,8,4,liquido,0.554753906999963,100,4040,88,12,,2026-09-03T21:10:58,6bd1cc040e
E03_PMPC,Calibracion combinada de PM y PC,small,4,8,16,3,22400.0,PM=0.1_PC=0.6,40,100,,0.6,0.1,3,True,A,0.5,nogood,8,0.15,,,,,,303,2,False,,99636.86303170733,15900.0,73073.17073170732,10663.692300000002,5502813.3902439,5602450.253275608,0,0.0,0,550.281,8,3,liquido,0.5567024780000338,100,4040,49,51,,2026-09-03T21:10:58,6bd1cc040e
E03_PMPC,Calibracion combinada de PM y PC,small,4,8,16,3,22400.0,PM=0.1_PC=0.6,40,100,,0.6,0.1,3,True,A,0.5,nogood,8,0.15,,,,,,404,3,True,4.6128332746624565,103327.46535243903,21100.0,72390.24390243903,9837.22145,0.0,103327.46535243903,0,0.0,0,0.0,8,4,liquido,0.7556182499999977,100,4040,44,56,,2026-09-03T21:10:59,6bd1cc040e
E03_PMPC,Calibracion combinada de PM y PC,small,4,8,16,3,22400.0,PM=0.1_PC=0.6,40,100,,0.6,0.1,3,True,A,0.5,nogood,8,0.15,,,,,,505,4,True,4.685470799216028,104954.54590243903,21100.0,72390.24390243903,11464.302,0.0,104954.54590243903,0,0.0,0,0.0,8,4,liquido,0.8397942010000179,100,4040,52,48,,2026-09-03T21:11:00,6bd1cc040e
E03_PMPC,Calibracion combinada de PM y PC,small,4,8,16,3,22400.0,PM=0.1_PC=0.6,40,100,,0.6,0.1,3,True,A,0.5,nogood,8,0.15,,,,,,606,5,True,4.6045534210583625,103141.99663170733,21100.0,73073.17073170733,8968.8259,0.0,103141.99663170733,0,0.0,0,0.0,8,4,liquido,0.9040835119999429,100,4040,57,43,,2026-09-03T21:11:01,6bd1cc040e
E03_PMPC,Calibracion combinada de PM y PC,small,4,8,16,3,22400.0,PM=0.1_PC=0.6,40,100,,0.6,0.1,3,True,A,0.5,nogood,8,0.15,,,,,,707,6,True,4.7018052782012205,105320.43823170733,21100.0,73073.17073170733,11147.2675,0.0,105320.43823170733,0,0.0,0,0.0,8,4,liquido,0.6377816380000922,100,4040,68,32,,2026-09-03T21:11:01,6bd1cc040e
E03_PMPC,Calibracion combinada de PM y PC,small,4,8,16,3,22400.0,PM=0.1_PC=0.6,40,100,,0.6,0.1,3,True,A,0.5,nogood,8,0.15,,,,,,808,7,True,4.673368135344076,104683.44623170732,21100.0,73073.17073170733,10510.275499999996,0.0,104683.44623170732,0,0.0,0,0.0,8,4,liquido,0.5633051280000245,100,4040,53,47,,2026-09-03T21:11:02,6bd1cc040e
E03_PMPC,Calibracion combinada de PM y PC,small,4,8,16,3,22400.0,PM=0.1_PC=0.6,40,100,,0.6,0.1,3,True,A,0.5,nogood,8,0.15,,,,,,909,8,False,,100255.62513170732,15900.0,73073.17073170732,11282.454400000002,5201443.390243912,5301699.01537562,0,0.0,0,520.144,8,3,liquido,0.5542049569999108,100,4040,45,55,,2026-09-03T21:11:02,6bd1cc040e
E03_PMPC,Calibracion combinada de PM y PC,small,4,8,16,3,22400.0,PM=0.1_PC=0.6,40,100,,0.6,0.1,3,True,A,0.5,nogood,8,0.15,,,,,,1010,9,False,,103407.66068170732,15900.0,73073.17073170732,14434.48995,5201443.390243912,5304851.05092562,0,0.0,0,520.144,8,3,liquido,0.5458748170000263,100,4040,80,20,,2026-09-03T21:11:03,6bd1cc040e
E03_PMPC,Calibracion combinada de PM y PC,small,4,8,16,3,22400.0,PM=0.1_PC=0.6,40,100,,0.6,0.1,3,True,A,0.5,nogood,8,0.15,,,,,,1111,10,True,4.651606188915506,104195.97863170733,21100.0,73073.17073170733,10022.807900000002,0.0,104195.97863170733,0,0.0,0,0.0,8,4,liquido,0.5638825370000404,100,4040,49,51,,2026-09-03T21:11:03,6bd1cc040e
E03_PMPC,Calibracion combinada de PM y PC,small,4,8,16,3,22400.0,PM=0.1_PC=0.6,40,100,,0.6,0.1,3,True,A,0.5,nogood,8,0.15,,,,,,1212,11,True,4.673885669751742,104695.03900243904,21100.0,72390.24390243903,11204.7951,0.0,104695.03900243904,0,0.0,0,0.0,8,4,liquido,0.5617195269999229,100,4040,65,35,,2026-09-03T21:11:04,6bd1cc040e
E03_PMPC,Calibracion combinada de PM y PC,small,4,8,16,3,22400.0,PM=0.1_PC=0.6,40,100,,0.6,0.1,3,True,A,0.5,nogood,8,0.15,,,,,,1313,12,False,,100848.33553170731,15900.0,73073.17073170732,11875.164800000002,5502813.3902439,5603661.725775607,0,0.0,0,550.281,8,3,liquido,0.5375071370000342,100,4040,28,72,,2026-09-03T21:11:05,6bd1cc040e
E03_PMPC,Calibracion combinada de PM y PC,small,4,8,16,3,22400.0,PM=0.1_PC=0.6,40,100,,0.6,0.1,3,True,A,0.5,nogood,8,0.15,,,,,,1414,13,True,4.589244453233886,102799.07575243904,21100.0,72390.24390243903,9308.83185,0.0,102799.07575243904,0,0.0,0,0.0,8,4,liquido,0.55480562799994,100,4040,28,72,,2026-09-03T21:11:05,6bd1cc040e
E03_PMPC,Calibracion combinada de PM y PC,small,4,8,16,3,22400.0,PM=0.1_PC=0.6,40,100,,0.6,0.1,3,True,A,0.5,nogood,8,0.15,,,,,,1515,14,True,4.589244453233886,102799.07575243904,21100.0,72390.24390243903,9308.83185,0.0,102799.07575243904,0,0.0,0,0.0,8,4,liquido,0.5542160669999703,100,4040,81,19,,2026-09-03T21:11:06,6bd1cc040e
E03_PMPC,Calibracion combinada de PM y PC,small,4,8,16,3,22400.0,PM=0.1_PC=0.6,40,100,,0.6,0.1,3,True,A,0.5,nogood,8,0.15,,,,,,1616,15,True,4.696454896504791,105200.58968170732,21100.0,73073.17073170733,11027.41895,0.0,105200.58968170732,0,0.0,0,0.0,8,4,liquido,0.5674235570000974,100,4040,84,16,,2026-09-03T21:11:06,6bd1cc040e
E03_PMPC,Calibracion combinada de PM y PC,small,4,8,16,3,22400.0,PM=0.1_PC=0.6,40,100,,0.6,0.1,3,True,A,0.5,nogood,8,0.15,,,,,,1717,16,True,4.709838820611934,105500.38958170734,21100.0,73073.17073170733,11327.218850000001,0.0,105500.38958170734,0,0.0,0,0.0,8,4,liquido,0.5503084580000177,100,4040,86,14,,2026-09-03T21:11:07,6bd1cc040e
E03_PMPC,Calibracion combinada de PM y PC,small,4,8,16,3,22400.0,PM=0.1_PC=0.6,40,100,,0.6,0.1,3,True,A,0.5,nogood,8,0.15,,,,,,1818,17,True,4.616694241180314,103413.95100243903,21100.0,72390.24390243903,9923.7071,0.0,103413.95100243903,0,0.0,0,0.0,8,4,liquido,0.5719362370000454,100,4040,78,22,,2026-09-03T21:11:07,6bd1cc040e
E03_PMPC,Calibracion combinada de PM y PC,small,4,8,16,3,22400.0,PM=0.1_PC=0.6,40,100,,0.6,0.1,3,True,A,0.5,nogood,8,0.15,,,,,,1919,18,True,4.650258609483886,104165.79285243903,21100.0,72390.24390243903,10675.54895,0.0,104165.79285243903,0,0.0,0,0.0,8,4,liquido,0.5493281070000648,100,4040,81,19,,2026-09-03T21:11:08,6bd1cc040e
E03_PMPC,Calibracion combinada de PM y PC,small,4,8,16,3,22400.0,PM=0.1_PC=0.6,40,100,,0.6,0.1,3,True,A,0.5,nogood,8,0.15,,,,,,2020,19,False,,105441.18253170731,15900.0,73073.17073170732,16468.0118,5201443.390243912,5306884.572775619,0,0.0,0,520.144,8,3,liquido,0.5500065669999685,100,4040,37,63,,2026-09-03T21:11:08,6bd1cc040e
E03_PMPC,Calibracion combinada de PM y PC,small,4,8,16,3,22400.0,PM=0.1_PC=0.8,40,100,,0.8,0.1,3,True,A,0.5,nogood,8,0.15,,,,,,101,0,False,,102455.84123170731,15900.0,73073.17073170732,13482.6705,5201443.390243912,5303899.23147562,0,0.0,0,520.144,8,3,liquido,0.56153912700006,100,4040,81,19,,2026-09-03T21:11:09,4ce1241a29
E03_PMPC,Calibracion combinada de PM y PC,small,4,8,16,3,22400.0,PM=0.1_PC=0.8,40,100,,0.8,0.1,3,True,A,0.5,nogood,8,0.15,,,,,,202,1,True,4.669428626415505,104595.20123170732,21100.0,73073.17073170733,10422.0305,0.0,104595.20123170732,0,0.0,0,0.0,8,4,liquido,0.5823423080000794,100,4040,81,19,,2026-09-03T21:11:10,4ce1241a29
E03_PMPC,Calibracion combinada de PM y PC,small,4,8,16,3,22400.0,PM=0.1_PC=0.8,40,100,,0.8,0.1,3,True,A,0.5,nogood,8,0.15,,,,,,303,2,False,,102119.01358170732,15900.0,73073.17073170732,13145.842849999999,5201443.390243912,5303562.403825619,0,0.0,0,520.144,8,3,liquido,0.576762937999888,100,4040,23,77,,2026-09-03T21:11:10,4ce1241a29
E03_PMPC,Calibracion combinada de PM y PC,small,4,8,16,3,22400.0,PM=0.1_PC=0.8,40,100,,0.8,0.1,3,True,A,0.5,nogood,8,0.15,,,,,,404,3,True,4.6045534210583625,103141.99663170733,21100.0,73073.17073170733,8968.8259,0.0,103141.99663170733,0,0.0,0,0.0,8,4,liquido,0.5807797680000704,100,4040,88,12,,2026-09-03T21:11:11,4ce1241a29
E03_PMPC,Calibracion combinada de PM y PC,small,4,8,16,3,22400.0,PM=0.1_PC=0.8,40,100,,0.8,0.1,3,True,A,0.5,nogood,8,0.15,,,,,,505,4,True,4.642371302754792,103989.11718170733,21100.0,73073.17073170733,9815.94645,0.0,103989.11718170733,0,0.0,0,0.0,8,4,liquido,0.9042801719999716,100,4040,66,34,,2026-09-03T21:11:12,4ce1241a29
E03_PMPC,Calibracion combinada de PM y PC,small,4,8,16,3,22400.0,PM=0.1_PC=0.8,40,100,,0.8,0.1,3,True,A,0.5,nogood,8,0.15,,,,,,606,5,True,4.645696925522648,104063.61113170732,21100.0,73073.17073170733,9890.4404,0.0,104063.61113170732,0,0.0,0,0.0,8,4,liquido,0.8771059310000737,100,4040,96,4,,2026-09-03T21:11:13,4ce1241a29
E03_PMPC,Calibracion combinada de PM y PC,small,4,8,16,3,22400.0,PM=0.1_PC=0.8,40,100,,0.8,0.1,3,True,A,0.5,nogood,8,0.15,,,,,,707,6,False,,104623.24943170731,15900.0,73073.17073170732,15650.0787,5201443.390243912,5306066.639675619,0,0.0,0,520.144,8,3,liquido,0.8422690009999769,100,4040,17,83,,2026-09-03T21:11:13,4ce1241a29
E03_PMPC,Calibracion combinada de PM y PC,small,4,8,16,3,22400.0,PM=0.1_PC=0.8,40,100,,0.8,0.1,3,True,A,0.5,nogood,8,0.15,,,,,,808,7,True,4.608414470165505,103228.48413170733,21100.0,73073.17073170733,9055.3134,0.0,103228.48413170733,0,0.0,0,0.0,8,4,liquido,0.5613531869998951,100,4040,46,54,,2026-09-03T21:11:14,4ce1241a29
E03_PMPC,Calibracion combinada de PM y PC,small,4,8,16,3,22400.0,PM=0.1_PC=0.8,40,100,,0.8,0.1,3,True,A,0.5,nogood,8,0.15,,,,,,909,8,False,,102434.06673170731,15900.0,73073.17073170732,13460.895999999997,5201443.390243912,5303877.456975619,0,0.0,0,520.144,8,3,liquido,0.5577509270000292,100,4040,18,82,,2026-09-03T21:11:15,4ce1241a29
E03_PMPC,Calibracion combinada de PM y PC,small,4,8,16,3,22400.0,PM=0.1_PC=0.8,40,100,,0.8,0.1,3,True,A,0.5,nogood,8,0.15,,,,,,1010,9,False,,100074.90973170732,15900.0,73073.17073170732,11101.739,5201443.390243912,5301518.29997562,0,0.0,0,520.144,8,3,liquido,0.5470015670000521,100,4040,20,80,,2026-09-03T21:11:15,4ce1241a29
E03_PMPC,Calibracion combinada de PM y PC,small,4,8,16,3,22400.0,PM=0.1_PC=0.8,40,100,,0.8,0.1,3,True,A,0.5,nogood,8,0.15,,,,,,1111,10,False,,103432.45623170731,15900.0,73073.17073170732,14459.2855,5201443.390243912,5304875.84647562,0,0.0,0,520.144,8,3,liquido,0.5725169979999691,100,4040,60,40,,2026-09-03T21:11:16,4ce1241a29
E03_PMPC,Calibracion combinada de PM y PC,small,4,8,16,3,22400.0,PM=0.1_PC=0.8,40,100,,0.8,0.1,3,True,A,0.5,nogood,8,0.15,,,,,,1212,11,True,4.764014253647649,106713.91928170733,21100.0,73073.17073170733,12540.74855,0.0,106713.91928170733,0,0.0,0,0.0,8,4,liquido,0.5596921569999722,100,4040,57,43,,2026-09-03T21:11:16,4ce1241a29
E03_PMPC,Calibracion combinada de PM y PC,small,4,8,16,3,22400.0,PM=0.1_PC=0.8,40,100,,0.8,0.1,3,True,A,0.5,nogood,8,0.15,,,,,,1313,12,False,,103710.79428170732,15900.0,73073.17073170732,14737.623550000002,5502813.3902439,5606524.184525607,0,0.0,0,550.281,8,3,liquido,0.5653395180000871,100,4040,41,59,,2026-09-03T21:11:17,4ce1241a29
E03_PMPC,Calibracion combinada de PM y PC,small,4,8,16,3,22400.0,PM=0.1_PC=0.8,40,100,,0.8,0.1,3,True,A,0.5,nogood,8,0.15,,,,,,1414,13,True,4.589244453233886,102799.07575243904,21100.0,72390.24390243903,9308.831849999999,0.0,102799.07575243904,0,0.0,0,0.0,8,4,liquido,0.559873017999962,100,4040,30,70,,2026-09-03T21:11:17,4ce1241a29
E03_PMPC,Calibracion combinada de PM y PC,small,4,8,16,3,22400.0,PM=0.1_PC=0.8,40,100,,0.8,0.1,3,True,A,0.5,nogood,8,0.15,,,,,,1515,14,True,4.614921432219077,103374.24008170734,21100.0,73073.17073170733,9201.06935,0.0,103374.24008170734,0,0.0,0,0.0,8,4,liquido,0.5773776180000141,100,4040,89,11,,2026-09-03T21:11:18,4ce1241a29
E03_PMPC,Calibracion combinada de PM y PC,small,4,8,16,3,22400.0,PM=0.1_PC=0.8,40,100,,0.8,0.1,3,True,A,0.5,nogood,8,0.15,,,,,,1616,15,False,,104245.34808170731,15900.0,73073.17073170732,15272.17735,5502813.3902439,5607058.738325607,0,0.0,0,550.281,8,3,liquido,0.5729435069999909,100,4040,55,45,,2026-09-03T21:11:19,4ce1241a29
E03_PMPC,Calibracion combinada de PM y PC,small,4,8,16,3,22400.0,PM=0.1_PC=0.8,40,100,,0.8,0.1,3,True,A,0.5,nogood,8,0.15,,,,,,1717,16,False,,103670.92123170731,15900.0,73073.17073170732,14697.750499999998,5201443.390243912,5305114.31147562,0,0.0,0,520.144,8,3,liquido,0.5430409780000218,100,4040,66,34,,2026-09-03T21:11:19,4ce1241a29
E03_PMPC,Calibracion combinada de PM y PC,small,4,8,16,3,22400.0,PM=0.1_PC=0.8,40,100,,0.8,0.1,3,True,A,0.5,nogood,8,0.15,,,,,,1818,17,True,4.679106055912457,104811.97565243902,21100.0,72390.24390243903,11321.731749999999,0.0,104811.97565243902,0,0.0,0,0.0,8,4,liquido,0.5714713969999821,100,4040,85,15,,2026-09-03T21:11:20,4ce1241a29
E03_PMPC,Calibracion combinada de PM y PC,small,4,8,16,3,22400.0,PM=0.1_PC=0.8,40,100,,0.8,0.1,3,True,A,0.5,nogood,8,0.15,,,,,,1919,18,True,4.650296848323171,104166.64940243903,21100.0,72390.24390243903,10676.405499999997,0.0,104166.64940243903,0,0.0,0,0.0,8,4,liquido,0.5730859369999735,100,4040,48,52,,2026-09-03T21:11:20,4ce1241a29
E03_PMPC,Calibracion combinada de PM y PC,small,4,8,16,3,22400.0,PM=0.1_PC=0.8,40,100,,0.8,0.1,3,True,A,0.5,nogood,8,0.15,,,,,,2020,19,False,,100881.80758170731,15900.0,73073.17073170732,11908.636849999999,5201443.390243912,5302325.197825619,0,0.0,0,520.144,8,3,liquido,0.567161996999971,100,4040,60,40,,2026-09-03T21:11:21,4ce1241a29
E03_PMPC,Calibracion combinada de PM y PC,small,4,8,16,3,22400.0,PM=0.1_PC=1,40,100,,1.0,0.1,3,True,A,0.5,nogood,8,0.15,,,,,,101,0,False,,102694.79463170732,15900.0,73073.17073170732,13721.6239,5201443.390243912,5304138.18487562,0,0.0,0,520.144,8,3,liquido,0.5785480779999261,100,4040,38,62,,2026-09-03T21:11:21,c032d66d6c
E03_PMPC,Calibracion combinada de PM y PC,small,4,8,16,3,22400.0,PM=0.1_PC=1,40,100,,1.0,0.1,3,True,A,0.5,nogood,8,0.15,,,,,,202,1,True,4.723954763501743,105816.58670243903,21100.0,72390.24390243903,12326.3428,0.0,105816.58670243903,0,0.0,0,0.0,8,4,liquido,0.5767791470000248,100,4040,100,0,,2026-09-03T21:11:22,c032d66d6c
E03_PMPC,Calibracion combinada de PM y PC,small,4,8,16,3,22400.0,PM=0.1_PC=1,40,100,,1.0,0.1,3,True,A,0.5,nogood,8,0.15,,,,,,303,2,True,4.632003291594077,103756.87373170732,21100.0,73073.17073170733,9583.703,0.0,103756.87373170732,0,0.0,0,0.0,8,4,liquido,0.6071803680000585,100,4040,70,30,,2026-09-03T21:11:23,c032d66d6c
E03_PMPC,Calibracion combinada de PM y PC,small,4,8,16,3,22400.0,PM=0.1_PC=1,40,100,,1.0,0.1,3,True,A,0.5,nogood,8,0.15,,,,,,404,3,True,4.673885669751742,104695.03900243904,21100.0,72390.24390243903,11204.795100000003,0.0,104695.03900243904,0,0.0,0,0.0,8,4,liquido,0.5951200079999808,100,4040,58,42,,2026-09-03T21:11:23,c032d66d6c
E03_PMPC,Calibracion combinada de PM y PC,small,4,8,16,3,22400.0,PM=0.1_PC=1,40,100,,1.0,0.1,3,True,A,0.5,nogood,8,0.15,,,,,,505,4,True,4.786193471091028,107210.73375243903,21100.0,72390.24390243903,13720.48985,0.0,107210.73375243903,0,0.0,0,0.0,8,4,liquido,0.8695418519999976,100,4040,81,19,,2026-09-03T21:11:24,c032d66d6c
E03_PMPC,Calibracion combinada de PM y PC,small,4,8,16,3,22400.0,PM=0.1_PC=1,40,100,,1.0,0.1,3,True,A,0.5,nogood,8,0.15,,,,,,606,5,True,4.632003291594077,103756.87373170732,21100.0,73073.17073170733,9583.703,0.0,103756.87373170732,0,0.0,0,0.0,8,4,liquido,0.8758850210000446,100,4040,80,20,,2026-09-03T21:11:25,c032d66d6c
E03_PMPC,Calibracion combinada de PM y PC,small,4,8,16,3,22400.0,PM=0.1_PC=1,40,100,,1.0,0.1,3,True,A,0.5,nogood,8,0.15,,,,,,707,6,False,,102334.82533170731,15900.0,73073.17073170732,13361.6546,5201443.390243912,5303778.21557562,0,0.0,0,520.144,8,3,liquido,0.911935652000011,100,4040,45,55,,2026-09-03T21:11:26,c032d66d6c
E03_PMPC,Calibracion combinada de PM y PC,small,4,8,16,3,22400.0,PM=0.1_PC=1,40,100,,1.0,0.1,3,True,A,0.5,nogood,8,0.15,,,,,,808,7,True,4.608414470165505,103228.48413170733,21100.0,73073.17073170733,9055.313400000001,0.0,103228.48413170733,0,0.0,0,0.0,8,4,liquido,0.5644807180000271,100,4040,95,5,,2026-09-03T21:11:26,c032d66d6c
E03_PMPC,Calibracion combinada de PM y PC,small,4,8,16,3,22400.0,PM=0.1_PC=1,40,100,,1.0,0.1,3,True,A,0.5,nogood,8,0.15,,,,,,909,8,False,,102434.06673170731,15900.0,73073.17073170732,13460.896,5201443.390243912,5303877.456975619,0,0.0,0,520.144,8,3,liquido,0.5426411769999504,100,4040,89,11,,2026-09-03T21:11:27,c032d66d6c
E03_PMPC,Calibracion combinada de PM y PC,small,4,8,16,3,22400.0,PM=0.1_PC=1,40,100,,1.0,0.1,3,True,A,0.5,nogood,8,0.15,,,,,,1010,9,False,,101351.47818170731,15900.0,73073.17073170732,12378.307449999998,5201443.390243912,5302794.86842562,0,0.0,0,520.144,8,3,liquido,0.5616634579999982,100,4040,73,27,,2026-09-03T21:11:28,c032d66d6c
E03_PMPC,Calibracion combinada de PM y PC,small,4,8,16,3,22400.0,PM=0.1_PC=1,40,100,,1.0,0.1,3,True,A,0.5,nogood,8,0.15,,,,,,1111,10,True,4.696687084930314,105205.79070243903,21100.0,72390.24390243903,11715.546800000002,0.0,105205.79070243903,0,0.0,0,0.0,8,4,liquido,0.6134632079999847,100,4040,99,1,,2026-09-03T21:11:28,c032d66d6c
E03_PMPC,Calibracion combinada de PM y PC,small,4,8,16,3,22400.0,PM=0.1_PC=1,40,100,,1.0,0.1,3,True,A,0.5,nogood,8,0.15,,,,,,1212,11,True,4.7754925425196,106971.03295243903,21100.0,72390.24390243903,13480.789049999998,0.0,106971.03295243903,0,0.0,0,0.0,8,4,liquido,0.5713130379999711,100,4040,75,25,,2026-09-03T21:11:29,c032d66d6c
E03_PMPC,Calibracion combinada de PM y PC,small,4,8,16,3,22400.0,PM=0.1_PC=1,40,100,,1.0,0.1,3,True,A,0.5,nogood,8,0.15,,,,,,1313,12,False,,100289.53933170732,15900.0,73073.17073170732,11316.3686,5502813.3902439,5603102.929575607,0,0.0,0,550.281,8,3,liquido,0.5773536279999689,100,4040,67,33,,2026-09-03T21:11:29,c032d66d6c
E03_PMPC,Calibracion combinada de PM y PC,small,4,8,16,3,22400.0,PM=0.1_PC=1,40,100,,1.0,0.1,3,True,A,0.5,nogood,8,0.15,,,,,,1414,13,True,4.650258609483886,104165.79285243903,21100.0,72390.24390243903,10675.54895,0.0,104165.79285243903,0,0.0,0,0.0,8,4,liquido,0.597387206999997,100,4040,33,67,,2026-09-03T21:11:30,c032d66d6c
E03_PMPC,Calibracion combinada de PM y PC,small,4,8,16,3,22400.0,PM=0.1_PC=1,40,100,,1.0,0.1,3,True,A,0.5,nogood,8,0.15,,,,,,1515,14,True,4.685470799216028,104954.54590243903,21100.0,72390.24390243903,11464.302,0.0,104954.54590243903,0,0.0,0,0.0,8,4,liquido,0.5872844379999833,100,4040,68,32,,2026-09-03T21:11:30,c032d66d6c
E03_PMPC,Calibracion combinada de PM y PC,small,4,8,16,3,22400.0,PM=0.1_PC=1,40,100,,1.0,0.1,3,True,A,0.5,nogood,8,0.15,,,,,,1616,15,True,4.812042318379792,107789.74793170733,21100.0,73073.17073170733,13616.577200000003,0.0,107789.74793170733,0,0.0,0,0.0,8,4,liquido,0.6010769679999157,100,4040,50,50,,2026-09-03T21:11:31,c032d66d6c
E03_PMPC,Calibracion combinada de PM y PC,small,4,8,16,3,22400.0,PM=0.1_PC=1,40,100,,1.0,0.1,3,True,A,0.5,nogood,8,0.15,,,,,,1717,16,False,,99636.86303170731,15900.0,73073.17073170732,10663.692299999999,5502813.3902439,5602450.253275608,0,0.0,0,550.281,8,3,liquido,0.5704739579999796,100,4040,39,61,,2026-09-03T21:11:32,c032d66d6c
E03_PMPC,Calibracion combinada de PM y PC,small,4,8,16,3,22400.0,PM=0.1_PC=1,40,100,,1.0,0.1,3,True,A,0.5,nogood,8,0.15,,,,,,1818,17,True,4.840830281860967,108434.59831368565,21100.0,74856.36856368565,12478.22975,0.0,108434.59831368565,0,0.0,0,0.0,7,4,amoniaco|liquido,0.5792719070000203,100,4040,78,22,,2026-09-03T21:11:32,c032d66d6c
E03_PMPC,Calibracion combinada de PM y PC,small,4,8,16,3,22400.0,PM=0.1_PC=1,40,100,,1.0,0.1,3,True,A,0.5,nogood,8,0.15,,,,,,1919,18,True,4.780177554986934,107075.97723170732,21100.0,73073.17073170733,12902.806499999997,0.0,107075.97723170732,0,0.0,0,0.0,8,4,liquido,0.5775134599999774,100,4040,95,5,,2026-09-03T21:11:33,c032d66d6c
E03_PMPC,Calibracion combinada de PM y PC,small,4,8,16,3,22400.0,PM=0.1_PC=1,40,100,,1.0,0.1,3,True,A,0.5,nogood,8,0.15,,,,,,2020,19,True,4.647745139808363,104109.49113170733,21100.0,73073.17073170733,9936.3204,0.0,104109.49113170733,0,0.0,0,0.0,8,4,liquido,0.6011850800000502,100,4040,56,44,,2026-09-03T21:11:33,c032d66d6c
E03_PMPC,Calibracion combinada de PM y PC,small,4,8,16,3,22400.0,PM=0.2_PC=0.6,40,100,,0.6,0.2,3,True,A,0.5,nogood,8,0.15,,,,,,101,0,False,,102901.65608170732,15900.0,73073.17073170732,13928.485349999999,5201443.390243912,5304345.046325619,0,0.0,0,520.144,8,3,liquido,0.5542718350000087,100,4040,6,94,,2026-09-03T21:11:34,68b8deca34
E03_PMPC,Calibracion combinada de PM y PC,small,4,8,16,3,22400.0,PM=0.2_PC=0.6,40,100,,0.6,0.2,3,True,A,0.5,nogood,8,0.15,,,,,,202,1,True,4.6708262848976485,104626.50878170732,21100.0,73073.17073170733,10453.338049999998,0.0,104626.50878170732,0,0.0,0,0.0,8,4,liquido,0.5662264169999389,100,4040,57,43,,2026-09-03T21:11:35,68b8deca34
E03_PMPC,Calibracion combinada de PM y PC,small,4,8,16,3,22400.0,PM=0.2_PC=0.6,40,100,,0.6,0.2,3,True,A,0.5,nogood,8,0.15,,,,,,303,2,True,4.6128332746624565,103327.46535243903,21100.0,72390.24390243903,9837.22145,0.0,103327.46535243903,0,0.0,0,0.0,8,4,liquido,0.5838014490000205,100,4040,63,37,,2026-09-03T21:11:35,68b8deca34
E03_PMPC,Calibracion combinada de PM y PC,small,4,8,16,3,22400.0,PM=0.2_PC=0.6,40,100,,0.6,0.2,3,True,A,0.5,nogood,8,0.15,,,,,,404,3,True,4.642371302754792,103989.11718170733,21100.0,73073.17073170733,9815.946449999998,0.0,103989.11718170733,0,0.0,0,0.0,8,4,liquido,0.5653909959999055,100,4040,55,45,,2026-09-03T21:11:36,68b8deca34
E03_PMPC,Calibracion combinada de PM y PC,small,4,8,16,3,22400.0,PM=0.2_PC=0.6,40,100,,0.6,0.2,3,True,A,0.5,nogood,8,0.15,,,,,,505,4,True,4.6580591675196,104340.52535243903,21100.0,72390.24390243903,10850.28145,0.0,104340.52535243903,0,0.0,0,0.0,8,4,liquido,0.856538584999953,100,4040,53,47,,2026-09-03T21:11:37,68b8deca34
E03_PMPC,Calibracion combinada de PM y PC,small,4,8,16,3,22400.0,PM=0.2_PC=0.6,40,100,,0.6,0.2,3,True,A,0.5,nogood,8,0.15,,,,,,606,5,True,4.6045534210583625,103141.99663170733,21100.0,73073.17073170733,8968.825900000002,0.0,103141.99663170733,0,0.0,0,0.0,8,4,liquido,0.849202484999978,100,4040,79,21,,2026-09-03T21:11:37,68b8deca34
E03_PMPC,Calibracion combinada de PM y PC,small,4,8,16,3,22400.0,PM=0.2_PC=0.6,40,100,,0.6,0.2,3,True,A,0.5,nogood,8,0.15,,,,,,707,6,False,,104094.86168170732,15900.0,73073.17073170732,15121.690950000002,5201443.390243912,5305538.251925619,0,0.0,0,520.144,8,3,liquido,0.8904326489999903,100,4040,9,91,,2026-09-03T21:11:38,68b8deca34
E03_PMPC,Calibracion combinada de PM y PC,small,4,8,16,3,22400.0,PM=0.2_PC=0.6,40,100,,0.6,0.2,3,True,A,0.5,nogood,8,0.15,,,,,,808,7,True,4.6045534210583625,103141.99663170733,21100.0,73073.17073170733,8968.825900000002,0.0,103141.99663170733,0,0.0,0,0.0,8,4,liquido,0.5585577460000195,100,4040,79,21,,2026-09-03T21:11:39,68b8deca34
E03_PMPC,Calibracion combinada de PM y PC,small,4,8,16,3,22400.0,PM=0.2_PC=0.6,40,100,,0.6,0.2,3,True,A,0.5,nogood,8,0.15,,,,,,909,8,False,,102434.06673170731,15900.0,73073.17073170732,13460.896,5201443.390243912,5303877.456975619,0,0.0,0,520.144,8,3,liquido,0.5647049460000062,100,4040,15,85,,2026-09-03T21:11:39,68b8deca34
E03_PMPC,Calibracion combinada de PM y PC,small,4,8,16,3,22400.0,PM=0.2_PC=0.6,40,100,,0.6,0.2,3,True,A,0.5,nogood,8,0.15,,,,,,1010,9,False,,101209.83848170732,15900.0,73073.17073170732,12236.66775,5201443.390243912,5302653.22872562,0,0.0,0,520.144,8,3,liquido,0.5460116849999395,100,4040,19,81,,2026-09-03T21:11:40,68b8deca34
E03_PMPC,Calibracion combinada de PM y PC,small,4,8,16,3,22400.0,PM=0.2_PC=0.6,40,100,,0.6,0.2,3,True,A,0.5,nogood,8,0.15,,,,,,1111,10,False,,99966.58113170732,15900.0,73073.17073170732,10993.4104,5201443.390243912,5301409.971375619,0,0.0,0,520.144,8,3,liquido,0.5563204759999962,100,4040,12,88,,2026-09-03T21:11:41,68b8deca34
E03_PMPC,Calibracion combinada de PM y PC,small,4,8,16,3,22400.0,PM=0.2_PC=0.6,40,100,,0.6,0.2,3,True,A,0.5,nogood,8,0.15,,,,,,1212,11,True,4.650258609483886,104165.79285243903,21100.0,72390.24390243903,10675.54895,0.0,104165.79285243903,0,0.0,0,0.0,8,4,liquido,0.5528884050000897,100,4040,75,25,,2026-09-03T21:11:41,68b8deca34
E03_PMPC,Calibracion combinada de PM y PC,small,4,8,16,3,22400.0,PM=0.2_PC=0.6,40,100,,0.6,0.2,3,True,A,0.5,nogood,8,0.15,,,,,,1313,12,True,4.696648846091028,105204.93415243903,21100.0,72390.24390243903,11714.69025,0.0,105204.93415243903,0,0.0,0,0.0,8,4,liquido,0.5803290579999612,100,4040,63,37,,2026-09-03T21:11:42,68b8deca34
E03_PMPC,Calibracion combinada de PM y PC,small,4,8,16,3,22400.0,PM=0.2_PC=0.6,40,100,,0.6,0.2,3,True,A,0.5,nogood,8,0.15,,,,,,1414,13,True,4.651656267966028,104197.10040243903,21100.0,72390.24390243903,10706.8565,0.0,104197.10040243903,0,0.0,0,0.0,8,4,liquido,0.5520113359999641,100,4040,25,75,,2026-09-03T21:11:42,68b8deca34
E03_PMPC,Calibracion combinada de PM y PC,small,4,8,16,3,22400.0,PM=0.2_PC=0.6,40,100,,0.6,0.2,3,True,A,0.5,nogood,8,0.15,,,,,,1515,14,True,4.616694323769599,103413.95285243903,21100.0,72390.24390243903,9923.708950000002,0.0,103413.95285243903,0,0.0,0,0.0,8,4,liquido,0.5569819449999613,100,4040,88,12,,2026-09-03T21:11:43,68b8deca34
E03_PMPC,Calibracion combinada de PM y PC,small,4,8,16,3,22400.0,PM=0.2_PC=0.6,40,100,,0.6,0.2,3,True,A,0.5,nogood,8,0.15,,,,,,1616,15,False,,104949.29158170732,15900.0,73073.17073170732,15976.120850000001,5502813.3902439,5607762.681825607,0,0.0,0,550.281,8,3,liquido,0.5491877150000164,100,4040,17,83,,2026-09-03T21:11:43,68b8deca34
E03_PMPC,Calibracion combinada de PM y PC,small,4,8,16,3,22400.0,PM=0.2_PC=0.6,40,100,,0.6,0.2,3,True,A,0.5,nogood,8,0.15,,,,,,1717,16,False,,104882.8044317073,15900.0,73073.17073170732,15909.633699999998,5201443.390243912,5306326.19467562,0,0.0,0,520.144,8,3,liquido,0.5341365129999076,100,4040,25,75,,2026-09-03T21:11:44,68b8deca34
E03_PMPC,Calibracion combinada de PM y PC,small,4,8,16,3,22400.0,PM=0.2_PC=0.6,40,100,,0.6,0.2,3,True,A,0.5,nogood,8,0.15,,,,,,1818,17,True,4.6045534210583625,103141.99663170733,21100.0,73073.17073170733,8968.8259,0.0,103141.99663170733,0,0.0,0,0.0,8,4,liquido,0.5658206070000915,100,4040,46,54,,2026-09-03T21:11:44,68b8deca34
E03_PMPC,Calibracion combinada de PM y PC,small,4,8,16,3,22400.0,PM=0.2_PC=0.6,40,100,,0.6,0.2,3,True,A,0.5,nogood,8,0.15,,,,,,1919,18,False,,101634.10453170731,15900.0,73073.17073170732,12660.933799999999,5201443.390243912,5303077.494775619,0,0.0,0,520.144,8,3,liquido,0.5534879949999549,100,4040,18,82,,2026-09-03T21:11:45,68b8deca34
E03_PMPC,Calibracion combinada de PM y PC,small,4,8,16,3,22400.0,PM=0.2_PC=0.6,40,100,,0.6,0.2,3,True,A,0.5,nogood,8,0.15,,,,,,2020,19,True,4.6045534210583625,103141.99663170733,21100.0,73073.17073170733,8968.8259,0.0,103141.99663170733,0,0.0,0,0.0,8,4,liquido,0.5677491070000542,100,4040,79,21,,2026-09-03T21:11:46,68b8deca34
E03_PMPC,Calibracion combinada de PM y PC,small,4,8,16,3,22400.0,PM=0.2_PC=0.8,40,100,,0.8,0.2,3,True,A,0.5,nogood,8,0.15,,,,,,101,0,False,,102901.65608170732,15900.0,73073.17073170732,13928.485349999999,5201443.390243912,5304345.046325619,0,0.0,0,520.144,8,3,liquido,0.5631382970000232,100,4040,7,93,,2026-09-03T21:11:46,318442ff50
E03_PMPC,Calibracion combinada de PM y PC,small,4,8,16,3,22400.0,PM=0.2_PC=0.8,40,100,,0.8,0.2,3,True,A,0.5,nogood,8,0.15,,,,,,202,1,True,4.6708262848976485,104626.50878170732,21100.0,73073.17073170733,10453.338049999997,0.0,104626.50878170732,0,0.0,0,0.0,8,4,liquido,0.57609525700002,100,4040,37,63,,2026-09-03T21:11:47,318442ff50
E03_PMPC,Calibracion combinada de PM y PC,small,4,8,16,3,22400.0,PM=0.2_PC=0.8,40,100,,0.8,0.2,3,True,A,0.5,nogood,8,0.15,,,,,,303,2,False,,101079.52078170731,15900.0,73073.17073170732,12106.35005,5201443.390243912,5302522.911025619,0,0.0,0,520.144,8,3,liquido,0.5659612260000131,100,4040,19,81,,2026-09-03T21:11:47,318442ff50
E03_PMPC,Calibracion combinada de PM y PC,small,4,8,16,3,22400.0,PM=0.2_PC=0.8,40,100,,0.8,0.2,3,True,A,0.5,nogood,8,0.15,,,,,,404,3,True,4.651656267966028,104197.10040243903,21100.0,72390.24390243903,10706.8565,0.0,104197.10040243903,0,0.0,0,0.0,8,4,liquido,0.5926693989999876,100,4040,88,12,,2026-09-03T21:11:48,318442ff50
E03_PMPC,Calibracion combinada de PM y PC,small,4,8,16,3,22400.0,PM=0.2_PC=0.8,40,100,,0.8,0.2,3,True,A,0.5,nogood,8,0.15,,,,,,505,4,True,4.668049993412457,104564.31985243903,21100.0,72390.24390243903,11074.075950000002,0.0,104564.31985243903,0,0.0,0,0.0,8,4,liquido,0.7494994050000514,100,4040,72,28,,2026-09-03T21:11:49,318442ff50
E03_PMPC,Calibracion combinada de PM y PC,small,4,8,16,3,22400.0,PM=0.2_PC=0.8,40,100,,0.8,0.2,3,True,A,0.5,nogood,8,0.15,,,,,,606,5,True,4.6045534210583625,103141.99663170733,21100.0,73073.17073170733,8968.825900000002,0.0,103141.99663170733,0,0.0,0,0.0,8,4,liquido,0.8737885580000011,100,4040,83,17,,2026-09-03T21:11:49,318442ff50
E03_PMPC,Calibracion combinada de PM y PC,small,4,8,16,3,22400.0,PM=0.2_PC=0.8,40,100,,0.8,0.2,3,True,A,0.5,nogood,8,0.15,,,,,,707,6,False,,102651.14388170732,15900.0,73073.17073170732,13677.973150000003,5201443.390243912,5304094.53412562,0,0.0,0,520.144,8,3,liquido,0.8920699590000822,100,4040,58,42,,2026-09-03T21:11:50,318442ff50
E03_PMPC,Calibracion combinada de PM y PC,small,4,8,16,3,22400.0,PM=0.2_PC=0.8,40,100,,0.8,0.2,3,True,A,0.5,nogood,8,0.15,,,,,,808,7,True,4.6580591675196,104340.52535243903,21100.0,72390.24390243903,10850.28145,0.0,104340.52535243903,0,0.0,0,0.0,8,4,liquido,0.7075181610000527,100,4040,67,33,,2026-09-03T21:11:51,318442ff50
E03_PMPC,Calibracion combinada de PM y PC,small,4,8,16,3,22400.0,PM=0.2_PC=0.8,40,100,,0.8,0.2,3,True,A,0.5,nogood,8,0.15,,,,,,909,8,False,,102434.06673170731,15900.0,73073.17073170732,13460.896,5201443.390243912,5303877.456975619,0,0.0,0,520.144,8,3,liquido,0.5774472580000065,100,4040,20,80,,2026-09-03T21:11:52,318442ff50
E03_PMPC,Calibracion combinada de PM y PC,small,4,8,16,3,22400.0,PM=0.2_PC=0.8,40,100,,0.8,0.2,3,True,A,0.5,nogood,8,0.15,,,,,,1010,9,False,,102173.21673170732,15900.0,73073.17073170732,13200.046,5201443.390243912,5303616.60697562,0,0.0,0,520.144,8,3,liquido,0.5634879460000093,100,4040,60,40,,2026-09-03T21:11:52,318442ff50
E03_PMPC,Calibracion combinada de PM y PC,small,4,8,16,3,22400.0,PM=0.2_PC=0.8,40,100,,0.8,0.2,3,True,A,0.5,nogood,8,0.15,,,,,,1111,10,True,4.608414470165505,103228.48413170733,21100.0,73073.17073170733,9055.313400000001,0.0,103228.48413170733,0,0.0,0,0.0,8,4,liquido,0.5931757800000241,100,4040,77,23,,2026-09-03T21:11:53,318442ff50
E03_PMPC,Calibracion combinada de PM y PC,small,4,8,16,3,22400.0,PM=0.2_PC=0.8,40,100,,0.8,0.2,3,True,A,0.5,nogood,8,0.15,,,,,,1212,11,True,4.6128332746624565,103327.46535243903,21100.0,72390.24390243903,9837.221450000001,0.0,103327.46535243903,0,0.0,0,0.0,8,4,liquido,0.5834108779999951,100,4040,74,26,,2026-09-03T21:11:53,318442ff50
E03_PMPC,Calibracion combinada de PM y PC,small,4,8,16,3,22400.0,PM=0.2_PC=0.8,40,100,,0.8,0.2,3,True,A,0.5,nogood,8,0.15,,,,,,1313,12,True,4.616694323769599,103413.95285243903,21100.0,72390.24390243903,9923.70895,0.0,103413.95285243903,0,0.0,0,0.0,8,4,liquido,0.5946229399999083,100,4040,58,42,,2026-09-03T21:11:54,318442ff50
E03_PMPC,Calibracion combinada de PM y PC,small,4,8,16,3,22400.0,PM=0.2_PC=0.8,40,100,,0.8,0.2,3,True,A,0.5,nogood,8,0.15,,,,,,1414,13,True,4.589244453233886,102799.07575243904,21100.0,72390.24390243903,9308.831850000002,0.0,102799.07575243904,0,0.0,0,0.0,8,4,liquido,0.5791514479999478,100,4040,42,58,,2026-09-03T21:11:55,318442ff50
E03_PMPC,Calibracion combinada de PM y PC,small,4,8,16,3,22400.0,PM=0.2_PC=0.8,40,100,,0.8,0.2,3,True,A,0.5,nogood,8,0.15,,,,,,1515,14,True,4.696687084930314,105205.79070243903,21100.0,72390.24390243903,11715.546800000002,0.0,105205.79070243903,0,0.0,0,0.0,8,4,liquido,0.5798882979999007,100,4040,40,60,,2026-09-03T21:11:55,318442ff50
E03_PMPC,Calibracion combinada de PM y PC,small,4,8,16,3,22400.0,PM=0.2_PC=0.8,40,100,,0.8,0.2,3,True,A,0.5,nogood,8,0.15,,,,,,1616,15,True,4.616694241180314,103413.95100243903,21100.0,72390.24390243903,9923.7071,0.0,103413.95100243903,0,0.0,0,0.0,8,4,liquido,0.5726860480000369,100,4040,77,23,,2026-09-03T21:11:56,318442ff50
E03_PMPC,Calibracion combinada de PM y PC,small,4,8,16,3,22400.0,PM=0.2_PC=0.8,40,100,,0.8,0.2,3,True,A,0.5,nogood,8,0.15,,,,,,1717,16,True,4.608414470165505,103228.48413170733,21100.0,73073.17073170733,9055.313400000001,0.0,103228.48413170733,0,0.0,0,0.0,8,4,liquido,0.5641189259999919,100,4040,95,5,,2026-09-03T21:11:56,318442ff50
E03_PMPC,Calibracion combinada de PM y PC,small,4,8,16,3,22400.0,PM=0.2_PC=0.8,40,100,,0.8,0.2,3,True,A,0.5,nogood,8,0.15,,,,,,1818,17,True,4.589244453233886,102799.07575243904,21100.0,72390.24390243903,9308.83185,0.0,102799.07575243904,0,0.0,0,0.0,8,4,liquido,0.5835675880000508,100,4040,57,43,,2026-09-03T21:11:57,318442ff50
E03_PMPC,Calibracion combinada de PM y PC,small,4,8,16,3,22400.0,PM=0.2_PC=0.8,40,100,,0.8,0.2,3,True,A,0.5,nogood,8,0.15,,,,,,1919,18,False,,102716.29163170732,15900.0,73073.17073170732,13743.120900000004,5201443.390243912,5304159.681875619,0,0.0,0,520.144,8,3,liquido,0.5683393970000452,100,4040,40,60,,2026-09-03T21:11:57,318442ff50
E03_PMPC,Calibracion combinada de PM y PC,small,4,8,16,3,22400.0,PM=0.2_PC=0.8,40,100,,0.8,0.2,3,True,A,0.5,nogood,8,0.15,,,,,,2020,19,True,4.6708262848976485,104626.50878170732,21100.0,73073.17073170733,10453.338049999998,0.0,104626.50878170732,0,0.0,0,0.0,8,4,liquido,0.5789573079999855,100,4040,62,38,,2026-09-03T21:11:58,318442ff50
E03_PMPC,Calibracion combinada de PM y PC,small,4,8,16,3,22400.0,PM=0.2_PC=1,40,100,,1.0,0.2,3,True,A,0.5,nogood,8,0.15,,,,,,101,0,False,,102901.65608170732,15900.0,73073.17073170732,13928.485349999999,5201443.390243912,5304345.046325619,0,0.0,0,520.144,8,3,liquido,0.5823115080000889,100,4040,16,84,,2026-09-03T21:11:59,41bef26273
E03_PMPC,Calibracion combinada de PM y PC,small,4,8,16,3,22400.0,PM=0.2_PC=1,40,100,,1.0,0.2,3,True,A,0.5,nogood,8,0.15,,,,,,202,1,True,4.687219927754791,104993.72638170733,21100.0,73073.17073170733,10820.55565,0.0,104993.72638170733,0,0.0,0,0.0,8,4,liquido,0.5892797489999566,100,4040,63,37,,2026-09-03T21:11:59,41bef26273
E03_PMPC,Calibracion combinada de PM y PC,small,4,8,16,3,22400.0,PM=0.2_PC=1,40,100,,1.0,0.2,3,True,A,0.5,nogood,8,0.15,,,,,,303,2,False,,101559.86403170732,15900.0,73073.17073170732,12586.693299999999,5201443.390243912,5303003.254275619,0,0.0,0,520.144,8,3,liquido,0.592938150000009,100,4040,97,3,,2026-09-03T21:12:00,41bef26273
E03_PMPC,Calibracion combinada de PM y PC,small,4,8,16,3,22400.0,PM=0.2_PC=1,40,100,,1.0,0.2,3,True,A,0.5,nogood,8,0.15,,,,,,404,3,True,4.673885669751742,104695.03900243904,21100.0,72390.24390243903,11204.795100000001,0.0,104695.03900243904,0,0.0,0,0.0,8,4,liquido,0.5881499490000124,100,4040,70,30,,2026-09-03T21:12:00,41bef26273
E03_PMPC,Calibracion combinada de PM y PC,small,4,8,16,3,22400.0,PM=0.2_PC=1,40,100,,1.0,0.2,3,True,A,0.5,nogood,8,0.15,,,,,,505,4,True,4.677190945611934,104769.07718170733,21100.0,73073.17073170733,10595.90645,0.0,104769.07718170733,0,0.0,0,0.0,8,4,liquido,0.7817416179999555,100,4040,84,16,,2026-09-03T21:12:01,41bef26273
E03_PMPC,Calibracion combinada de PM y PC,small,4,8,16,3,22400.0,PM=0.2_PC=1,40,100,,1.0,0.2,3,True,A,0.5,nogood,8,0.15,,,,,,606,5,True,4.632003291594077,103756.87373170732,21100.0,73073.17073170733,9583.703,0.0,103756.87373170732,0,0.0,0,0.0,8,4,liquido,0.885886897999967,100,4040,97,3,,2026-09-03T21:12:02,41bef26273
E03_PMPC,Calibracion combinada de PM y PC,small,4,8,16,3,22400.0,PM=0.2_PC=1,40,100,,1.0,0.2,3,True,A,0.5,nogood,8,0.15,,,,,,707,6,False,,101351.47818170731,15900.0,73073.17073170732,12378.307449999998,5201443.390243912,5302794.86842562,0,0.0,0,520.144,8,3,liquido,0.9851552479999555,100,4040,100,0,,2026-09-03T21:12:03,41bef26273
E03_PMPC,Calibracion combinada de PM y PC,small,4,8,16,3,22400.0,PM=0.2_PC=1,40,100,,1.0,0.2,3,True,A,0.5,nogood,8,0.15,,,,,,808,7,True,4.677190945611934,104769.07718170733,21100.0,73073.17073170733,10595.906449999999,0.0,104769.07718170733,0,0.0,0,0.0,8,4,liquido,0.6138004110000566,100,4040,55,45,,2026-09-03T21:12:04,41bef26273
E03_PMPC,Calibracion combinada de PM y PC,small,4,8,16,3,22400.0,PM=0.2_PC=1,40,100,,1.0,0.2,3,True,A,0.5,nogood,8,0.15,,,,,,909,8,False,,102434.06673170731,15900.0,73073.17073170732,13460.895999999999,5201443.390243912,5303877.456975619,0,0.0,0,520.144,8,3,liquido,0.5851443990000007,100,4040,20,80,,2026-09-03T21:12:04,41bef26273
E03_PMPC,Calibracion combinada de PM y PC,small,4,8,16,3,22400.0,PM=0.2_PC=1,40,100,,1.0,0.2,3,True,A,0.5,nogood,8,0.15,,,,,,1010,9,False,,101209.83848170732,15900.0,73073.17073170732,12236.667750000002,5201443.390243912,5302653.22872562,0,0.0,0,520.144,8,3,liquido,0.5690293870000005,100,4040,31,69,,2026-09-03T21:12:05,41bef26273
E03_PMPC,Calibracion combinada de PM y PC,small,4,8,16,3,22400.0,PM=0.2_PC=1,40,100,,1.0,0.2,3,True,A,0.5,nogood,8,0.15,,,,,,1111,10,False,,100362.71978170732,15900.0,73073.17073170732,11389.54905,5201443.390243912,5301806.110025619,0,0.0,0,520.144,8,3,liquido,0.5798879080000461,100,4040,41,59,,2026-09-03T21:12:05,41bef26273
E03_PMPC,Calibracion combinada de PM y PC,small,4,8,16,3,22400.0,PM=0.2_PC=1,40,100,,1.0,0.2,3,True,A,0.5,nogood,8,0.15,,,,,,1212,11,True,4.766313456772649,106765.42143170733,21100.0,73073.17073170733,12592.250700000004,0.0,106765.42143170733,0,0.0,0,0.0,8,4,liquido,0.5803312079999614,100,4040,55,45,,2026-09-03T21:12:06,41bef26273
E03_PMPC,Calibracion combinada de PM y PC,small,4,8,16,3,22400.0,PM=0.2_PC=1,40,100,,1.0,0.2,3,True,A,0.5,nogood,8,0.15,,,,,,1313,12,True,4.651606188915506,104195.97863170733,21100.0,73073.17073170733,10022.8079,0.0,104195.97863170733,0,0.0,0,0.0,8,4,liquido,0.6032972300000665,100,4040,89,11,,2026-09-03T21:12:07,41bef26273
E03_PMPC,Calibracion combinada de PM y PC,small,4,8,16,3,22400.0,PM=0.2_PC=1,40,100,,1.0,0.2,3,True,A,0.5,nogood,8,0.15,,,,,,1414,13,True,4.614921432219077,103374.24008170734,21100.0,73073.17073170733,9201.06935,0.0,103374.24008170734,0,0.0,0,0.0,8,4,liquido,0.5956824890000689,100,4040,58,42,,2026-09-03T21:12:07,41bef26273
E03_PMPC,Calibracion combinada de PM y PC,small,4,8,16,3,22400.0,PM=0.2_PC=1,40,100,,1.0,0.2,3,True,A,0.5,nogood,8,0.15,,,,,,1515,14,True,4.7501570103440764,106403.51703170732,21100.0,73073.17073170733,12230.346299999996,0.0,106403.51703170732,0,0.0,0,0.0,8,4,liquido,0.6044731700000057,100,4040,70,30,,2026-09-03T21:12:08,41bef26273
E03_PMPC,Calibracion combinada de PM y PC,small,4,8,16,3,22400.0,PM=0.2_PC=1,40,100,,1.0,0.2,3,True,A,0.5,nogood,8,0.15,,,,,,1616,15,False,,103038.90203170732,15900.0,73073.17073170732,14065.731300000001,5502813.3902439,5605852.292275608,0,0.0,0,550.281,8,3,liquido,0.5913626189999377,100,4040,46,54,,2026-09-03T21:12:08,41bef26273
E03_PMPC,Calibracion combinada de PM y PC,small,4,8,16,3,22400.0,PM=0.2_PC=1,40,100,,1.0,0.2,3,True,A,0.5,nogood,8,0.15,,,,,,1717,16,False,,104405.67463170731,15900.0,73073.17073170732,15432.503900000002,5502813.3902439,5607219.064875607,0,0.0,0,550.281,8,3,liquido,0.5779375179999988,100,4040,1,99,,2026-09-03T21:12:09,41bef26273
E03_PMPC,Calibracion combinada de PM y PC,small,4,8,16,3,22400.0,PM=0.2_PC=1,40,100,,1.0,0.2,3,True,A,0.5,nogood,8,0.15,,,,,,1818,17,True,4.650258609483886,104165.79285243903,21100.0,72390.24390243903,10675.548950000002,0.0,104165.79285243903,0,0.0,0,0.0,8,4,liquido,0.596106450000093,100,4040,96,4,,2026-09-03T21:12:10,41bef26273
E03_PMPC,Calibracion combinada de PM y PC,small,4,8,16,3,22400.0,PM=0.2_PC=1,40,100,,1.0,0.2,3,True,A,0.5,nogood,8,0.15,,,,,,1919,18,False,,102204.64453170732,15900.0,73073.17073170732,13231.473800000002,5201443.390243912,5303648.034775619,0,0.0,0,520.144,8,3,liquido,0.5879974590000074,100,4040,37,63,,2026-09-03T21:12:10,41bef26273
E03_PMPC,Calibracion combinada de PM y PC,small,4,8,16,3,22400.0,PM=0.2_PC=1,40,100,,1.0,0.2,3,True,A,0.5,nogood,8,0.15,,,,,,2020,19,True,4.659418587162457,104370.97635243903,21100.0,72390.24390243903,10880.73245,0.0,104370.97635243903,0,0.0,0,0.0,8,4,liquido,0.5967205890000287,100,4040,74,26,,2026-09-03T21:12:11,41bef26273
E03_PMPC,Calibracion combinada de PM y PC,medium,8,18,34,3,38600.0,PM=0.05_PC=0.6,40,100,,0.6,0.05,3,True,A,0.5,nogood,8,0.15,,,,,,101,0,True,4.835608945090358,186654.5052804878,31800.0,124878.0487804878,29976.456500000008,0.0,186654.5052804878,0,0.0,0,0.0,15,6,liquido,0.9620797540000012,100,4040,97,3,,2026-09-03T21:12:12,30b92d9d5c
E03_PMPC,Calibracion combinada de PM y PC,medium,8,18,34,3,38600.0,PM=0.05_PC=0.6,40,100,,0.6,0.05,3,True,A,0.5,nogood,8,0.15,,,,,,202,1,True,4.991946834628671,192689.1478166667,32900.0,134416.6666666667,25372.481149999996,0.0,192689.1478166667,0,0.0,0,0.0,14,6,amoniaco|liquido,1.1968600400000469,100,4040,96,4,,2026-09-03T21:12:14,30b92d9d5c
E03_PMPC,Calibracion combinada de PM y PC,medium,8,18,34,3,38600.0,PM=0.05_PC=0.6,40,100,,0.6,0.05,3,True,A,0.5,nogood,8,0.15,,,,,,303,2,True,4.736585568937192,182832.2029609756,27200.0,129756.09756097561,25876.105400000004,0.0,182832.2029609756,0,0.0,0,0.0,15,5,liquido,1.6479582950000804,100,4040,98,2,,2026-09-03T21:12:15,30b92d9d5c
E03_PMPC,Calibracion combinada de PM y PC,medium,8,18,34,3,38600.0,PM=0.05_PC=0.6,40,100,,0.6,0.05,3,True,A,0.5,nogood,8,0.15,,,,,,404,3,True,4.964305195451928,191622.18054444442,32600.0,131444.44444444444,27577.736099999995,0.0,191622.18054444442,0,0.0,0,0.0,13,6,amoniaco|liquido,1.0507533450000892,100,4040,78,22,,2026-09-03T21:12:16,30b92d9d5c
E03_PMPC,Calibracion combinada de PM y PC,medium,8,18,34,3,38600.0,PM=0.05_PC=0.6,40,100,,0.6,0.05,3,True,A,0.5,nogood,8,0.15,,,,,,505,4,False,,182428.2237853399,27400.0,130250.12973533991,24778.09405,2274593.1053451113,2457021.329130451,0,100.0,0,127.459,17,5,comprimido|liquido,0.992525019000027,100,4040,98,2,,2026-09-03T21:12:17,30b92d9d5c
E03_PMPC,Calibracion combinada de PM y PC,medium,8,18,34,3,38600.0,PM=0.05_PC=0.6,40,100,,0.6,0.05,3,True,A,0.5,nogood,8,0.15,,,,,,606,5,True,4.854319951616187,187376.75013238483,32100.0,129848.23848238483,25428.511649999997,0.0,187376.75013238483,0,0.0,0,0.0,14,6,amoniaco|liquido,1.0229342720000432,100,4040,90,10,,2026-09-03T21:12:18,30b92d9d5c
E03_PMPC,Calibracion combinada de PM y PC,medium,8,18,34,3,38600.0,PM=0.05_PC=0.6,40,100,,0.6,0.05,3,True,A,0.5,nogood,8,0.15,,,,,,707,6,True,4.887868613670191,188671.72848766937,32100.0,130193.76693766938,26377.96155,0.0,188671.72848766937,0,0.0,0,0.0,15,6,amoniaco|liquido,1.0030971710000358,100,4040,98,2,,2026-09-03T21:12:19,30b92d9d5c
E03_PMPC,Calibracion combinada de PM y PC,medium,8,18,34,3,38600.0,PM=0.05_PC=0.6,40,100,,0.6,0.05,3,True,A,0.5,nogood,8,0.15,,,,,,808,7,True,4.6887425358762655,180985.46188482386,26900.0,132238.48238482384,21846.979500000005,0.0,180985.46188482386,0,0.0,0,0.0,13,5,amoniaco|liquido,0.9864777279999544,100,4040,100,0,,2026-09-03T21:12:20,30b92d9d5c
E03_PMPC,Calibracion combinada de PM y PC,medium,8,18,34,3,38600.0,PM=0.05_PC=0.6,40,100,,0.6,0.05,3,True,A,0.5,nogood,8,0.15,,,,,,909,8,True,4.70547628803867,181631.38471829268,27400.0,130926.8292682927,23304.55545,0.0,181631.38471829268,0,0.0,0,0.0,14,5,liquido,0.9881415489999199,100,4040,72,28,,2026-09-03T21:12:21,30b92d9d5c
E03_PMPC,Calibracion combinada de PM y PC,medium,8,18,34,3,38600.0,PM=0.05_PC=0.6,40,100,,0.6,0.05,3,True,A,0.5,nogood,8,0.15,,,,,,1010,9,True,4.785514113863263,184720.84479512196,32900.0,130219.51219512195,21601.3326,0.0,184720.84479512196,0,0.0,0,0.0,17,6,liquido,0.9996590099999594,100,4040,90,10,,2026-09-03T21:12:22,30b92d9d5c
E03_PMPC,Calibracion combinada de PM y PC,medium,8,18,34,3,38600.0,PM=0.05_PC=0.6,40,100,,0.6,0.05,3,True,A,0.5,nogood,8,0.15,,,,,,1111,10,True,4.921769904977042,189980.31833211382,27200.0,136138.21138211383,26642.106949999998,0.0,189980.31833211382,0,0.0,0,0.0,12,5,amoniaco|liquido,0.9111469910000096,100,4040,97,3,,2026-09-03T21:12:23,30b92d9d5c
E03_PMPC,Calibracion combinada de PM y PC,medium,8,18,34,3,38600.0,PM=0.05_PC=0.6,40,100,,0.6,0.05,3,True,A,0.5,nogood,8,0.15,,,,,,1212,11,True,4.81105185756912,185706.60170216803,27200.0,132680.21680216803,25826.384899999997,0.0,185706.60170216803,0,0.0,0,0.0,14,5,amoniaco|liquido,0.9738344869999764,100,4040,83,17,,2026-09-03T21:12:24,30b92d9d5c
E03_PMPC,Calibracion combinada de PM y PC,medium,8,18,34,3,38600.0,PM=0.05_PC=0.6,40,100,,0.6,0.05,3,True,A,0.5,nogood,8,0.15,,,,,,1313,12,False,,187314.4053097561,27100.0,128560.9756097561,31653.429700000008,9787040.512195144,9974354.9175049,0,0.0,0,978.704,16,5,liquido,1.0073881409999785,100,4040,98,2,,2026-09-03T21:12:25,30b92d9d5c
E03_PMPC,Calibracion combinada de PM y PC,medium,8,18,34,3,38600.0,PM=0.05_PC=0.6,40,100,,0.6,0.05,3,True,A,0.5,nogood,8,0.15,,,,,,1414,13,True,4.783646865316568,184648.7690012195,26900.0,133695.1219512195,24053.647050000003,0.0,184648.7690012195,0,0.0,0,0.0,13,5,amoniaco|liquido,1.2833043790000147,100,4040,97,3,,2026-09-03T21:12:27,30b92d9d5c
E03_PMPC,Calibracion combinada de PM y PC,medium,8,18,34,3,38600.0,PM=0.05_PC=0.6,40,100,,0.6,0.05,3,True,A,0.5,nogood,8,0.15,,,,,,1515,14,True,4.769365668927363,184097.5148205962,26900.0,130462.0596205962,26735.4552,0.0,184097.5148205962,0,0.0,0,0.0,14,5,amoniaco|liquido,1.5832164380000222,100,4040,99,1,,2026-09-03T21:12:28,30b92d9d5c
E03_PMPC,Calibracion combinada de PM y PC,medium,8,18,34,3,38600.0,PM=0.05_PC=0.6,40,100,,0.6,0.05,3,True,A,0.5,nogood,8,0.15,,,,,,1616,15,True,4.73146954315683,182634.72436585365,26600.0,126536.58536585365,29498.139000000003,0.0,182634.72436585365,0,0.0,0,0.0,15,5,liquido,1.018905851999989,100,4040,97,3,,2026-09-03T21:12:29,30b92d9d5c
E03_PMPC,Calibracion combinada de PM y PC,medium,8,18,34,3,38600.0,PM=0.05_PC=0.6,40,100,,0.6,0.05,3,True,A,0.5,nogood,8,0.15,,,,,,1717,16,True,4.568231118444332,176333.7211719512,26900.0,128512.19512195123,20921.526049999993,0.0,176333.7211719512,0,0.0,0,0.0,15,5,liquido,0.950825205000001,100,4040,97,3,,2026-09-03T21:12:30,30b92d9d5c
E03_PMPC,Calibracion combinada de PM y PC,medium,8,18,34,3,38600.0,PM=0.05_PC=0.6,40,100,,0.6,0.05,3,True,A,0.5,nogood,8,0.15,,,,,,1818,17,True,4.854401010141539,187379.87899146343,32600.0,127634.14634146342,27145.732649999998,0.0,187379.87899146343,0,0.0,0,0.0,14,6,liquido,0.9973310400000628,100,4040,96,4,,2026-09-03T21:12:31,30b92d9d5c
E03_PMPC,Calibracion combinada de PM y PC,medium,8,18,34,3,38600.0,PM=0.05_PC=0.6,40,100,,0.6,0.05,3,True,A,0.5,nogood,8,0.15,,,,,,1919,18,True,4.847874910095202,187127.9715296748,27200.0,131747.96747967481,28180.004049999996,0.0,187127.9715296748,0,0.0,0,0.0,14,5,amoniaco|liquido,0.9804359379999141,100,4040,56,44,,2026-09-03T21:12:32,30b92d9d5c
E03_PMPC,Calibracion combinada de PM y PC,medium,8,18,34,3,38600.0,PM=0.05_PC=0.6,40,100,,0.6,0.05,3,True,A,0.5,nogood,8,0.15,,,,,,2020,19,True,4.969763090427847,191832.85529051488,27700.0,134899.0514905149,29233.803800000005,0.0,191832.85529051488,0,0.0,0,0.0,15,5,amoniaco|liquido,0.9321533140000611,100,4040,87,13,,2026-09-03T21:12:33,30b92d9d5c
E03_PMPC,Calibracion combinada de PM y PC,medium,8,18,34,3,38600.0,PM=0.05_PC=0.8,40,100,,0.8,0.05,3,True,A,0.5,nogood,8,0.15,,,,,,101,0,True,4.94511124250179,190881.2939605691,32900.0,131691.0569105691,26290.237049999996,0.0,190881.2939605691,0,0.0,0,0.0,15,6,amoniaco|liquido,1.0376802040000257,100,4040,89,11,,2026-09-03T21:12:34,f0300fef2f
E03_PMPC,Calibracion combinada de PM y PC,medium,8,18,34,3,38600.0,PM=0.05_PC=0.8,40,100,,0.8,0.05,3,True,A,0.5,nogood,8,0.15,,,,,,202,1,True,5.1246234173687455,197810.46391043358,32900.0,134586.0433604336,30324.420549999995,0.0,197810.46391043358,0,0.0,0,0.0,14,6,amoniaco|liquido,1.01487948099998,100,4040,78,22,,2026-09-03T21:12:35,f0300fef2f
E03_PMPC,Calibracion combinada de PM y PC,medium,8,18,34,3,38600.0,PM=0.05_PC=0.8,40,100,,0.8,0.05,3,True,A,0.5,nogood,8,0.15,,,,,,303,2,True,4.796695795147227,185152.45769268295,27200.0,129829.26829268293,28123.189400000007,0.0,185152.45769268295,0,0.0,0,0.0,17,5,liquido,1.0691233769999826,100,4040,96,4,,2026-09-03T21:12:36,f0300fef2f
E03_PMPC,Calibracion combinada de PM y PC,medium,8,18,34,3,38600.0,PM=0.05_PC=0.8,40,100,,0.8,0.05,3,True,A,0.5,nogood,8,0.15,,,,,,404,3,True,5.0322310283254,194244.11769336043,27700.0,134104.33604336044,32439.78165,0.0,194244.11769336043,0,0.0,0,0.0,14,5,amoniaco|liquido,1.0667165669999576,100,4040,95,5,,2026-09-03T21:12:37,f0300fef2f
E03_PMPC,Calibracion combinada de PM y PC,medium,8,18,34,3,38600.0,PM=0.05_PC=0.8,40,100,,0.8,0.05,3,True,A,0.5,nogood,8,0.15,,,,,,505,4,False,,187253.03736233065,27400.0,134306.23306233063,25546.804300000007,3213156.121951233,3400409.1593135637,0,0.0,0,321.316,13,5,amoniaco|liquido,1.1485496550000107,100,4040,84,16,,2026-09-03T21:12:38,f0300fef2f
E03_PMPC,Calibracion combinada de PM y PC,medium,8,18,34,3,38600.0,PM=0.05_PC=0.8,40,100,,0.8,0.05,3,True,A,0.5,nogood,8,0.15,,,,,,606,5,True,5.246346808518331,202508.9868088076,38400.0,134075.8807588076,30033.106050000002,0.0,202508.9868088076,0,0.0,0,0.0,12,7,amoniaco|liquido,1.6648956269999644,100,4040,90,10,,2026-09-03T21:12:40,f0300fef2f
E03_PMPC,Calibracion combinada de PM y PC,medium,8,18,34,3,38600.0,PM=0.05_PC=0.8,40,100,,0.8,0.05,3,True,A,0.5,nogood,8,0.15,,,,,,707,6,True,5.087195873085078,196365.76070108401,38100.0,132340.10840108403,25925.652299999998,0.0,196365.76070108401,0,0.0,0,0.0,14,7,amoniaco|liquido,1.2138434729999972,100,4040,52,48,,2026-09-03T21:12:41,f0300fef2f
E03_PMPC,Calibracion combinada de PM y PC,medium,8,18,34,3,38600.0,PM=0.05_PC=0.8,40,100,,0.8,0.05,3,True,A,0.5,nogood,8,0.15,,,,,,808,7,True,4.778447049191204,184448.05609878048,26900.0,128804.87804878049,28743.17805,0.0,184448.05609878048,0,0.0,0,0.0,16,5,liquido,1.0211812799999507,100,4040,99,1,,2026-09-03T21:12:42,f0300fef2f
E03_PMPC,Calibracion combinada de PM y PC,medium,8,18,34,3,38600.0,PM=0.05_PC=0.8,40,100,,0.8,0.05,3,True,A,0.5,nogood,8,0.15,,,,,,909,8,True,4.726445498704663,182440.79625,27400.0,131000.00000000001,24040.796250000003,0.0,182440.79625,0,0.0,0,0.0,15,5,liquido,0.9772790959999611,100,4040,96,4,,2026-09-03T21:12:43,f0300fef2f
E03_PMPC,Calibracion combinada de PM y PC,medium,8,18,34,3,38600.0,PM=0.05_PC=0.8,40,100,,0.8,0.05,3,True,A,0.5,nogood,8,0.15,,,,,,1010,9,True,4.7654608336282065,183946.78817804877,26900.0,133987.80487804877,23058.9833,0.0,183946.78817804877,0,0.0,0,0.0,12,5,amoniaco|liquido,0.9913106569999854,100,4040,99,1,,2026-09-03T21:12:44,f0300fef2f
E03_PMPC,Calibracion combinada de PM y PC,medium,8,18,34,3,38600.0,PM=0.05_PC=0.8,40,100,,0.8,0.05,3,True,A,0.5,nogood,8,0.15,,,,,,1111,10,False,,197137.25946298218,38400.0,133922.8939629822,24814.3655,1000000.0,1197137.2594629822,0,100.0,0,0.0,13,7,amoniaco|comprimido|liquido,1.0406042129999378,100,4040,97,3,,2026-09-03T21:12:45,f0300fef2f
E03_PMPC,Calibracion combinada de PM y PC,medium,8,18,34,3,38600.0,PM=0.05_PC=0.8,40,100,,0.8,0.05,3,True,A,0.5,nogood,8,0.15,,,,,,1212,11,True,4.862174920858082,187679.95194512195,27200.0,129219.51219512195,31260.43975,0.0,187679.95194512195,0,0.0,0,0.0,16,5,liquido,1.021828471000049,100,4040,91,9,,2026-09-03T21:12:46,f0300fef2f
E03_PMPC,Calibracion combinada de PM y PC,medium,8,18,34,3,38600.0,PM=0.05_PC=0.8,40,100,,0.8,0.05,3,True,A,0.5,nogood,8,0.15,,,,,,1313,12,True,5.060079019819706,195319.05016504065,32600.0,134406.50406504064,28312.54610000001,0.0,195319.05016504065,0,0.0,0,0.0,13,6,amoniaco|liquido,1.0336610419999488,100,4040,100,0,,2026-09-03T21:12:47,f0300fef2f
E03_PMPC,Calibracion combinada de PM y PC,medium,8,18,34,3,38600.0,PM=0.05_PC=0.8,40,100,,0.8,0.05,3,True,A,0.5,nogood,8,0.15,,,,,,1414,13,False,,185867.84307655826,26900.0,134582.65582655827,24385.187250000003,774131.7317073299,959999.5747838882,0,0.0,0,77.413,11,5,amoniaco|liquido,0.9357675610000342,100,4040,95,5,,2026-09-03T21:12:48,f0300fef2f
E03_PMPC,Calibracion combinada de PM y PC,medium,8,18,34,3,38600.0,PM=0.05_PC=0.8,40,100,,0.8,0.05,3,True,A,0.5,nogood,8,0.15,,,,,,1515,14,True,4.89220522175534,188839.1215597561,27700.0,131560.9756097561,29578.14595,0.0,188839.1215597561,0,0.0,0,0.0,16,5,liquido,1.091997599000024,100,4040,92,8,,2026-09-03T21:12:49,f0300fef2f
E03_PMPC,Calibracion combinada de PM y PC,medium,8,18,34,3,38600.0,PM=0.05_PC=0.8,40,100,,0.8,0.05,3,True,A,0.5,nogood,8,0.15,,,,,,1616,15,True,5.047192383331929,194821.62599661245,32600.0,131124.66124661246,31096.964749999996,0.0,194821.62599661245,0,0.0,0,0.0,13,6,amoniaco|liquido,1.0467621239999971,100,4040,62,38,,2026-09-03T21:12:50,f0300fef2f
E03_PMPC,Calibracion combinada de PM y PC,medium,8,18,34,3,38600.0,PM=0.05_PC=0.8,40,100,,0.8,0.05,3,True,A,0.5,nogood,8,0.15,,,,,,1717,16,True,4.8755013315640925,188194.35139837398,32100.0,130489.83739837399,25604.514000000006,0.0,188194.35139837398,0,0.0,0,0.0,14,6,amoniaco|liquido,1.5617965339999955,100,4040,98,2,,2026-09-03T21:12:52,f0300fef2f
E03_PMPC,Calibracion combinada de PM y PC,medium,8,18,34,3,38600.0,PM=0.05_PC=0.8,40,100,,0.8,0.05,3,True,A,0.5,nogood,8,0.15,,,,,,1818,17,True,4.953620291422694,191209.743248916,31800.0,131159.891598916,28249.851650000004,0.0,191209.743248916,0,0.0,0,0.0,12,6,amoniaco|liquido,1.3590339899999435,100,4040,98,2,,2026-09-03T21:12:53,f0300fef2f
E03_PMPC,Calibracion combinada de PM y PC,medium,8,18,34,3,38600.0,PM=0.05_PC=0.8,40,100,,0.8,0.05,3,True,A,0.5,nogood,8,0.15,,,,,,1919,18,True,4.801870753096171,185352.2110695122,27700.0,131121.9512195122,26530.25985,0.0,185352.2110695122,0,0.0,0,0.0,14,5,liquido,1.0168252999999368,100,4040,79,21,,2026-09-03T21:12:54,f0300fef2f
E03_PMPC,Calibracion combinada de PM y PC,medium,8,18,34,3,38600.0,PM=0.05_PC=0.8,40,100,,0.8,0.05,3,True,A,0.5,nogood,8,0.15,,,,,,2020,19,True,4.884339463565581,188535.50329363142,27400.0,136064.36314363143,25071.140150000007,0.0,188535.50329363142,0,0.0,0,0.0,13,5,amoniaco|liquido,0.9876649269999689,100,4040,90,10,,2026-09-03T21:12:55,f0300fef2f
E03_PMPC,Calibracion combinada de PM y PC,medium,8,18,34,3,38600.0,PM=0.05_PC=1,40,100,,1.0,0.05,3,True,A,0.5,nogood,8,0.15,,,,,,101,0,True,5.344483817547075,206297.07535731708,38400.0,135170.73170731709,32726.343650000003,0.0,206297.07535731708,0,0.0,0,0.0,13,7,amoniaco|liquido,1.0833247680000113,100,4040,93,7,,2026-09-03T21:12:56,f95fb78e7b
E03_PMPC,Calibracion combinada de PM y PC,medium,8,18,34,3,38600.0,PM=0.05_PC=1,40,100,,1.0,0.05,3,True,A,0.5,nogood,8,0.15,,,,,,202,1,False,,195693.11673617887,27700.0,136038.61788617886,31954.498849999993,323394.60975610564,519087.7264922845,0,0.0,0,32.339,14,5,amoniaco|liquido,1.0603466949999074,100,4040,81,19,,2026-09-03T21:12:58,f95fb78e7b
E03_PMPC,Calibracion combinada de PM y PC,medium,8,18,34,3,38600.0,PM=0.05_PC=1,40,100,,1.0,0.05,3,True,A,0.5,nogood,8,0.15,,,,,,303,2,True,4.9404851377796035,190702.7263182927,27200.0,130926.82926829268,32575.897050000003,0.0,190702.7263182927,0,0.0,0,0.0,16,5,liquido,1.1234352530000251,100,4040,90,10,,2026-09-03T21:12:59,f95fb78e7b
E03_PMPC,Calibracion combinada de PM y PC,medium,8,18,34,3,38600.0,PM=0.05_PC=1,40,100,,1.0,0.05,3,True,A,0.5,nogood,8,0.15,,,,,,404,3,False,,193661.2110222222,32600.0,135722.22222222222,25338.988799999996,1357082.2222222341,1550743.4332444563,0,0.0,0,135.708,11,6,amoniaco|liquido,1.0006584780001049,100,4040,94,6,,2026-09-03T21:13:00,f95fb78e7b
E03_PMPC,Calibracion combinada de PM y PC,medium,8,18,34,3,38600.0,PM=0.05_PC=1,40,100,,1.0,0.05,3,True,A,0.5,nogood,8,0.15,,,,,,505,4,False,,184503.15273346886,27400.0,133688.34688346885,23414.80585,15408278.07317075,15592781.225904219,0,0.0,0,1540.828,13,5,amoniaco|liquido,1.0371567419999792,100,4040,84,16,,2026-09-03T21:13:01,f95fb78e7b
E03_PMPC,Calibracion combinada de PM y PC,medium,8,18,34,3,38600.0,PM=0.05_PC=1,40,100,,1.0,0.05,3,True,A,0.5,nogood,8,0.15,,,,,,606,5,True,5.219408458840585,201469.16651124659,38400.0,133216.1246612466,29853.041849999994,0.0,201469.16651124659,0,0.0,0,0.0,14,7,amoniaco|liquido,1.1312043829999539,100,4040,75,25,,2026-09-03T21:13:02,f95fb78e7b
E03_PMPC,Calibracion combinada de PM y PC,medium,8,18,34,3,38600.0,PM=0.05_PC=1,40,100,,1.0,0.05,3,True,A,0.5,nogood,8,0.15,,,,,,707,6,True,4.846253267039471,187065.3761077236,26900.0,134235.7723577236,25929.60375000001,0.0,187065.3761077236,0,0.0,0,0.0,12,5,amoniaco|liquido,1.0476130839999769,100,4040,98,2,,2026-09-03T21:13:03,f95fb78e7b
E03_PMPC,Calibracion combinada de PM y PC,medium,8,18,34,3,38600.0,PM=0.05_PC=1,40,100,,1.0,0.05,3,True,A,0.5,nogood,8,0.15,,,,,,808,7,False,,184605.70427307847,26900.0,130699.64827307849,27006.055999999997,12000000.0,12184605.704273079,0,1200.0,0,0.0,15,5,amoniaco|comprimido|liquido,1.7551176769999302,100,4040,85,15,,2026-09-03T21:13:05,f95fb78e7b
E03_PMPC,Calibracion combinada de PM y PC,medium,8,18,34,3,38600.0,PM=0.05_PC=1,40,100,,1.0,0.05,3,True,A,0.5,nogood,8,0.15,,,,,,909,8,True,4.7339503683144475,182730.48421693768,27400.0,133876.69376693768,21453.790450000004,0.0,182730.48421693768,0,0.0,0,0.0,13,5,amoniaco|liquido,1.3091861240000071,100,4040,94,6,,2026-09-03T21:13:06,f95fb78e7b
E03_PMPC,Calibracion combinada de PM y PC,medium,8,18,34,3,38600.0,PM=0.05_PC=1,40,100,,1.0,0.05,3,True,A,0.5,nogood,8,0.15,,,,,,1010,9,True,5.041475117587795,194600.93953888887,32600.0,137888.88888888888,24112.050650000005,0.0,194600.93953888887,0,0.0,0,0.0,11,6,amoniaco|liquido,0.9824980960000858,100,4040,84,16,,2026-09-03T21:13:07,f95fb78e7b
E03_PMPC,Calibracion combinada de PM y PC,medium,8,18,34,3,38600.0,PM=0.05_PC=1,40,100,,1.0,0.05,3,True,A,0.5,nogood,8,0.15,,,,,,1111,10,False,,197653.90837669378,32400.0,139187.66937669378,26066.238999999994,774131.7317073299,971785.6400840236,0,0.0,0,77.413,11,6,amoniaco|liquido,1.057242424999913,100,4040,91,9,,2026-09-03T21:13:08,f95fb78e7b
E03_PMPC,Calibracion combinada de PM y PC,medium,8,18,34,3,38600.0,PM=0.05_PC=1,40,100,,1.0,0.05,3,True,A,0.5,nogood,8,0.15,,,,,,1212,11,True,5.176210614747883,199801.7297292683,33200.0,137182.92682926828,29418.802900000002,0.0,199801.7297292683,0,0.0,0,0.0,13,6,amoniaco|liquido,1.0192558200000121,100,4040,72,28,,2026-09-03T21:13:09,f95fb78e7b
E03_PMPC,Calibracion combinada de PM y PC,medium,8,18,34,3,38600.0,PM=0.05_PC=1,40,100,,1.0,0.05,3,True,A,0.5,nogood,8,0.15,,,,,,1313,12,False,,186213.52302317074,27100.0,128707.31707317074,30406.205950000003,17104113.682926856,17290327.205950025,0,0.0,0,1710.411,14,5,liquido,1.0851480090000223,100,4040,80,20,,2026-09-03T21:13:10,f95fb78e7b
E03_PMPC,Calibracion combinada de PM y PC,medium,8,18,34,3,38600.0,PM=0.05_PC=1,40,100,,1.0,0.05,3,True,A,0.5,nogood,8,0.15,,,,,,1414,13,False,,189869.3299004065,26900.0,133065.0406504065,29904.28925,14507966.560975619,14697835.890876025,0,0.0,0,1450.797,12,5,amoniaco|liquido,0.9858408359999657,100,4040,87,13,,2026-09-03T21:13:11,f95fb78e7b
E03_PMPC,Calibracion combinada de PM y PC,medium,8,18,34,3,38600.0,PM=0.05_PC=1,40,100,,1.0,0.05,3,True,A,0.5,nogood,8,0.15,,,,,,1515,14,False,,198249.55971327913,32900.0,134291.32791327912,31058.231799999998,2368650.2682926767,2566899.8280059556,0,0.0,0,236.865,15,6,amoniaco|liquido,1.106001951000053,100,4040,92,8,,2026-09-03T21:13:12,f95fb78e7b
E03_PMPC,Calibracion combinada de PM y PC,medium,8,18,34,3,38600.0,PM=0.05_PC=1,40,100,,1.0,0.05,3,True,A,0.5,nogood,8,0.15,,,,,,1616,15,True,5.038388190800651,194481.78416490514,32600.0,130051.49051490515,31830.293650000007,0.0,194481.78416490514,0,0.0,0,0.0,14,6,amoniaco|liquido,1.080477696999992,100,4040,91,9,,2026-09-03T21:13:13,f95fb78e7b
E03_PMPC,Calibracion combinada de PM y PC,medium,8,18,34,3,38600.0,PM=0.05_PC=1,40,100,,1.0,0.05,3,True,A,0.5,nogood,8,0.15,,,,,,1717,16,True,5.03678425608352,194419.87228482385,32400.0,138238.48238482384,23781.3899,0.0,194419.87228482385,0,0.0,0,0.0,13,6,amoniaco|liquido,1.0144812490000277,100,4040,86,14,,2026-09-03T21:13:14,f95fb78e7b
E03_PMPC,Calibracion combinada de PM y PC,medium,8,18,34,3,38600.0,PM=0.05_PC=1,40,100,,1.0,0.05,3,True,A,0.5,nogood,8,0.15,,,,,,1818,17,False,,195599.14762804017,32600.0,130018.33592804013,32980.811700000006,16078802.056564618,16274401.204192659,0,100.0,0,1507.88,14,6,amoniaco|comprimido|liquido,1.13950790399997,100,4040,90,10,,2026-09-03T21:13:15,f95fb78e7b
E03_PMPC,Calibracion combinada de PM y PC,medium,8,18,34,3,38600.0,PM=0.05_PC=1,40,100,,1.0,0.05,3,True,A,0.5,nogood,8,0.15,,,,,,1919,18,True,4.848067736520073,187135.4146296748,27200.0,131747.96747967481,28187.44715,0.0,187135.4146296748,0,0.0,0,0.0,14,5,amoniaco|liquido,1.6980032609999398,100,4040,78,22,,2026-09-03T21:13:17,f95fb78e7b
E03_PMPC,Calibracion combinada de PM y PC,medium,8,18,34,3,38600.0,PM=0.05_PC=1,40,100,,1.0,0.05,3,True,A,0.5,nogood,8,0.15,,,,,,2020,19,True,5.110547462315879,197267.13204539294,32900.0,138679.53929539295,25687.592749999996,0.0,197267.13204539294,0,0.0,0,0.0,11,6,amoniaco|liquido,1.274547249999955,100,4040,94,6,,2026-09-03T21:13:18,f95fb78e7b
E03_PMPC,Calibracion combinada de PM y PC,medium,8,18,34,3,38600.0,PM=0.1_PC=0.6,40,100,,0.6,0.1,3,True,A,0.5,nogood,8,0.15,,,,,,101,0,True,4.818649842695564,185999.88392804877,26600.0,126487.80487804877,32912.07905000001,0.0,185999.88392804877,0,0.0,0,0.0,15,5,liquido,1.028434821000019,100,4040,92,8,,2026-09-03T21:13:19,6bd1cc040e
E03_PMPC,Calibracion combinada de PM y PC,medium,8,18,34,3,38600.0,PM=0.1_PC=0.6,40,100,,0.6,0.1,3,True,A,0.5,nogood,8,0.15,,,,,,202,1,True,4.801601291956274,185341.8098695122,26900.0,134371.95121951218,24069.85865,0.0,185341.8098695122,0,0.0,0,0.0,14,5,amoniaco|liquido,0.9509025520000023,100,4040,81,19,,2026-09-03T21:13:20,6bd1cc040e
E03_PMPC,Calibracion combinada de PM y PC,medium,8,18,34,3,38600.0,PM=0.1_PC=0.6,40,100,,0.6,0.1,3,True,A,0.5,nogood,8,0.15,,,,,,303,2,True,4.663326409610767,180004.3994109756,27200.0,130756.09756097561,22048.30185,0.0,180004.3994109756,0,0.0,0,0.0,16,5,liquido,1.1051440809999349,100,4040,92,8,,2026-09-03T21:13:22,6bd1cc040e
E03_PMPC,Calibracion combinada de PM y PC,medium,8,18,34,3,38600.0,PM=0.1_PC=0.6,40,100,,0.6,0.1,3,True,A,0.5,nogood,8,0.15,,,,,,404,3,True,4.931298952244548,190348.13955663957,32600.0,131395.66395663956,26352.475600000005,0.0,190348.13955663957,0,0.0,0,0.0,14,6,amoniaco|liquido,0.991289816999938,100,4040,83,17,,2026-09-03T21:13:23,6bd1cc040e
E03_PMPC,Calibracion combinada de PM y PC,medium,8,18,34,3,38600.0,PM=0.1_PC=0.6,40,100,,0.6,0.1,3,True,A,0.5,nogood,8,0.15,,,,,,505,4,False,,186360.926547561,27400.0,130609.75609756098,28351.170450000005,774131.7317073299,960492.6582548908,0,0.0,0,77.413,15,5,liquido,1.0049916390000817,100,4040,43,57,,2026-09-03T21:13:24,6bd1cc040e
E03_PMPC,Calibracion combinada de PM y PC,medium,8,18,34,3,38600.0,PM=0.1_PC=0.6,40,100,,0.6,0.1,3,True,A,0.5,nogood,8,0.15,,,,,,606,5,True,4.7803880532070995,184522.97885379405,27200.0,130940.37940379404,26382.59945,0.0,184522.97885379405,0,0.0,0,0.0,14,5,amoniaco|liquido,1.0203846910000038,100,4040,99,1,,2026-09-03T21:13:25,6bd1cc040e
E03_PMPC,Calibracion combinada de PM y PC,medium,8,18,34,3,38600.0,PM=0.1_PC=0.6,40,100,,0.6,0.1,3,True,A,0.5,nogood,8,0.15,,,,,,707,6,True,4.903605846862407,189279.1856888889,32100.0,128388.8888888889,28790.296799999993,0.0,189279.1856888889,0,0.0,0,0.0,14,6,amoniaco|liquido,0.9706738549999727,100,4040,97,3,,2026-09-03T21:13:26,6bd1cc040e
E03_PMPC,Calibracion combinada de PM y PC,medium,8,18,34,3,38600.0,PM=0.1_PC=0.6,40,100,,0.6,0.1,3,True,A,0.5,nogood,8,0.15,,,,,,808,7,True,4.639073768752546,179068.24747384826,26900.0,131482.38482384826,20685.862650000003,0.0,179068.24747384826,0,0.0,0,0.0,13,5,amoniaco|liquido,0.9787977949999913,100,4040,98,2,,2026-09-03T21:13:27,6bd1cc040e
E03_PMPC,Calibracion combinada de PM y PC,medium,8,18,34,3,38600.0,PM=0.1_PC=0.6,40,100,,0.6,0.1,3,True,A,0.5,nogood,8,0.15,,,,,,909,8,True,4.686212781119677,180887.81335121952,27400.0,130195.12195121952,23292.6914,0.0,180887.81335121952,0,0.0,0,0.0,16,5,liquido,1.0067692780000925,100,4040,53,47,,2026-09-03T21:13:28,6bd1cc040e
E03_PMPC,Calibracion combinada de PM y PC,medium,8,18,34,3,38600.0,PM=0.1_PC=0.6,40,100,,0.6,0.1,3,True,A,0.5,nogood,8,0.15,,,,,,1010,9,True,4.672371379849616,180353.53526219516,26900.0,128951.21951219514,24502.31575,0.0,180353.53526219516,0,0.0,0,0.0,15,5,liquido,1.4461968499999784,100,4040,99,1,,2026-09-03T21:13:29,6bd1cc040e
E03_PMPC,Calibracion combinada de PM y PC,medium,8,18,34,3,38600.0,PM=0.1_PC=0.6,40,100,,0.6,0.1,3,True,A,0.5,nogood,8,0.15,,,,,,1111,10,True,4.853145328639932,187331.40968550136,27200.0,136263.55013550137,23867.859549999997,0.0,187331.40968550136,0,0.0,0,0.0,11,5,amoniaco|liquido,1.3958666149999317,100,4040,99,1,,2026-09-03T21:13:30,6bd1cc040e
E03_PMPC,Calibracion combinada de PM y PC,medium,8,18,34,3,38600.0,PM=0.1_PC=0.6,40,100,,0.6,0.1,3,True,A,0.5,nogood,8,0.15,,,,,,1212,11,True,4.843843586250474,186972.36242926828,33200.0,130682.9268292683,23089.435600000004,0.0,186972.36242926828,0,0.0,0,0.0,16,6,liquido,1.0245026310000185,100,4040,99,1,,2026-09-03T21:13:31,6bd1cc040e
E03_PMPC,Calibracion combinada de PM y PC,medium,8,18,34,3,38600.0,PM=0.1_PC=0.6,40,100,,0.6,0.1,3,True,A,0.5,nogood,8,0.15,,,,,,1313,12,True,4.942363026626367,190775.21282777778,32900.0,132777.77777777778,25097.43505,0.0,190775.21282777778,0,0.0,0,0.0,15,6,amoniaco|liquido,1.0087850990000788,100,4040,98,2,,2026-09-03T21:13:32,6bd1cc040e
E03_PMPC,Calibracion combinada de PM y PC,medium,8,18,34,3,38600.0,PM=0.1_PC=0.6,40,100,,0.6,0.1,3,True,A,0.5,nogood,8,0.15,,,,,,1414,13,True,4.558012058893944,175939.26547330624,26900.0,131562.33062330625,17476.93485,0.0,175939.26547330624,0,0.0,0,0.0,15,5,amoniaco|liquido,0.9760051250000288,100,4040,94,6,,2026-09-03T21:13:33,6bd1cc040e
E03_PMPC,Calibracion combinada de PM y PC,medium,8,18,34,3,38600.0,PM=0.1_PC=0.6,40,100,,0.6,0.1,3,True,A,0.5,nogood,8,0.15,,,,,,1515,14,True,4.738810412928093,182918.08193902439,26900.0,128243.90243902439,27774.179500000006,0.0,182918.08193902439,0,0.0,0,0.0,16,5,liquido,0.9926279659999864,100,4040,100,0,,2026-09-03T21:13:34,6bd1cc040e
E03_PMPC,Calibracion combinada de PM y PC,medium,8,18,34,3,38600.0,PM=0.1_PC=0.6,40,100,,0.6,0.1,3,True,A,0.5,nogood,8,0.15,,,,,,1616,15,True,4.749952739005434,183348.17572560976,32600.0,129097.56097560977,21650.614750000004,0.0,183348.17572560976,0,0.0,0,0.0,17,6,liquido,1.0578825950000237,100,4040,98,2,,2026-09-03T21:13:35,6bd1cc040e
E03_PMPC,Calibracion combinada de PM y PC,medium,8,18,34,3,38600.0,PM=0.1_PC=0.6,40,100,,0.6,0.1,3,True,A,0.5,nogood,8,0.15,,,,,,1717,16,True,4.959822310571915,191449.1411880759,27700.0,134758.8075880759,28990.3336,0.0,191449.1411880759,0,0.0,0,0.0,14,5,amoniaco|liquido,0.9903679569999895,100,4040,97,3,,2026-09-03T21:13:36,6bd1cc040e
E03_PMPC,Calibracion combinada de PM y PC,medium,8,18,34,3,38600.0,PM=0.1_PC=0.6,40,100,,0.6,0.1,3,True,A,0.5,nogood,8,0.15,,,,,,1818,17,True,4.744598348080515,183141.4962359079,31800.0,128078.59078590786,23262.905450000006,0.0,183141.4962359079,0,0.0,0,0.0,14,6,amoniaco|liquido,0.9868402460000425,100,4040,100,0,,2026-09-03T21:13:37,6bd1cc040e
E03_PMPC,Calibracion combinada de PM y PC,medium,8,18,34,3,38600.0,PM=0.1_PC=0.6,40,100,,0.6,0.1,3,True,A,0.5,nogood,8,0.15,,,,,,1919,18,True,4.943372479502787,190814.17770880758,33200.0,134075.8807588076,23538.29695,0.0,190814.17770880758,0,0.0,0,0.0,14,6,amoniaco|liquido,0.984383646000083,100,4040,99,1,,2026-09-03T21:13:38,6bd1cc040e
E03_PMPC,Calibracion combinada de PM y PC,medium,8,18,34,3,38600.0,PM=0.1_PC=0.6,40,100,,0.6,0.1,3,True,A,0.5,nogood,8,0.15,,,,,,2020,19,True,4.836297304347978,186681.07594783197,27700.0,135069.78319783197,23911.292749999997,0.0,186681.07594783197,0,0.0,0,0.0,14,5,amoniaco|liquido,0.9481831619999639,100,4040,73,27,,2026-09-03T21:13:39,6bd1cc040e
E03_PMPC,Calibracion combinada de PM y PC,medium,8,18,34,3,38600.0,PM=0.1_PC=0.8,40,100,,0.8,0.1,3,True,A,0.5,nogood,8,0.15,,,,,,101,0,True,4.96839292313282,191779.96683292685,27700.0,133268.29268292684,30811.67415,0.0,191779.96683292685,0,0.0,0,0.0,14,5,liquido,1.2239345640000465,100,4040,97,3,,2026-09-03T21:13:41,4ce1241a29
E03_PMPC,Calibracion combinada de PM y PC,medium,8,18,34,3,38600.0,PM=0.1_PC=0.8,40,100,,0.8,0.1,3,True,A,0.5,nogood,8,0.15,,,,,,202,1,True,5.111097065841021,197288.3467414634,27700.0,131634.1463414634,37954.200399999994,0.0,197288.3467414634,0,0.0,0,0.0,16,5,liquido,1.7017912620000288,100,4040,99,1,,2026-09-03T21:13:42,4ce1241a29
E03_PMPC,Calibracion combinada de PM y PC,medium,8,18,34,3,38600.0,PM=0.1_PC=0.8,40,100,,0.8,0.1,3,True,A,0.5,nogood,8,0.15,,,,,,303,2,True,4.766484947523064,183986.31897439025,27200.0,129902.43902439025,26883.87995000001,0.0,183986.31897439025,0,0.0,0,0.0,17,5,liquido,1.2324089960000038,100,4040,70,30,,2026-09-03T21:13:44,4ce1241a29
E03_PMPC,Calibracion combinada de PM y PC,medium,8,18,34,3,38600.0,PM=0.1_PC=0.8,40,100,,0.8,0.1,3,True,A,0.5,nogood,8,0.15,,,,,,404,3,True,4.872550476778718,188080.44840365852,32600.0,127585.36585365854,27895.082550000006,0.0,188080.44840365852,0,0.0,0,0.0,15,6,liquido,1.051286785000002,100,4040,83,17,,2026-09-03T21:13:45,4ce1241a29
E03_PMPC,Calibracion combinada de PM y PC,medium,8,18,34,3,38600.0,PM=0.1_PC=0.8,40,100,,0.8,0.1,3,True,A,0.5,nogood,8,0.15,,,,,,505,4,False,,181495.5462853399,27400.0,130250.1297353399,23845.41655,1500461.3736377815,1681956.9199231213,0,100.0,0,50.046,16,5,comprimido|liquido,1.0817829779999784,100,4040,92,8,,2026-09-03T21:13:46,4ce1241a29
E03_PMPC,Calibracion combinada de PM y PC,medium,8,18,34,3,38600.0,PM=0.1_PC=0.8,40,100,,0.8,0.1,3,True,A,0.5,nogood,8,0.15,,,,,,606,5,True,5.050452136894983,194947.45248414634,38400.0,128463.41463414635,28084.037850000004,0.0,194947.45248414634,0,0.0,0,0.0,15,7,liquido,1.1071203799999694,100,4040,94,6,,2026-09-03T21:13:47,4ce1241a29
E03_PMPC,Calibracion combinada de PM y PC,medium,8,18,34,3,38600.0,PM=0.1_PC=0.8,40,100,,0.8,0.1,3,True,A,0.5,nogood,8,0.15,,,,,,707,6,True,5.05879128644144,195269.34365663957,38100.0,129895.66395663958,27273.679699999993,0.0,195269.34365663957,0,0.0,0,0.0,14,7,amoniaco|liquido,1.0241472899999735,100,4040,67,33,,2026-09-03T21:13:48,4ce1241a29
E03_PMPC,Calibracion combinada de PM y PC,medium,8,18,34,3,38600.0,PM=0.1_PC=0.8,40,100,,0.8,0.1,3,True,A,0.5,nogood,8,0.15,,,,,,808,7,True,4.581505214267661,176846.1012707317,26900.0,129317.07317073172,20629.028100000003,0.0,176846.1012707317,0,0.0,0,0.0,16,5,liquido,1.0775485469999921,100,4040,84,16,,2026-09-03T21:13:49,4ce1241a29
E03_PMPC,Calibracion combinada de PM y PC,medium,8,18,34,3,38600.0,PM=0.1_PC=0.8,40,100,,0.8,0.1,3,True,A,0.5,nogood,8,0.15,,,,,,909,8,True,4.691742518734993,181101.26122317073,27400.0,130707.31707317074,22993.94415,0.0,181101.26122317073,0,0.0,0,0.0,16,5,liquido,1.055909144999987,100,4040,90,10,,2026-09-03T21:13:50,4ce1241a29
E03_PMPC,Calibracion combinada de PM y PC,medium,8,18,34,3,38600.0,PM=0.1_PC=0.8,40,100,,0.8,0.1,3,True,A,0.5,nogood,8,0.15,,,,,,1010,9,True,4.890330961550613,188766.77511585367,32900.0,129536.58536585367,26330.18975,0.0,188766.77511585367,0,0.0,0,0.0,16,6,liquido,1.0070384089999607,100,4040,95,5,,2026-09-03T21:13:51,4ce1241a29
E03_PMPC,Calibracion combinada de PM y PC,medium,8,18,34,3,38600.0,PM=0.1_PC=0.8,40,100,,0.8,0.1,3,True,A,0.5,nogood,8,0.15,,,,,,1111,10,True,4.815773042672396,185888.8394471545,26900.0,132294.71544715448,26694.12400000001,0.0,185888.8394471545,0,0.0,0,0.0,13,5,amoniaco|liquido,0.9671604540000089,100,4040,100,0,,2026-09-03T21:13:52,4ce1241a29
E03_PMPC,Calibracion combinada de PM y PC,medium,8,18,34,3,38600.0,PM=0.1_PC=0.8,40,100,,0.8,0.1,3,True,A,0.5,nogood,8,0.15,,,,,,1212,11,True,4.991048873752053,192654.48652682925,33200.0,132292.68292682926,27161.8036,0.0,192654.48652682925,0,0.0,0,0.0,15,6,liquido,1.2663358300000027,100,4040,79,21,,2026-09-03T21:13:53,4ce1241a29
E03_PMPC,Calibracion combinada de PM y PC,medium,8,18,34,3,38600.0,PM=0.1_PC=0.8,40,100,,0.8,0.1,3,True,A,0.5,nogood,8,0.15,,,,,,1313,12,True,5.179875826558266,199943.20690514907,33200.0,137240.51490514906,29502.692000000006,0.0,199943.20690514907,0,0.0,0,0.0,14,6,amoniaco|liquido,1.6959869999999455,100,4040,93,7,,2026-09-03T21:13:55,4ce1241a29
E03_PMPC,Calibracion combinada de PM y PC,medium,8,18,34,3,38600.0,PM=0.1_PC=0.8,40,100,,0.8,0.1,3,True,A,0.5,nogood,8,0.15,,,,,,1414,13,True,4.736127006143196,182814.50243712738,26900.0,132023.71273712738,23890.789700000005,0.0,182814.50243712738,0,0.0,0,0.0,14,5,amoniaco|liquido,1.048498583999958,100,4040,92,8,,2026-09-03T21:13:56,4ce1241a29
E03_PMPC,Calibracion combinada de PM y PC,medium,8,18,34,3,38600.0,PM=0.1_PC=0.8,40,100,,0.8,0.1,3,True,A,0.5,nogood,8,0.15,,,,,,1515,14,True,4.750721647857956,183377.8556073171,27700.0,131170.73170731709,24507.123900000002,0.0,183377.8556073171,0,0.0,0,0.0,16,5,liquido,1.0334761620000563,100,4040,99,1,,2026-09-03T21:13:57,4ce1241a29
E03_PMPC,Calibracion combinada de PM y PC,medium,8,18,34,3,38600.0,PM=0.1_PC=0.8,40,100,,0.8,0.1,3,True,A,0.5,nogood,8,0.15,,,,,,1616,15,True,5.01063236551315,193410.40930880758,32600.0,131075.8807588076,29734.528550000003,0.0,193410.40930880758,0,0.0,0,0.0,13,6,amoniaco|liquido,1.0067162089999329,100,4040,40,60,,2026-09-03T21:13:58,4ce1241a29
E03_PMPC,Calibracion combinada de PM y PC,medium,8,18,34,3,38600.0,PM=0.1_PC=0.8,40,100,,0.8,0.1,3,True,A,0.5,nogood,8,0.15,,,,,,1717,16,True,4.694655569379502,181213.70497804877,26900.0,128487.80487804879,25825.90009999999,0.0,181213.70497804877,0,0.0,0,0.0,15,5,liquido,1.0247309899999664,100,4040,58,42,,2026-09-03T21:13:59,4ce1241a29
E03_PMPC,Calibracion combinada de PM y PC,medium,8,18,34,3,38600.0,PM=0.1_PC=0.8,40,100,,0.8,0.1,3,True,A,0.5,nogood,8,0.15,,,,,,1818,17,True,4.79037180930115,184908.3518390244,31800.0,126243.90243902439,26864.4494,0.0,184908.3518390244,0,0.0,0,0.0,15,6,liquido,1.014845439999931,100,4040,96,4,,2026-09-03T21:14:00,4ce1241a29
E03_PMPC,Calibracion combinada de PM y PC,medium,8,18,34,3,38600.0,PM=0.1_PC=0.8,40,100,,0.8,0.1,3,True,A,0.5,nogood,8,0.15,,,,,,1919,18,True,4.748381076937388,183287.5095697832,27200.0,131831.9783197832,24255.53125,0.0,183287.5095697832,0,0.0,0,0.0,15,5,amoniaco|liquido,0.9955051770000409,100,4040,99,1,,2026-09-03T21:14:01,4ce1241a29
E03_PMPC,Calibracion combinada de PM y PC,medium,8,18,34,3,38600.0,PM=0.1_PC=0.8,40,100,,0.8,0.1,3,True,A,0.5,nogood,8,0.15,,,,,,2020,19,True,4.936457560371822,190547.2618303523,32900.0,139273.0352303523,18374.2266,0.0,190547.2618303523,0,0.0,0,0.0,11,6,amoniaco|liquido,0.9698850039999343,100,4040,99,1,,2026-09-03T21:14:02,4ce1241a29
E03_PMPC,Calibracion combinada de PM y PC,medium,8,18,34,3,38600.0,PM=0.1_PC=1,40,100,,1.0,0.1,3,True,A,0.5,nogood,8,0.15,,,,,,101,0,True,5.1085781680918885,197191.1172883469,32600.0,133718.8346883469,30872.282600000002,0.0,197191.1172883469,0,0.0,0,0.0,15,6,amoniaco|liquido,1.0619518959999823,100,4040,99,1,,2026-09-03T21:14:03,c032d66d6c
E03_PMPC,Calibracion combinada de PM y PC,medium,8,18,34,3,38600.0,PM=0.1_PC=1,40,100,,1.0,0.1,3,True,A,0.5,nogood,8,0.15,,,,,,202,1,True,4.975040216215931,192036.55234593496,27700.0,136349.59349593497,27986.95885,0.0,192036.55234593496,0,0.0,0,0.0,13,5,amoniaco|liquido,1.0606254450000279,100,4040,100,0,,2026-09-03T21:14:04,c032d66d6c
E03_PMPC,Calibracion combinada de PM y PC,medium,8,18,34,3,38600.0,PM=0.1_PC=1,40,100,,1.0,0.1,3,True,A,0.5,nogood,8,0.15,,,,,,303,2,True,4.963205566830953,191579.7348796748,27200.0,131747.9674796748,32631.767400000004,0.0,191579.7348796748,0,0.0,0,0.0,17,5,amoniaco|liquido,1.3064689039999848,100,4040,98,2,,2026-09-03T21:14:05,c032d66d6c
E03_PMPC,Calibracion combinada de PM y PC,medium,8,18,34,3,38600.0,PM=0.1_PC=1,40,100,,1.0,0.1,3,True,A,0.5,nogood,8,0.15,,,,,,404,3,False,,189079.37801549042,27700.0,132318.8894654904,29060.488550000013,12000000.0,12189079.37801549,0,1200.0,0,0.0,16,5,amoniaco|comprimido|liquido,1.8095203130000073,100,4040,75,25,,2026-09-03T21:14:07,c032d66d6c
E03_PMPC,Calibracion combinada de PM y PC,medium,8,18,34,3,38600.0,PM=0.1_PC=1,40,100,,1.0,0.1,3,True,A,0.5,nogood,8,0.15,,,,,,505,4,False,,185593.79614701896,27400.0,132689.70189701897,25504.09425000001,1695835.6097561046,1881429.4059031236,0,0.0,0,169.584,15,5,amoniaco|liquido,1.117004522000002,100,4040,81,19,,2026-09-03T21:14:08,c032d66d6c
E03_PMPC,Calibracion combinada de PM y PC,medium,8,18,34,3,38600.0,PM=0.1_PC=1,40,100,,1.0,0.1,3,True,A,0.5,nogood,8,0.15,,,,,,606,5,True,5.097272005314743,196754.69940514906,32900.0,132240.51490514906,31614.1845,0.0,196754.69940514906,0,0.0,0,0.0,14,6,amoniaco|liquido,1.0720318759999827,100,4040,87,13,,2026-09-03T21:14:09,c032d66d6c
E03_PMPC,Calibracion combinada de PM y PC,medium,8,18,34,3,38600.0,PM=0.1_PC=1,40,100,,1.0,0.1,3,True,A,0.5,nogood,8,0.15,,,,,,707,6,True,5.118037101590912,197556.2321214092,38100.0,135592.1409214092,23864.091200000003,0.0,197556.2321214092,0,0.0,0,0.0,10,7,amoniaco|liquido,1.0162863289999677,100,4040,93,7,,2026-09-03T21:14:10,c032d66d6c
E03_PMPC,Calibracion combinada de PM y PC,medium,8,18,34,3,38600.0,PM=0.1_PC=1,40,100,,1.0,0.1,3,True,A,0.5,nogood,8,0.15,,,,,,808,7,False,,185538.40567926827,21700.0,129682.9268292683,34155.47884999999,7118989.707317123,7304528.112996391,0,0.0,0,711.899,14,4,liquido,1.0635536649999722,100,4040,92,8,,2026-09-03T21:14:12,c032d66d6c
E03_PMPC,Calibracion combinada de PM y PC,medium,8,18,34,3,38600.0,PM=0.1_PC=1,40,100,,1.0,0.1,3,True,A,0.5,nogood,8,0.15,,,,,,909,8,False,,181799.57446612467,27400.0,133746.61246612467,20652.962000000003,6912637.777777782,7094437.352243907,0,0.0,0,691.264,12,5,amoniaco|liquido,1.0158016899999893,100,4040,90,10,,2026-09-03T21:14:13,c032d66d6c
E03_PMPC,Calibracion combinada de PM y PC,medium,8,18,34,3,38600.0,PM=0.1_PC=1,40,100,,1.0,0.1,3,True,A,0.5,nogood,8,0.15,,,,,,1010,9,True,4.897870351162644,189057.79555487807,32900.0,134280.48780487807,21877.307750000004,0.0,189057.79555487807,0,0.0,0,0.0,14,6,amoniaco|liquido,1.0447903440000346,100,4040,97,3,,2026-09-03T21:14:14,c032d66d6c
E03_PMPC,Calibracion combinada de PM y PC,medium,8,18,34,3,38600.0,PM=0.1_PC=1,40,100,,1.0,0.1,3,True,A,0.5,nogood,8,0.15,,,,,,1111,10,True,5.152025160997374,198868.17121449864,33200.0,138736.44986449866,26931.721349999993,0.0,198868.17121449864,0,0.0,0,0.0,12,6,amoniaco|liquido,1.0303273420000778,100,4040,91,9,,2026-09-03T21:14:15,c032d66d6c
E03_PMPC,Calibracion combinada de PM y PC,medium,8,18,34,3,38600.0,PM=0.1_PC=1,40,100,,1.0,0.1,3,True,A,0.5,nogood,8,0.15,,,,,,1212,11,True,4.978072946136457,192153.61572086724,27700.0,134672.08672086723,29781.529,0.0,192153.61572086724,0,0.0,0,0.0,14,5,amoniaco|liquido,1.031653342000027,100,4040,97,3,,2026-09-03T21:14:16,c032d66d6c
E03_PMPC,Calibracion combinada de PM y PC,medium,8,18,34,3,38600.0,PM=0.1_PC=1,40,100,,1.0,0.1,3,True,A,0.5,nogood,8,0.15,,,,,,1313,12,True,5.361921180760914,206970.15757737128,43600.0,137212.73712737128,26157.420450000005,0.0,206970.15757737128,0,0.0,0,0.0,15,8,amoniaco|liquido,1.1253162329999213,100,4040,95,5,,2026-09-03T21:14:17,c032d66d6c
E03_PMPC,Calibracion combinada de PM y PC,medium,8,18,34,3,38600.0,PM=0.1_PC=1,40,100,,1.0,0.1,3,True,A,0.5,nogood,8,0.15,,,,,,1414,13,False,,184580.78935609758,26900.0,133725.60975609758,23955.179600000003,774131.7317073299,958712.5210634274,0,0.0,0,77.413,11,5,amoniaco|liquido,1.1717180179999787,100,4040,77,23,,2026-09-03T21:14:18,c032d66d6c
E03_PMPC,Calibracion combinada de PM y PC,medium,8,18,34,3,38600.0,PM=0.1_PC=1,40,100,,1.0,0.1,3,True,A,0.5,nogood,8,0.15,,,,,,1515,14,True,5.120898601640058,197666.68602330625,32600.0,140812.33062330625,24254.3554,0.0,197666.68602330625,0,0.0,0,0.0,12,6,amoniaco|liquido,1.6819298880000133,100,4040,100,0,,2026-09-03T21:14:20,c032d66d6c
E03_PMPC,Calibracion combinada de PM y PC,medium,8,18,34,3,38600.0,PM=0.1_PC=1,40,100,,1.0,0.1,3,True,A,0.5,nogood,8,0.15,,,,,,1616,15,False,,197015.98571653117,32600.0,132311.65311653118,32104.332600000005,2368650.2682926767,2565666.2540092077,0,0.0,0,236.865,14,6,amoniaco|liquido,1.1711318569999776,100,4040,88,12,,2026-09-03T21:14:21,c032d66d6c
E03_PMPC,Calibracion combinada de PM y PC,medium,8,18,34,3,38600.0,PM=0.1_PC=1,40,100,,1.0,0.1,3,True,A,0.5,nogood,8,0.15,,,,,,1717,16,True,4.9329471466468675,190411.7598605691,32400.0,135941.0569105691,22070.70294999999,0.0,190411.7598605691,0,0.0,0,0.0,13,6,amoniaco|liquido,1.032044070999973,100,4040,86,14,,2026-09-03T21:14:22,c032d66d6c
E03_PMPC,Calibracion combinada de PM y PC,medium,8,18,34,3,38600.0,PM=0.1_PC=1,40,100,,1.0,0.1,3,True,A,0.5,nogood,8,0.15,,,,,,1818,17,True,4.912569992027888,189625.20169227646,31800.0,130764.22764227643,27060.974050000008,0.0,189625.20169227646,0,0.0,0,0.0,14,6,amoniaco|liquido,1.043102503,100,4040,97,3,,2026-09-03T21:14:23,c032d66d6c
E03_PMPC,Calibracion combinada de PM y PC,medium,8,18,34,3,38600.0,PM=0.1_PC=1,40,100,,1.0,0.1,3,True,A,0.5,nogood,8,0.15,,,,,,1919,18,True,4.865813715127708,187820.40940392955,27200.0,134295.39295392955,26325.01645000001,0.0,187820.40940392955,0,0.0,0,0.0,13,5,amoniaco|liquido,1.0420266730000094,100,4040,92,8,,2026-09-03T21:14:24,c032d66d6c
E03_PMPC,Calibracion combinada de PM y PC,medium,8,18,34,3,38600.0,PM=0.1_PC=1,40,100,,1.0,0.1,3,True,A,0.5,nogood,8,0.15,,,,,,2020,19,True,5.089883593380092,196469.50670447154,32900.0,137465.44715447153,26104.05955,0.0,196469.50670447154,0,0.0,0,0.0,12,6,amoniaco|liquido,0.9987690839999459,100,4040,95,5,,2026-09-03T21:14:25,c032d66d6c
E03_PMPC,Calibracion combinada de PM y PC,medium,8,18,34,3,38600.0,PM=0.2_PC=0.6,40,100,,0.6,0.2,3,True,A,0.5,nogood,8,0.15,,,,,,101,0,True,4.790409895835966,184909.82197926828,26600.0,126682.9268292683,31626.89515,0.0,184909.82197926828,0,0.0,0,0.0,14,5,liquido,1.0352358210000148,100,4040,78,22,,2026-09-03T21:14:26,68b8deca34
E03_PMPC,Calibracion combinada de PM y PC,medium,8,18,34,3,38600.0,PM=0.2_PC=0.6,40,100,,0.6,0.2,3,True,A,0.5,nogood,8,0.15,,,,,,202,1,True,4.625869335099063,178558.55633482384,26900.0,131488.48238482384,20170.073949999998,0.0,178558.55633482384,0,0.0,0,0.0,14,5,amoniaco|liquido,0.9847569989999556,100,4040,93,7,,2026-09-03T21:14:27,68b8deca34
E03_PMPC,Calibracion combinada de PM y PC,medium,8,18,34,3,38600.0,PM=0.2_PC=0.6,40,100,,0.6,0.2,3,True,A,0.5,nogood,8,0.15,,,,,,303,2,True,4.615931667445976,178174.96236341467,27200.0,130146.34146341465,20828.620899999998,0.0,178174.96236341467,0,0.0,0,0.0,16,5,liquido,1.0040690399999903,100,4040,96,4,,2026-09-03T21:14:28,68b8deca34
E03_PMPC,Calibracion combinada de PM y PC,medium,8,18,34,3,38600.0,PM=0.2_PC=0.6,40,100,,0.6,0.2,3,True,A,0.5,nogood,8,0.15,,,,,,404,3,True,4.865752806296249,187818.05832303522,27700.0,133852.30352303523,26265.754800000002,0.0,187818.05832303522,0,0.0,0,0.0,13,5,amoniaco|liquido,1.0311643210000057,100,4040,99,1,,2026-09-03T21:14:29,68b8deca34
E03_PMPC,Calibracion combinada de PM y PC,medium,8,18,34,3,38600.0,PM=0.2_PC=0.6,40,100,,0.6,0.2,3,True,A,0.5,nogood,8,0.15,,,,,,505,4,True,4.797227963670894,185172.9993976965,28000.0,135964.7696476965,21208.229749999995,0.0,185172.9993976965,0,0.0,0,0.0,13,5,amoniaco|liquido,1.0268663399999696,100,4040,79,21,,2026-09-03T21:14:30,68b8deca34
E03_PMPC,Calibracion combinada de PM y PC,medium,8,18,34,3,38600.0,PM=0.2_PC=0.6,40,100,,0.6,0.2,3,True,A,0.5,nogood,8,0.15,,,,,,606,5,True,4.825917985214204,186280.43422926828,32900.0,128682.9268292683,24697.5074,0.0,186280.43422926828,0,0.0,0,0.0,15,6,liquido,1.6352637279999271,100,4040,93,7,,2026-09-03T21:14:32,68b8deca34
E03_PMPC,Calibracion combinada de PM y PC,medium,8,18,34,3,38600.0,PM=0.2_PC=0.6,40,100,,0.6,0.2,3,True,A,0.5,nogood,8,0.15,,,,,,707,6,True,4.872437183671033,188076.07528970187,27700.0,135018.97018970188,25357.105099999997,0.0,188076.07528970187,0,0.0,0,0.0,14,5,amoniaco|liquido,1.2268718359999866,100,4040,85,15,,2026-09-03T21:14:33,68b8deca34
E03_PMPC,Calibracion combinada de PM y PC,medium,8,18,34,3,38600.0,PM=0.2_PC=0.6,40,100,,0.6,0.2,3,True,A,0.5,nogood,8,0.15,,,,,,808,7,True,4.612380676639707,178037.8941182927,26900.0,128926.8292682927,22211.064850000002,0.0,178037.8941182927,0,0.0,0,0.0,14,5,liquido,0.9743490390000034,100,4040,100,0,,2026-09-03T21:14:34,68b8deca34
E03_PMPC,Calibracion combinada de PM y PC,medium,8,18,34,3,38600.0,PM=0.2_PC=0.6,40,100,,0.6,0.2,3,True,A,0.5,nogood,8,0.15,,,,,,909,8,True,4.628123673322381,178645.5737902439,27400.0,129439.02439024391,21806.5494,0.0,178645.5737902439,0,0.0,0,0.0,15,5,liquido,1.0003370200000745,100,4040,85,15,,2026-09-03T21:14:35,68b8deca34
E03_PMPC,Calibracion combinada de PM y PC,medium,8,18,34,3,38600.0,PM=0.2_PC=0.6,40,100,,0.6,0.2,3,True,A,0.5,nogood,8,0.15,,,,,,1010,9,True,4.599920810772008,177556.9432957995,26900.0,130994.57994579947,19662.363350000007,0.0,177556.9432957995,0,0.0,0,0.0,15,5,amoniaco|liquido,1.0498356310000645,100,4040,100,0,,2026-09-03T21:14:36,68b8deca34
E03_PMPC,Calibracion combinada de PM y PC,medium,8,18,34,3,38600.0,PM=0.2_PC=0.6,40,100,,0.6,0.2,3,True,A,0.5,nogood,8,0.15,,,,,,1111,10,True,4.787768996924891,184807.8832813008,27200.0,131008.13008130081,26599.75320000001,0.0,184807.8832813008,0,0.0,0,0.0,15,5,amoniaco|liquido,0.9480458990000216,100,4040,99,1,,2026-09-03T21:14:37,68b8deca34
E03_PMPC,Calibracion combinada de PM y PC,medium,8,18,34,3,38600.0,PM=0.2_PC=0.6,40,100,,0.6,0.2,3,True,A,0.5,nogood,8,0.15,,,,,,1212,11,True,4.632405926910008,178810.8687787263,27200.0,132262.8726287263,19347.99615,0.0,178810.8687787263,0,0.0,0,0.0,15,5,amoniaco|liquido,0.9933885299999474,100,4040,99,1,,2026-09-03T21:14:38,68b8deca34
E03_PMPC,Calibracion combinada de PM y PC,medium,8,18,34,3,38600.0,PM=0.2_PC=0.6,40,100,,0.6,0.2,3,True,A,0.5,nogood,8,0.15,,,,,,1313,12,True,4.645900806489321,179331.7711304878,26900.0,130878.0487804878,21553.722350000004,0.0,179331.7711304878,0,0.0,0,0.0,15,5,amoniaco|liquido,1.034055201000001,100,4040,94,6,,2026-09-03T21:14:39,68b8deca34
E03_PMPC,Calibracion combinada de PM y PC,medium,8,18,34,3,38600.0,PM=0.2_PC=0.6,40,100,,0.6,0.2,3,True,A,0.5,nogood,8,0.15,,,,,,1414,13,True,4.520169288923291,174478.53455243903,26900.0,128390.24390243903,19188.290650000006,0.0,174478.53455243903,0,0.0,0,0.0,16,5,liquido,1.0019421499999908,100,4040,83,17,,2026-09-03T21:14:40,68b8deca34
E03_PMPC,Calibracion combinada de PM y PC,medium,8,18,34,3,38600.0,PM=0.2_PC=0.6,40,100,,0.6,0.2,3,True,A,0.5,nogood,8,0.15,,,,,,1515,14,True,4.821335111051434,186103.53528658536,32900.0,129853.65853658537,23349.876750000003,0.0,186103.53528658536,0,0.0,0,0.0,16,6,liquido,1.062059201000011,100,4040,97,3,,2026-09-03T21:14:41,68b8deca34
E03_PMPC,Calibracion combinada de PM y PC,medium,8,18,34,3,38600.0,PM=0.2_PC=0.6,40,100,,0.6,0.2,3,True,A,0.5,nogood,8,0.15,,,,,,1616,15,True,4.887700201661822,188665.22778414632,32600.0,128463.41463414633,27601.81315,0.0,188665.22778414632,0,0.0,0,0.0,15,6,liquido,1.023578569999927,100,4040,83,17,,2026-09-03T21:14:42,68b8deca34
E03_PMPC,Calibracion combinada de PM y PC,medium,8,18,34,3,38600.0,PM=0.2_PC=0.6,40,100,,0.6,0.2,3,True,A,0.5,nogood,8,0.15,,,,,,1717,16,True,4.600893029020458,177594.4709201897,32400.0,129897.0189701897,15297.451950000002,0.0,177594.4709201897,0,0.0,0,0.0,15,6,amoniaco|liquido,1.4811849940000457,100,4040,93,7,,2026-09-03T21:14:43,68b8deca34
E03_PMPC,Calibracion combinada de PM y PC,medium,8,18,34,3,38600.0,PM=0.2_PC=0.6,40,100,,0.6,0.2,3,True,A,0.5,nogood,8,0.15,,,,,,1818,17,True,4.746629450977294,183219.89680772356,26600.0,130235.77235772357,26384.124450000007,0.0,183219.89680772356,0,0.0,0,0.0,14,5,amoniaco|liquido,1.4428586429999086,100,4040,59,41,,2026-09-03T21:14:45,68b8deca34
E03_PMPC,Calibracion combinada de PM y PC,medium,8,18,34,3,38600.0,PM=0.2_PC=0.6,40,100,,0.6,0.2,3,True,A,0.5,nogood,8,0.15,,,,,,1919,18,True,4.5794761458745805,176767.7792307588,27200.0,133588.0758807588,15979.703350000003,0.0,176767.7792307588,0,0.0,0,0.0,14,5,amoniaco|liquido,0.992062619999956,100,4040,73,27,,2026-09-03T21:14:46,68b8deca34
E03_PMPC,Calibracion combinada de PM y PC,medium,8,18,34,3,38600.0,PM=0.2_PC=0.6,40,100,,0.6,0.2,3,True,A,0.5,nogood,8,0.15,,,,,,2020,19,True,4.649957682389738,179488.3665402439,26900.0,127439.0243902439,25149.34215000001,0.0,179488.3665402439,0,0.0,0,0.0,15,5,liquido,1.0137758749999648,100,4040,90,10,,2026-09-03T21:14:47,68b8deca34
E03_PMPC,Calibracion combinada de PM y PC,medium,8,18,34,3,38600.0,PM=0.2_PC=0.8,40,100,,0.8,0.2,3,True,A,0.5,nogood,8,0.15,,,,,,101,0,True,4.833297849709339,186565.2969987805,32600.0,127804.87804878049,26160.418950000007,0.0,186565.2969987805,0,0.0,0,0.0,16,6,liquido,1.105661801999986,100,4040,97,3,,2026-09-03T21:14:48,318442ff50
E03_PMPC,Calibracion combinada de PM y PC,medium,8,18,34,3,38600.0,PM=0.2_PC=0.8,40,100,,0.8,0.2,3,True,A,0.5,nogood,8,0.15,,,,,,202,1,True,4.932952052129407,190411.94921219512,27700.0,130951.21951219512,31760.729699999996,0.0,190411.94921219512,0,0.0,0,0.0,15,5,liquido,1.0540943890000563,100,4040,87,13,,2026-09-03T21:14:49,318442ff50
E03_PMPC,Calibracion combinada de PM y PC,medium,8,18,34,3,38600.0,PM=0.2_PC=0.8,40,100,,0.8,0.2,3,True,A,0.5,nogood,8,0.15,,,,,,303,2,True,4.809732380067259,185655.6698705962,27200.0,130962.0596205962,27493.61025,0.0,185655.6698705962,0,0.0,0,0.0,14,5,amoniaco|liquido,1.0598166689999289,100,4040,93,7,,2026-09-03T21:14:50,318442ff50
E03_PMPC,Calibracion combinada de PM y PC,medium,8,18,34,3,38600.0,PM=0.2_PC=0.8,40,100,,0.8,0.2,3,True,A,0.5,nogood,8,0.15,,,,,,404,3,True,4.640809574845191,179135.24958902437,26600.0,126243.90243902439,26291.347149999998,0.0,179135.24958902437,0,0.0,0,0.0,17,5,liquido,1.0684971399999768,100,4040,90,10,,2026-09-03T21:14:51,318442ff50
E03_PMPC,Calibracion combinada de PM y PC,medium,8,18,34,3,38600.0,PM=0.2_PC=0.8,40,100,,0.8,0.2,3,True,A,0.5,nogood,8,0.15,,,,,,505,4,True,4.927420475423705,190198.43035135503,28000.0,137050.13550135502,25148.294850000006,0.0,190198.43035135503,0,0.0,0,0.0,14,5,amoniaco|liquido,1.0353563689999419,100,4040,100,0,,2026-09-03T21:14:52,318442ff50
E03_PMPC,Calibracion combinada de PM y PC,medium,8,18,34,3,38600.0,PM=0.2_PC=0.8,40,100,,0.8,0.2,3,True,A,0.5,nogood,8,0.15,,,,,,606,5,True,4.791576864621509,184954.86697439023,27200.0,128902.43902439025,28852.427949999998,0.0,184954.86697439023,0,0.0,0,0.0,15,5,liquido,1.0707669009999563,100,4040,60,40,,2026-09-03T21:14:53,318442ff50
E03_PMPC,Calibracion combinada de PM y PC,medium,8,18,34,3,38600.0,PM=0.2_PC=0.8,40,100,,0.8,0.2,3,True,A,0.5,nogood,8,0.15,,,,,,707,6,True,4.902395334467191,189232.4599104336,32300.0,129336.04336043361,27596.416550000005,0.0,189232.4599104336,0,0.0,0,0.0,13,6,amoniaco|liquido,1.0285213780000504,100,4040,85,15,,2026-09-03T21:14:54,318442ff50
E03_PMPC,Calibracion combinada de PM y PC,medium,8,18,34,3,38600.0,PM=0.2_PC=0.8,40,100,,0.8,0.2,3,True,A,0.5,nogood,8,0.15,,,,,,808,7,True,4.749709124591039,183338.7722092141,31800.0,129140.92140921409,22397.850800000004,0.0,183338.7722092141,0,0.0,0,0.0,14,6,amoniaco|liquido,1.5573309879999897,100,4040,100,0,,2026-09-03T21:14:56,318442ff50
E03_PMPC,Calibracion combinada de PM y PC,medium,8,18,34,3,38600.0,PM=0.2_PC=0.8,40,100,,0.8,0.2,3,True,A,0.5,nogood,8,0.15,,,,,,909,8,True,4.73699918002022,182848.16834878048,27400.0,129804.8780487805,25643.290300000008,0.0,182848.16834878048,0,0.0,0,0.0,15,5,liquido,1.5261088080000036,100,4040,97,3,,2026-09-03T21:14:57,318442ff50
E03_PMPC,Calibracion combinada de PM y PC,medium,8,18,34,3,38600.0,PM=0.2_PC=0.8,40,100,,0.8,0.2,3,True,A,0.5,nogood,8,0.15,,,,,,1010,9,True,4.8579128075319105,187515.43437073173,32600.0,129317.07317073172,25598.361200000007,0.0,187515.43437073173,0,0.0,0,0.0,16,6,liquido,1.0460317990000476,100,4040,99,1,,2026-09-03T21:14:59,318442ff50
E03_PMPC,Calibracion combinada de PM y PC,medium,8,18,34,3,38600.0,PM=0.2_PC=0.8,40,100,,0.8,0.2,3,True,A,0.5,nogood,8,0.15,,,,,,1111,10,True,4.8974147927355824,189040.2109995935,32400.0,132684.9593495935,23955.25165,0.0,189040.2109995935,0,0.0,0,0.0,12,6,amoniaco|liquido,1.010276488000045,100,4040,100,0,,2026-09-03T21:15:00,318442ff50
E03_PMPC,Calibracion combinada de PM y PC,medium,8,18,34,3,38600.0,PM=0.2_PC=0.8,40,100,,0.8,0.2,3,True,A,0.5,nogood,8,0.15,,,,,,1212,11,True,4.872458210543129,188076.88692696477,27200.0,131647.69647696477,29229.190450000002,0.0,188076.88692696477,0,0.0,0,0.0,16,5,amoniaco|liquido,1.0224649990000216,100,4040,97,3,,2026-09-03T21:15:01,318442ff50
E03_PMPC,Calibracion combinada de PM y PC,medium,8,18,34,3,38600.0,PM=0.2_PC=0.8,40,100,,0.8,0.2,3,True,A,0.5,nogood,8,0.15,,,,,,1313,12,True,4.868358517566031,187918.63877804877,32600.0,127487.80487804879,27830.8339,0.0,187918.63877804877,0,0.0,0,0.0,15,6,liquido,1.0323822390000714,100,4040,97,3,,2026-09-03T21:15:02,318442ff50
E03_PMPC,Calibracion combinada de PM y PC,medium,8,18,34,3,38600.0,PM=0.2_PC=0.8,40,100,,0.8,0.2,3,True,A,0.5,nogood,8,0.15,,,,,,1414,13,True,4.575694558226968,176621.80994756098,26900.0,128609.75609756098,21112.053850000008,0.0,176621.80994756098,0,0.0,0,0.0,16,5,liquido,1.0147124289999283,100,4040,92,8,,2026-09-03T21:15:03,318442ff50
E03_PMPC,Calibracion combinada de PM y PC,medium,8,18,34,3,38600.0,PM=0.2_PC=0.8,40,100,,0.8,0.2,3,True,A,0.5,nogood,8,0.15,,,,,,1515,14,True,4.827021765196512,186323.04013658536,27700.0,131853.65853658537,26769.381600000008,0.0,186323.04013658536,0,0.0,0,0.0,17,5,liquido,1.078139350000015,100,4040,98,2,,2026-09-03T21:15:04,318442ff50
E03_PMPC,Calibracion combinada de PM y PC,medium,8,18,34,3,38600.0,PM=0.2_PC=0.8,40,100,,0.8,0.2,3,True,A,0.5,nogood,8,0.15,,,,,,1616,15,True,4.757718671518036,183647.9407205962,26600.0,129462.0596205962,27585.881099999995,0.0,183647.9407205962,0,0.0,0,0.0,13,5,amoniaco|liquido,1.0368942989999823,100,4040,92,8,,2026-09-03T21:15:05,318442ff50
E03_PMPC,Calibracion combinada de PM y PC,medium,8,18,34,3,38600.0,PM=0.2_PC=0.8,40,100,,0.8,0.2,3,True,A,0.5,nogood,8,0.15,,,,,,1717,16,True,4.7080009660544535,181728.8372897019,26900.0,132268.9701897019,22559.867099999992,0.0,181728.8372897019,0,0.0,0,0.0,13,5,amoniaco|liquido,1.01889233899999,100,4040,96,4,,2026-09-03T21:15:06,318442ff50
E03_PMPC,Calibracion combinada de PM y PC,medium,8,18,34,3,38600.0,PM=0.2_PC=0.8,40,100,,0.8,0.2,3,True,A,0.5,nogood,8,0.15,,,,,,1818,17,True,4.892459860289678,188848.95060718158,32600.0,135815.71815718157,20433.232450000003,0.0,188848.95060718158,0,0.0,0,0.0,12,6,amoniaco|liquido,0.9775095670000837,100,4040,98,2,,2026-09-03T21:15:07,318442ff50
E03_PMPC,Calibracion combinada de PM y PC,medium,8,18,34,3,38600.0,PM=0.2_PC=0.8,40,100,,0.8,0.2,3,True,A,0.5,nogood,8,0.15,,,,,,1919,18,True,4.724816239549545,182377.90684661246,27200.0,133124.66124661246,22053.245600000006,0.0,182377.90684661246,0,0.0,0,0.0,14,5,amoniaco|liquido,1.3881211719999555,100,4040,99,1,,2026-09-03T21:15:08,318442ff50
E03_PMPC,Calibracion combinada de PM y PC,medium,8,18,34,3,38600.0,PM=0.2_PC=0.8,40,100,,0.8,0.2,3,True,A,0.5,nogood,8,0.15,,,,,,2020,19,True,4.938809452690369,190638.04487384824,27700.0,133732.38482384823,29205.660050000006,0.0,190638.04487384824,0,0.0,0,0.0,15,5,amoniaco|liquido,1.5696355600000516,100,4040,86,14,,2026-09-03T21:15:10,318442ff50
E03_PMPC,Calibracion combinada de PM y PC,medium,8,18,34,3,38600.0,PM=0.2_PC=1,40,100,,1.0,0.2,3,True,A,0.5,nogood,8,0.15,,,,,,101,0,True,5.16998888730921,199561.5710501355,32400.0,130355.01355013551,36806.557499999995,0.0,199561.5710501355,0,0.0,0,0.0,14,6,amoniaco|liquido,1.073744490000081,100,4040,96,4,,2026-09-03T21:15:11,41bef26273
E03_PMPC,Calibracion combinada de PM y PC,medium,8,18,34,3,38600.0,PM=0.2_PC=1,40,100,,1.0,0.2,3,True,A,0.5,nogood,8,0.15,,,,,,202,1,True,4.943209694553267,190807.8942097561,28000.0,137310.9756097561,25496.918600000005,0.0,190807.8942097561,0,0.0,0,0.0,13,5,amoniaco|liquido,1.00153874800003,100,4040,83,17,,2026-09-03T21:15:12,41bef26273
E03_PMPC,Calibracion combinada de PM y PC,medium,8,18,34,3,38600.0,PM=0.2_PC=1,40,100,,1.0,0.2,3,True,A,0.5,nogood,8,0.15,,,,,,303,2,True,5.001752768907003,193067.6568798103,27200.0,133102.9810298103,32764.675850000003,0.0,193067.6568798103,0,0.0,0,0.0,16,5,amoniaco|liquido,1.1250260220000428,100,4040,96,4,,2026-09-03T21:15:13,41bef26273
E03_PMPC,Calibracion combinada de PM y PC,medium,8,18,34,3,38600.0,PM=0.2_PC=1,40,100,,1.0,0.2,3,True,A,0.5,nogood,8,0.15,,,,,,404,3,True,4.984068954140163,192385.06162981028,32600.0,131602.9810298103,28182.080599999994,0.0,192385.06162981028,0,0.0,0,0.0,15,6,amoniaco|liquido,1.068587770000022,100,4040,93,7,,2026-09-03T21:15:14,41bef26273
E03_PMPC,Calibracion combinada de PM y PC,medium,8,18,34,3,38600.0,PM=0.2_PC=1,40,100,,1.0,0.2,3,True,A,0.5,nogood,8,0.15,,,,,,505,4,False,,185188.8900104336,27400.0,131836.0433604336,25952.846650000003,10530229.292682944,10715418.182693377,0,0.0,0,1053.023,15,5,amoniaco|liquido,1.071408631000054,100,4040,92,8,,2026-09-03T21:15:15,41bef26273
E03_PMPC,Calibracion combinada de PM y PC,medium,8,18,34,3,38600.0,PM=0.2_PC=1,40,100,,1.0,0.2,3,True,A,0.5,nogood,8,0.15,,,,,,606,5,True,4.94959474576646,191054.35718658537,32100.0,126853.65853658537,32100.69865000001,0.0,191054.35718658537,0,0.0,0,0.0,16,6,liquido,1.1477442530000417,100,4040,99,1,,2026-09-03T21:15:16,41bef26273
E03_PMPC,Calibracion combinada de PM y PC,medium,8,18,34,3,38600.0,PM=0.2_PC=1,40,100,,1.0,0.2,3,True,A,0.5,nogood,8,0.15,,,,,,707,6,True,4.9051539973636915,189338.9442982385,32600.0,130384.82384823849,26354.120450000002,0.0,189338.9442982385,0,0.0,0,0.0,14,6,amoniaco|liquido,1.039570129000026,100,4040,83,17,,2026-09-03T21:15:17,41bef26273
E03_PMPC,Calibracion combinada de PM y PC,medium,8,18,34,3,38600.0,PM=0.2_PC=1,40,100,,1.0,0.2,3,True,A,0.5,nogood,8,0.15,,,,,,808,7,True,4.901956393898227,189215.51680447155,32100.0,132215.44715447156,24900.06965,0.0,189215.51680447155,0,0.0,0,0.0,14,6,amoniaco|liquido,1.1346200430000408,100,4040,100,0,,2026-09-03T21:15:18,41bef26273
E03_PMPC,Calibracion combinada de PM y PC,medium,8,18,34,3,38600.0,PM=0.2_PC=1,40,100,,1.0,0.2,3,True,A,0.5,nogood,8,0.15,,,,,,909,8,True,4.703493851731329,181554.8626768293,27400.0,131292.6829268293,22862.179750000007,0.0,181554.8626768293,0,0.0,0,0.0,15,5,liquido,1.0487215890000243,100,4040,95,5,,2026-09-03T21:15:19,41bef26273
E03_PMPC,Calibracion combinada de PM y PC,medium,8,18,34,3,38600.0,PM=0.2_PC=1,40,100,,1.0,0.2,3,True,A,0.5,nogood,8,0.15,,,,,,1010,9,True,4.906878151322718,189405.4966410569,26900.0,137569.1056910569,24936.390950000005,0.0,189405.4966410569,0,0.0,0,0.0,13,5,amoniaco|liquido,1.6836783539999942,100,4040,95,5,,2026-09-03T21:15:21,41bef26273
E03_PMPC,Calibracion combinada de PM y PC,medium,8,18,34,3,38600.0,PM=0.2_PC=1,40,100,,1.0,0.2,3,True,A,0.5,nogood,8,0.15,,,,,,1111,10,True,5.036286225971327,194400.64832249322,27200.0,138182.2493224932,29018.398999999998,0.0,194400.64832249322,0,0.0,0,0.0,12,5,amoniaco|liquido,1.4795699249999643,100,4040,100,0,,2026-09-03T21:15:23,41bef26273
E03_PMPC,Calibracion combinada de PM y PC,medium,8,18,34,3,38600.0,PM=0.2_PC=1,40,100,,1.0,0.2,3,True,A,0.5,nogood,8,0.15,,,,,,1212,11,True,5.045001754100144,194737.06770826556,33200.0,136655.82655826557,24881.24115,0.0,194737.06770826556,0,0.0,0,0.0,12,6,amoniaco|liquido,1.0619470300000557,100,4040,100,0,,2026-09-03T21:15:24,41bef26273
E03_PMPC,Calibracion combinada de PM y PC,medium,8,18,34,3,38600.0,PM=0.2_PC=1,40,100,,1.0,0.2,3,True,A,0.5,nogood,8,0.15,,,,,,1313,12,True,5.082541064391227,196186.08508550137,37800.0,130763.55013550135,27622.534950000005,0.0,196186.08508550137,0,0.0,0,0.0,16,7,amoniaco|liquido,1.1835436239999808,100,4040,95,5,,2026-09-03T21:15:25,41bef26273
E03_PMPC,Calibracion combinada de PM y PC,medium,8,18,34,3,38600.0,PM=0.2_PC=1,40,100,,1.0,0.2,3,True,A,0.5,nogood,8,0.15,,,,,,1414,13,False,,192043.46640867207,26900.0,135720.86720867208,29422.5992,624764.6097560937,816808.0761647657,0,0.0,0,62.476,13,5,amoniaco|liquido,1.015639587999999,100,4040,82,18,,2026-09-03T21:15:26,41bef26273
E03_PMPC,Calibracion combinada de PM y PC,medium,8,18,34,3,38600.0,PM=0.2_PC=1,40,100,,1.0,0.2,3,True,A,0.5,nogood,8,0.15,,,,,,1515,14,True,5.006410852651053,193247.45891233065,32900.0,133306.23306233063,27041.225850000006,0.0,193247.45891233065,0,0.0,0,0.0,14,6,amoniaco|liquido,1.115155982000033,100,4040,100,0,,2026-09-03T21:15:27,41bef26273
E03_PMPC,Calibracion combinada de PM y PC,medium,8,18,34,3,38600.0,PM=0.2_PC=1,40,100,,1.0,0.2,3,True,A,0.5,nogood,8,0.15,,,,,,1616,15,True,4.980309176952132,192239.93423035232,32600.0,130523.03523035231,29116.899000000005,0.0,192239.93423035232,0,0.0,0,0.0,15,6,amoniaco|liquido,1.0705781499999603,100,4040,97,3,,2026-09-03T21:15:28,41bef26273
E03_PMPC,Calibracion combinada de PM y PC,medium,8,18,34,3,38600.0,PM=0.2_PC=1,40,100,,1.0,0.2,3,True,A,0.5,nogood,8,0.15,,,,,,1717,16,True,4.756857825147086,183614.7120506775,26900.0,130775.06775067751,25939.6443,0.0,183614.7120506775,0,0.0,0,0.0,13,5,amoniaco|liquido,1.0219180290000622,100,4040,88,12,,2026-09-03T21:15:29,41bef26273
E03_PMPC,Calibracion combinada de PM y PC,medium,8,18,34,3,38600.0,PM=0.2_PC=1,40,100,,1.0,0.2,3,True,A,0.5,nogood,8,0.15,,,,,,1818,17,True,4.848136460543129,187138.06737696478,31800.0,128647.69647696477,26690.370900000005,0.0,187138.06737696478,0,0.0,0,0.0,14,6,amoniaco|liquido,1.0483357100000603,100,4040,97,3,,2026-09-03T21:15:30,41bef26273
E03_PMPC,Calibracion combinada de PM y PC,medium,8,18,34,3,38600.0,PM=0.2_PC=1,40,100,,1.0,0.2,3,True,A,0.5,nogood,8,0.15,,,,,,1919,18,True,4.901464533025822,189196.53097479674,27200.0,131967.47967479675,30029.051300000003,0.0,189196.53097479674,0,0.0,0,0.0,15,5,amoniaco|liquido,1.1138289420000547,100,4040,88,12,,2026-09-03T21:15:31,41bef26273
E03_PMPC,Calibracion combinada de PM y PC,medium,8,18,34,3,38600.0,PM=0.2_PC=1,40,100,,1.0,0.2,3,True,A,0.5,nogood,8,0.15,,,,,,2020,19,True,4.985530407981943,192441.473748103,32900.0,138029.810298103,21511.663450000004,0.0,192441.473748103,0,0.0,0,0.0,13,6,amoniaco|liquido,1.1344096620000528,100,4040,100,0,,2026-09-03T21:15:32,41bef26273
E03_PMPC,Calibracion combinada de PM y PC,large,12,30,55,3,53000.0,PM=0.05_PC=0.6,40,100,,0.6,0.05,3,True,A,0.5,nogood,8,0.15,,,,,,101,0,True,5.183574703576724,274729.4592895664,49400.0,187663.9566395664,37665.50265,0.0,274729.4592895664,0,0.0,0,0.0,19,9,amoniaco|liquido,1.9797542150000709,100,4040,98,2,,2026-09-03T21:15:35,30b92d9d5c
E03_PMPC,Calibracion combinada de PM y PC,large,12,30,55,3,53000.0,PM=0.05_PC=0.6,40,100,,0.6,0.05,3,True,A,0.5,nogood,8,0.15,,,,,,202,1,True,5.054857447941914,267907.44474092143,43600.0,181464.09214092142,42843.352600000006,0.0,267907.44474092143,0,0.0,0,0.0,20,8,amoniaco|liquido,1.5470615780000117,100,4040,94,6,,2026-09-03T21:15:37,30b92d9d5c
E03_PMPC,Calibracion combinada de PM y PC,large,12,30,55,3,53000.0,PM=0.05_PC=0.6,40,100,,0.6,0.05,3,True,A,0.5,nogood,8,0.15,,,,,,303,2,True,5.157164805501866,273329.7346915989,33600.0,186489.15989159892,53240.574800000024,0.0,273329.7346915989,0,0.0,0,0.0,19,6,amoniaco|liquido,1.5444192179999163,100,4040,99,1,,2026-09-03T21:15:38,30b92d9d5c
E03_PMPC,Calibracion combinada de PM y PC,large,12,30,55,3,53000.0,PM=0.05_PC=0.6,40,100,,0.6,0.05,3,True,A,0.5,nogood,8,0.15,,,,,,404,3,True,5.220953461724703,276710.53347140923,44800.0,188092.1409214092,43818.39255000002,0.0,276710.53347140923,0,0.0,0,0.0,19,8,amoniaco|liquido,1.5657005489999847,100,4040,99,1,,2026-09-03T21:15:40,30b92d9d5c
E03_PMPC,Calibracion combinada de PM y PC,large,12,30,55,3,53000.0,PM=0.05_PC=0.6,40,100,,0.6,0.05,3,True,A,0.5,nogood,8,0.15,,,,,,505,4,True,5.210195428598456,276140.35771571816,49700.0,187181.57181571817,39258.78590000001,0.0,276140.35771571816,0,0.0,0,0.0,20,9,amoniaco|liquido,1.5962084000000232,100,4040,97,3,,2026-09-03T21:15:41,30b92d9d5c
E03_PMPC,Calibracion combinada de PM y PC,large,12,30,55,3,53000.0,PM=0.05_PC=0.6,40,100,,0.6,0.05,3,True,A,0.5,nogood,8,0.15,,,,,,606,5,True,5.143275813552693,272593.6181182927,44500.0,181926.8292682927,46166.78885000001,0.0,272593.6181182927,0,0.0,0,0.0,22,8,liquido,1.631320690999928,100,4040,95,5,,2026-09-03T21:15:43,30b92d9d5c
E03_PMPC,Calibracion combinada de PM y PC,large,12,30,55,3,53000.0,PM=0.05_PC=0.6,40,100,,0.6,0.05,3,True,A,0.5,nogood,8,0.15,,,,,,707,6,True,5.230871605821445,277236.1951085366,50000.0,190115.8536585366,37120.34144999999,0.0,277236.1951085366,0,0.0,0,0.0,18,9,amoniaco|liquido,2.023181415999943,100,4040,100,0,,2026-09-03T21:15:45,30b92d9d5c
E03_PMPC,Calibracion combinada de PM y PC,large,12,30,55,3,53000.0,PM=0.05_PC=0.6,40,100,,0.6,0.05,3,True,A,0.5,nogood,8,0.15,,,,,,808,7,True,5.301677043168687,280988.8832879404,50300.0,188653.7940379404,42035.08925,0.0,280988.8832879404,0,0.0,0,0.0,21,9,amoniaco|liquido,2.1981364619999795,100,4040,100,0,,2026-09-03T21:15:47,30b92d9d5c
E03_PMPC,Calibracion combinada de PM y PC,large,12,30,55,3,53000.0,PM=0.05_PC=0.6,40,100,,0.6,0.05,3,True,A,0.5,nogood,8,0.15,,,,,,909,8,True,5.201922138917012,275701.8733626016,38800.0,185016.26016260163,51885.613199999985,0.0,275701.8733626016,0,0.0,0,0.0,21,7,amoniaco|liquido,1.5774813190000714,100,4040,100,0,,2026-09-03T21:15:49,30b92d9d5c
E03_PMPC,Calibracion combinada de PM y PC,large,12,30,55,3,53000.0,PM=0.05_PC=0.6,40,100,,0.6,0.05,3,True,A,0.5,nogood,8,0.15,,,,,,1010,9,True,5.124485849805696,271597.7500397019,49200.0,182268.97018970188,40128.77985,0.0,271597.7500397019,0,0.0,0,0.0,20,9,amoniaco|liquido,1.6317109010000195,100,4040,95,5,,2026-09-03T21:15:50,30b92d9d5c
E03_PMPC,Calibracion combinada de PM y PC,large,12,30,55,3,53000.0,PM=0.05_PC=0.6,40,100,,0.6,0.05,3,True,A,0.5,nogood,8,0.15,,,,,,1111,10,True,5.276129959942732,279634.88787696476,50600.0,184397.69647696477,44637.19140000001,0.0,279634.88787696476,0,0.0,0,0.0,22,9,amoniaco|liquido,1.685649073000036,100,4040,100,0,,2026-09-03T21:15:52,30b92d9d5c
E03_PMPC,Calibracion combinada de PM y PC,large,12,30,55,3,53000.0,PM=0.05_PC=0.6,40,100,,0.6,0.05,3,True,A,0.5,nogood,8,0.15,,,,,,1212,11,True,5.187826191665389,274954.7881582656,44000.0,185905.8265582656,45048.96159999999,0.0,274954.7881582656,0,0.0,0,0.0,18,8,amoniaco|liquido,1.4470895650000557,100,4040,96,4,,2026-09-03T21:15:53,30b92d9d5c
E03_PMPC,Calibracion combinada de PM y PC,large,12,30,55,3,53000.0,PM=0.05_PC=0.6,40,100,,0.6,0.05,3,True,A,0.5,nogood,8,0.15,,,,,,1313,12,True,5.201184176118525,275662.7613342818,39000.0,192818.42818428183,43844.33315,0.0,275662.7613342818,0,0.0,0,0.0,17,7,amoniaco|liquido,1.5155602170000293,100,4040,90,10,,2026-09-03T21:15:55,30b92d9d5c
E03_PMPC,Calibracion combinada de PM y PC,large,12,30,55,3,53000.0,PM=0.05_PC=0.6,40,100,,0.6,0.05,3,True,A,0.5,nogood,8,0.15,,,,,,1414,13,True,5.14306128401084,272582.2480525745,44300.0,190995.25745257453,37286.99060000001,0.0,272582.2480525745,0,0.0,0,0.0,18,8,amoniaco|liquido,1.6991676540000071,100,4040,99,1,,2026-09-03T21:15:57,30b92d9d5c
E03_PMPC,Calibracion combinada de PM y PC,large,12,30,55,3,53000.0,PM=0.05_PC=0.6,40,100,,0.6,0.05,3,True,A,0.5,nogood,8,0.15,,,,,,1515,14,True,4.97171064227131,263500.6640403794,43700.0,185794.0379403794,34006.626099999994,0.0,263500.6640403794,0,0.0,0,0.0,21,8,amoniaco|liquido,2.4641572919999817,100,4040,98,2,,2026-09-03T21:15:59,30b92d9d5c
E03_PMPC,Calibracion combinada de PM y PC,large,12,30,55,3,53000.0,PM=0.05_PC=0.6,40,100,,0.6,0.05,3,True,A,0.5,nogood,8,0.15,,,,,,1616,15,True,5.139761018136729,272407.3339612466,33800.0,186466.1246612466,52141.2093,0.0,272407.3339612466,0,0.0,0,0.0,19,6,amoniaco|liquido,1.5389125780000086,100,4040,90,10,,2026-09-03T21:16:01,30b92d9d5c
E03_PMPC,Calibracion combinada de PM y PC,large,12,30,55,3,53000.0,PM=0.05_PC=0.6,40,100,,0.6,0.05,3,True,A,0.5,nogood,8,0.15,,,,,,1717,16,True,5.049399596778646,267618.17862926825,43700.0,177682.92682926828,46235.25179999999,0.0,267618.17862926825,0,0.0,0,0.0,22,8,liquido,1.6716021630001023,100,4040,81,19,,2026-09-03T21:16:02,30b92d9d5c
E03_PMPC,Calibracion combinada de PM y PC,large,12,30,55,3,53000.0,PM=0.05_PC=0.6,40,100,,0.6,0.05,3,True,A,0.5,nogood,8,0.15,,,,,,1818,17,True,5.191035555496754,275124.88444132794,38800.0,183779.13279132792,52545.75165000002,0.0,275124.88444132794,0,0.0,0,0.0,20,7,amoniaco|liquido,1.5681762389999676,100,4040,99,1,,2026-09-03T21:16:04,30b92d9d5c
E03_PMPC,Calibracion combinada de PM y PC,large,12,30,55,3,53000.0,PM=0.05_PC=0.6,40,100,,0.6,0.05,3,True,A,0.5,nogood,8,0.15,,,,,,1919,18,True,5.06818547832234,268613.830351084,39100.0,184840.10840108403,44673.72194999999,0.0,268613.830351084,0,0.0,0,0.0,21,7,amoniaco|liquido,1.6564231719999043,100,4040,94,6,,2026-09-03T21:16:06,30b92d9d5c
E03_PMPC,Calibracion combinada de PM y PC,large,12,30,55,3,53000.0,PM=0.05_PC=0.6,40,100,,0.6,0.05,3,True,A,0.5,nogood,8,0.15,,,,,,2020,19,True,5.233801996042338,277391.5057902439,44800.0,184939.0243902439,47652.4814,0.0,277391.5057902439,0,0.0,0,0.0,21,8,amoniaco|liquido,1.6094919309999796,100,4040,100,0,,2026-09-03T21:16:07,30b92d9d5c
E03_PMPC,Calibracion combinada de PM y PC,large,12,30,55,3,53000.0,PM=0.05_PC=0.8,40,100,,0.8,0.05,3,True,A,0.5,nogood,8,0.15,,,,,,101,0,True,5.2336621339699345,277384.0931004065,48900.0,187565.04065040653,40919.05245,0.0,277384.0931004065,0,0.0,0,0.0,16,9,amoniaco|liquido,1.5699244589999353,100,4040,90,10,,2026-09-03T21:16:09,f0300fef2f
E03_PMPC,Calibracion combinada de PM y PC,large,12,30,55,3,53000.0,PM=0.05_PC=0.8,40,100,,0.8,0.05,3,True,A,0.5,nogood,8,0.15,,,,,,202,1,True,5.227437687086465,277054.19741558266,44200.0,184076.55826558266,48777.63914999998,0.0,277054.19741558266,0,0.0,0,0.0,20,8,amoniaco|liquido,2.5415516159999925,100,4040,97,3,,2026-09-03T21:16:11,f0300fef2f
E03_PMPC,Calibracion combinada de PM y PC,large,12,30,55,3,53000.0,PM=0.05_PC=0.8,40,100,,0.8,0.05,3,True,A,0.5,nogood,8,0.15,,,,,,303,2,True,5.071741501306438,268802.29956924124,33600.0,186411.92411924122,48790.37545000001,0.0,268802.29956924124,0,0.0,0,0.0,22,6,amoniaco|liquido,1.684209663000047,100,4040,100,0,,2026-09-03T21:16:13,f0300fef2f
E03_PMPC,Calibracion combinada de PM y PC,large,12,30,55,3,53000.0,PM=0.05_PC=0.8,40,100,,0.8,0.05,3,True,A,0.5,nogood,8,0.15,,,,,,404,3,True,5.289189683675922,280327.05323482386,44800.0,185238.48238482384,50288.57085000002,0.0,280327.05323482386,0,0.0,0,0.0,22,8,amoniaco|liquido,1.6888639329999933,100,4040,98,2,,2026-09-03T21:16:15,f0300fef2f
E03_PMPC,Calibracion combinada de PM y PC,large,12,30,55,3,53000.0,PM=0.05_PC=0.8,40,100,,0.8,0.05,3,True,A,0.5,nogood,8,0.15,,,,,,505,4,False,,293956.0781331892,60700.0,188758.85083318918,44497.2273,1000000.0,1293956.0781331891,0,100.0,0,0.0,20,11,amoniaco|comprimido|liquido,1.7873282670000208,100,4040,100,0,,2026-09-03T21:16:16,f0300fef2f
E03_PMPC,Calibracion combinada de PM y PC,large,12,30,55,3,53000.0,PM=0.05_PC=0.8,40,100,,0.8,0.05,3,True,A,0.5,nogood,8,0.15,,,,,,606,5,True,5.472542797622334,290044.76827398373,55500.0,185337.39837398374,49207.36989999999,0.0,290044.76827398373,0,0.0,0,0.0,20,10,amoniaco|liquido,1.6932438940000338,100,4040,98,2,,2026-09-03T21:16:18,f0300fef2f
E03_PMPC,Calibracion combinada de PM y PC,large,12,30,55,3,53000.0,PM=0.05_PC=0.8,40,100,,0.8,0.05,3,True,A,0.5,nogood,8,0.15,,,,,,707,6,True,5.332367835675206,282615.4952907859,43900.0,185609.0785907859,53106.41669999999,0.0,282615.4952907859,0,0.0,0,0.0,20,8,amoniaco|liquido,1.6667848429999594,100,4040,99,1,,2026-09-03T21:16:20,f0300fef2f
E03_PMPC,Calibracion combinada de PM y PC,large,12,30,55,3,53000.0,PM=0.05_PC=0.8,40,100,,0.8,0.05,3,True,A,0.5,nogood,8,0.15,,,,,,808,7,True,5.50252786347855,291633.9767643631,50000.0,191381.43631436315,50252.54045,0.0,291633.9767643631,0,0.0,0,0.0,18,9,amoniaco|liquido,1.790511477999985,100,4040,90,10,,2026-09-03T21:16:22,f0300fef2f
E03_PMPC,Calibracion combinada de PM y PC,large,12,30,55,3,53000.0,PM=0.05_PC=0.8,40,100,,0.8,0.05,3,True,A,0.5,nogood,8,0.15,,,,,,909,8,True,5.343504915429258,283205.7605177507,44300.0,192006.77506775068,46898.98545000001,0.0,283205.7605177507,0,0.0,0,0.0,18,8,amoniaco|liquido,2.413115619999985,100,4040,100,0,,2026-09-03T21:16:24,f0300fef2f
E03_PMPC,Calibracion combinada de PM y PC,large,12,30,55,3,53000.0,PM=0.05_PC=0.8,40,100,,0.8,0.05,3,True,A,0.5,nogood,8,0.15,,,,,,1010,9,True,5.267640237232193,279184.93257330626,55200.0,180562.33062330622,43422.60195000002,0.0,279184.93257330626,0,0.0,0,0.0,20,10,amoniaco|liquido,1.7197947449999447,100,4040,97,3,,2026-09-03T21:16:26,f0300fef2f
E03_PMPC,Calibracion combinada de PM y PC,large,12,30,55,3,53000.0,PM=0.05_PC=0.8,40,100,,0.8,0.05,3,True,A,0.5,nogood,8,0.15,,,,,,1111,10,False,,285579.6938929078,50600.0,189785.4609929078,45194.23290000001,1000000.0,1285579.6938929078,0,100.0,0,0.0,19,9,amoniaco|comprimido|liquido,1.7330691749999687,100,4040,99,1,,2026-09-03T21:16:27,f0300fef2f
E03_PMPC,Calibracion combinada de PM y PC,large,12,30,55,3,53000.0,PM=0.05_PC=0.8,40,100,,0.8,0.05,3,True,A,0.5,nogood,8,0.15,,,,,,1212,11,True,5.147226848197577,272803.0229544716,38500.0,187965.44715447156,46337.575800000006,0.0,272803.0229544716,0,0.0,0,0.0,17,7,amoniaco|liquido,1.5136063070000318,100,4040,97,3,,2026-09-03T21:16:29,f0300fef2f
E03_PMPC,Calibracion combinada de PM y PC,large,12,30,55,3,53000.0,PM=0.05_PC=0.8,40,100,,0.8,0.05,3,True,A,0.5,nogood,8,0.15,,,,,,1313,12,True,5.234092147747609,277406.8838306233,33800.0,198483.0623306233,45123.821500000005,0.0,277406.8838306233,0,0.0,0,0.0,15,6,amoniaco|liquido,1.5107917670000006,100,4040,100,0,,2026-09-03T21:16:31,f0300fef2f
E03_PMPC,Calibracion combinada de PM y PC,large,12,30,55,3,53000.0,PM=0.05_PC=0.8,40,100,,0.8,0.05,3,True,A,0.5,nogood,8,0.15,,,,,,1414,13,True,5.4201209101728285,287266.4082391599,55500.0,191098.9159891599,40667.49225,0.0,287266.4082391599,0,0.0,0,0.0,17,10,amoniaco|liquido,1.6637097520000452,100,4040,97,3,,2026-09-03T21:16:32,f0300fef2f
E03_PMPC,Calibracion combinada de PM y PC,large,12,30,55,3,53000.0,PM=0.05_PC=0.8,40,100,,0.8,0.05,3,True,A,0.5,nogood,8,0.15,,,,,,1515,14,True,5.244948273467301,277982.25849376695,48900.0,185169.37669376694,43912.8818,0.0,277982.25849376695,0,0.0,0,0.0,19,9,amoniaco|liquido,1.738223005000009,100,4040,98,2,,2026-09-03T21:16:34,f0300fef2f
E03_PMPC,Calibracion combinada de PM y PC,large,12,30,55,3,53000.0,PM=0.05_PC=0.8,40,100,,0.8,0.05,3,True,A,0.5,nogood,8,0.15,,,,,,1616,15,True,5.429544036823133,287765.83395162603,50000.0,189760.16260162604,48005.67135,0.0,287765.83395162603,0,0.0,0,0.0,19,9,amoniaco|liquido,2.5416688159999694,100,4040,89,11,,2026-09-03T21:16:36,f0300fef2f
E03_PMPC,Calibracion combinada de PM y PC,large,12,30,55,3,53000.0,PM=0.05_PC=0.8,40,100,,0.8,0.05,3,True,A,0.5,nogood,8,0.15,,,,,,1717,16,True,4.972057573768982,263519.05140975607,44000.0,181060.9756097561,38458.07579999999,0.0,263519.05140975607,0,0.0,0,0.0,22,8,amoniaco|liquido,1.6985470950000945,100,4040,100,0,,2026-09-03T21:16:38,f0300fef2f
E03_PMPC,Calibracion combinada de PM y PC,large,12,30,55,3,53000.0,PM=0.05_PC=0.8,40,100,,0.8,0.05,3,True,A,0.5,nogood,8,0.15,,,,,,1818,17,True,5.299536998760035,280875.4609342819,39000.0,187318.42818428186,54557.03275000001,0.0,280875.4609342819,0,0.0,0,0.0,19,7,amoniaco|liquido,1.6248482720000084,100,4040,96,4,,2026-09-03T21:16:40,f0300fef2f
E03_PMPC,Calibracion combinada de PM y PC,large,12,30,55,3,53000.0,PM=0.05_PC=0.8,40,100,,0.8,0.05,3,True,A,0.5,nogood,8,0.15,,,,,,1919,18,True,5.1089542960858,270774.5776925474,44300.0,183474.2547425474,43000.32294999999,0.0,270774.5776925474,0,0.0,0,0.0,21,8,amoniaco|liquido,1.67246964200001,100,4040,95,5,,2026-09-03T21:16:41,f0300fef2f
E03_PMPC,Calibracion combinada de PM y PC,large,12,30,55,3,53000.0,PM=0.05_PC=0.8,40,100,,0.8,0.05,3,True,A,0.5,nogood,8,0.15,,,,,,2020,19,True,5.193169660068006,275237.9919836043,44600.0,185043.36043360434,45594.631550000006,0.0,275237.9919836043,0,0.0,0,0.0,22,8,amoniaco|liquido,1.7978643479999619,100,4040,97,3,,2026-09-03T21:16:43,f0300fef2f
E03_PMPC,Calibracion combinada de PM y PC,large,12,30,55,3,53000.0,PM=0.05_PC=1,40,100,,1.0,0.05,3,True,A,0.5,nogood,8,0.15,,,,,,101,0,True,5.462708846410493,289523.5688597561,54900.0,190560.9756097561,44062.59325000001,0.0,289523.5688597561,0,0.0,0,0.0,15,10,amoniaco|liquido,1.6310982810000496,100,4040,94,6,,2026-09-03T21:16:45,f95fb78e7b
E03_PMPC,Calibracion combinada de PM y PC,large,12,30,55,3,53000.0,PM=0.05_PC=1,40,100,,1.0,0.05,3,True,A,0.5,nogood,8,0.15,,,,,,202,1,False,,274770.30975298106,43600.0,189560.29810298103,41610.01165000001,11397122.333333336,11671892.643086316,0,0.0,0,1139.712,15,8,amoniaco|liquido,1.8593226989999039,100,4040,98,2,,2026-09-03T21:16:47,f95fb78e7b
E03_PMPC,Calibracion combinada de PM y PC,large,12,30,55,3,53000.0,PM=0.05_PC=1,40,100,,1.0,0.05,3,True,A,0.5,nogood,8,0.15,,,,,,303,2,False,,282868.28134717466,39600.0,189640.14299717464,53628.13835,8000000.0,8282868.281347174,0,800.0,0,0.0,20,7,amoniaco|comprimido|liquido,2.4660480320000033,100,4040,94,6,,2026-09-03T21:16:49,f95fb78e7b
E03_PMPC,Calibracion combinada de PM y PC,large,12,30,55,3,53000.0,PM=0.05_PC=1,40,100,,1.0,0.05,3,True,A,0.5,nogood,8,0.15,,,,,,404,3,True,5.379873838057984,285133.31341707316,44800.0,188981.70731707316,51351.6061,0.0,285133.31341707316,0,0.0,0,0.0,21,8,amoniaco|liquido,1.6761673830000063,100,4040,96,4,,2026-09-03T21:16:51,f95fb78e7b
E03_PMPC,Calibracion combinada de PM y PC,large,12,30,55,3,53000.0,PM=0.05_PC=1,40,100,,1.0,0.05,3,True,A,0.5,nogood,8,0.15,,,,,,505,4,False,,294125.4143256963,55500.0,192542.25047569626,46083.16385000001,4000000.0,4294125.414325696,0,400.0,0,0.0,18,10,amoniaco|comprimido|liquido,1.911674572000038,100,4040,97,3,,2026-09-03T21:16:53,f95fb78e7b
E03_PMPC,Calibracion combinada de PM y PC,large,12,30,55,3,53000.0,PM=0.05_PC=1,40,100,,1.0,0.05,3,True,A,0.5,nogood,8,0.15,,,,,,606,5,False,,294057.5279426656,55500.0,186640.33039266564,51917.19755,2000000.0,2294057.527942666,0,200.0,0,0.0,21,10,amoniaco|comprimido|liquido,1.810794077999958,100,4040,94,6,,2026-09-03T21:16:55,f95fb78e7b
E03_PMPC,Calibracion combinada de PM y PC,large,12,30,55,3,53000.0,PM=0.05_PC=1,40,100,,1.0,0.05,3,True,A,0.5,nogood,8,0.15,,,,,,707,6,False,,292163.1299513089,55200.0,188296.3011013089,48666.82885000001,1137570.0271002825,1429733.1570515914,0,100.0,0,13.757,21,10,amoniaco|comprimido|liquido,1.7900509879999618,100,4040,91,9,,2026-09-03T21:16:56,f95fb78e7b
E03_PMPC,Calibracion combinada de PM y PC,large,12,30,55,3,53000.0,PM=0.05_PC=1,40,100,,1.0,0.05,3,True,A,0.5,nogood,8,0.15,,,,,,808,7,False,,293215.2961558525,60500.0,189173.9895058525,43541.30665000001,4000000.0,4293215.296155852,0,400.0,0,0.0,20,11,amoniaco|comprimido|liquido,1.847016139999937,100,4040,91,9,,2026-09-03T21:16:58,f95fb78e7b
E03_PMPC,Calibracion combinada de PM y PC,large,12,30,55,3,53000.0,PM=0.05_PC=1,40,100,,1.0,0.05,3,True,A,0.5,nogood,8,0.15,,,,,,909,8,False,,295709.34279879206,50100.0,192430.83664879203,53178.50615,1000000.0,1295709.342798792,0,100.0,0,0.0,19,9,amoniaco|comprimido|liquido,2.7572457949999034,100,4040,98,2,,2026-09-03T21:17:01,f95fb78e7b
E03_PMPC,Calibracion combinada de PM y PC,large,12,30,55,3,53000.0,PM=0.05_PC=1,40,100,,1.0,0.05,3,True,A,0.5,nogood,8,0.15,,,,,,1010,9,False,,291133.41376745375,60700.0,185638.34111745373,44795.072649999995,1774131.7317073299,2065265.1454747836,0,100.0,0,77.413,21,11,amoniaco|comprimido|liquido,1.8292578890000186,100,4040,66,34,,2026-09-03T21:17:03,f95fb78e7b
E03_PMPC,Calibracion combinada de PM y PC,large,12,30,55,3,53000.0,PM=0.05_PC=1,40,100,,1.0,0.05,3,True,A,0.5,nogood,8,0.15,,,,,,1111,10,False,,282607.0817238021,45100.0,190228.5504238021,47278.531299999995,1000000.0,1282607.081723802,0,100.0,0,0.0,18,8,amoniaco|comprimido|liquido,1.7617992380000942,100,4040,97,3,,2026-09-03T21:17:05,f95fb78e7b
E03_PMPC,Calibracion combinada de PM y PC,large,12,30,55,3,53000.0,PM=0.05_PC=1,40,100,,1.0,0.05,3,True,A,0.5,nogood,8,0.15,,,,,,1212,11,True,5.296178328529426,280697.4514120596,44800.0,195846.2059620596,40051.245449999995,0.0,280697.4514120596,0,0.0,0,0.0,14,8,amoniaco|liquido,1.5747756860000663,100,4040,87,13,,2026-09-03T21:17:06,f95fb78e7b
E03_PMPC,Calibracion combinada de PM y PC,large,12,30,55,3,53000.0,PM=0.05_PC=1,40,100,,1.0,0.05,3,True,A,0.5,nogood,8,0.15,,,,,,1313,12,False,,307289.6059639105,61300.0,189562.56126391052,56427.0447,1000000.0,1307289.6059639105,0,100.0,0,0.0,21,11,amoniaco|comprimido|liquido,1.9003299800000377,100,4040,89,11,,2026-09-03T21:17:08,f95fb78e7b
E03_PMPC,Calibracion combinada de PM y PC,large,12,30,55,3,53000.0,PM=0.05_PC=1,40,100,,1.0,0.05,3,True,A,0.5,nogood,8,0.15,,,,,,1414,13,False,,277075.9379158623,50100.0,190006.0543158623,36969.8836,21000000.0,21277075.93791586,0,2100.0,0,0.0,19,9,amoniaco|comprimido|liquido,1.8390875799999549,100,4040,88,12,,2026-09-03T21:17:10,f95fb78e7b
E03_PMPC,Calibracion combinada de PM y PC,large,12,30,55,3,53000.0,PM=0.05_PC=1,40,100,,1.0,0.05,3,True,A,0.5,nogood,8,0.15,,,,,,1515,14,False,,276176.8135434873,38500.0,190239.8806434873,47436.93289999999,4213156.121951234,4489332.935494721,0,100.0,0,321.316,19,7,amoniaco|comprimido|liquido,2.071329882999976,100,4040,100,0,,2026-09-03T21:17:12,f95fb78e7b
E03_PMPC,Calibracion combinada de PM y PC,large,12,30,55,3,53000.0,PM=0.05_PC=1,40,100,,1.0,0.05,3,True,A,0.5,nogood,8,0.15,,,,,,1616,15,False,,278059.7895682927,33800.0,193176.8292682927,51082.96029999999,3063788.999999997,3341848.78956829,0,0.0,0,306.379,17,6,amoniaco|liquido,2.196580716000085,100,4040,96,4,,2026-09-03T21:17:14,f95fb78e7b
E03_PMPC,Calibracion combinada de PM y PC,large,12,30,55,3,53000.0,PM=0.05_PC=1,40,100,,1.0,0.05,3,True,A,0.5,nogood,8,0.15,,,,,,1717,16,False,,279236.777491204,49500.0,178550.07784120395,51186.699649999995,1000000.0,1279236.777491204,0,100.0,0,0.0,24,9,comprimido|liquido,1.8408520399999588,100,4040,86,14,,2026-09-03T21:17:16,f95fb78e7b
E03_PMPC,Calibracion combinada de PM y PC,large,12,30,55,3,53000.0,PM=0.05_PC=1,40,100,,1.0,0.05,3,True,A,0.5,nogood,8,0.15,,,,,,1818,17,True,5.2613744762770365,278852.84724268294,44000.0,184329.26829268291,50523.57895,0.0,278852.84724268294,0,0.0,0,0.0,18,8,amoniaco|liquido,1.7546938279999722,100,4040,100,0,,2026-09-03T21:17:18,f95fb78e7b
E03_PMPC,Calibracion combinada de PM y PC,large,12,30,55,3,53000.0,PM=0.05_PC=1,40,100,,1.0,0.05,3,True,A,0.5,nogood,8,0.15,,,,,,1919,18,True,5.240423807910211,277742.4618192412,44300.0,189661.9241192412,43780.5377,0.0,277742.4618192412,0,0.0,0,0.0,19,8,amoniaco|liquido,1.7397262490000003,100,4040,97,3,,2026-09-03T21:17:20,f95fb78e7b
E03_PMPC,Calibracion combinada de PM y PC,large,12,30,55,3,53000.0,PM=0.05_PC=1,40,100,,1.0,0.05,3,True,A,0.5,nogood,8,0.15,,,,,,2020,19,False,,273992.7359926829,43600.0,190829.26829268294,39563.4677,13873530.111111121,14147522.847103804,0,0.0,0,1387.353,14,8,amoniaco|liquido,1.5751921150000499,100,4040,99,1,,2026-09-03T21:17:21,f95fb78e7b
E03_PMPC,Calibracion combinada de PM y PC,large,12,30,55,3,53000.0,PM=0.1_PC=0.6,40,100,,0.6,0.1,3,True,A,0.5,nogood,8,0.15,,,,,,101,0,True,5.081799543603314,269335.3758109756,43600.0,177756.0975609756,47979.27825,0.0,269335.3758109756,0,0.0,0,0.0,20,8,liquido,1.5486823749999985,100,4040,97,3,,2026-09-03T21:17:23,6bd1cc040e
E03_PMPC,Calibracion combinada de PM y PC,large,12,30,55,3,53000.0,PM=0.1_PC=0.6,40,100,,0.6,0.1,3,True,A,0.5,nogood,8,0.15,,,,,,202,1,True,5.089717227084932,269755.01303550135,43900.0,184263.55013550137,41591.462900000006,0.0,269755.01303550135,0,0.0,0,0.0,20,8,amoniaco|liquido,1.9800421529999994,100,4040,98,2,,2026-09-03T21:17:25,6bd1cc040e
E03_PMPC,Calibracion combinada de PM y PC,large,12,30,55,3,53000.0,PM=0.1_PC=0.6,40,100,,0.6,0.1,3,True,A,0.5,nogood,8,0.15,,,,,,303,2,True,5.072013007242931,268816.68938387535,33600.0,185753.38753387533,49463.30185,0.0,268816.68938387535,0,0.0,0,0.0,19,6,amoniaco|liquido,2.0701452429999563,100,4040,93,7,,2026-09-03T21:17:27,6bd1cc040e
E03_PMPC,Calibracion combinada de PM y PC,large,12,30,55,3,53000.0,PM=0.1_PC=0.6,40,100,,0.6,0.1,3,True,A,0.5,nogood,8,0.15,,,,,,404,3,True,4.988730909479981,264402.73820243904,38800.0,187390.24390243902,38212.4943,0.0,264402.73820243904,0,0.0,0,0.0,18,7,amoniaco|liquido,1.6034427160000178,100,4040,100,0,,2026-09-03T21:17:28,6bd1cc040e
E03_PMPC,Calibracion combinada de PM y PC,large,12,30,55,3,53000.0,PM=0.1_PC=0.6,40,100,,0.6,0.1,3,True,A,0.5,nogood,8,0.15,,,,,,505,4,True,5.348383186388506,283464.3088785908,44500.0,188407.8590785908,50556.4498,0.0,283464.3088785908,0,0.0,0,0.0,19,8,amoniaco|liquido,1.6207734270000174,100,4040,98,2,,2026-09-03T21:17:30,6bd1cc040e
E03_PMPC,Calibracion combinada de PM y PC,large,12,30,55,3,53000.0,PM=0.1_PC=0.6,40,100,,0.6,0.1,3,True,A,0.5,nogood,8,0.15,,,,,,606,5,True,5.034665719381807,266837.2831272358,38200.0,181357.72357723577,47279.55955000003,0.0,266837.2831272358,0,0.0,0,0.0,22,7,amoniaco|liquido,1.6508897759999854,100,4040,100,0,,2026-09-03T21:17:32,6bd1cc040e
E03_PMPC,Calibracion combinada de PM y PC,large,12,30,55,3,53000.0,PM=0.1_PC=0.6,40,100,,0.6,0.1,3,True,A,0.5,nogood,8,0.15,,,,,,707,6,True,5.019470011021629,266031.91058414633,44500.0,180463.41463414635,41068.495950000004,0.0,266031.91058414633,0,0.0,0,0.0,23,8,liquido,1.651708107000104,100,4040,99,1,,2026-09-03T21:17:33,6bd1cc040e
E03_PMPC,Calibracion combinada de PM y PC,large,12,30,55,3,53000.0,PM=0.1_PC=0.6,40,100,,0.6,0.1,3,True,A,0.5,nogood,8,0.15,,,,,,808,7,True,5.1117254192156265,270921.4472184282,44000.0,187031.84281842818,39889.60439999999,0.0,270921.4472184282,0,0.0,0,0.0,19,8,amoniaco|liquido,1.5944000859999505,100,4040,94,6,,2026-09-03T21:17:35,6bd1cc040e
E03_PMPC,Calibracion combinada de PM y PC,large,12,30,55,3,53000.0,PM=0.1_PC=0.6,40,100,,0.6,0.1,3,True,A,0.5,nogood,8,0.15,,,,,,909,8,True,5.021835801505855,266157.2974798103,38500.0,188602.98102981033,39054.31644999999,0.0,266157.2974798103,0,0.0,0,0.0,18,7,amoniaco|liquido,1.8675189510000791,100,4040,97,3,,2026-09-03T21:17:37,6bd1cc040e
E03_PMPC,Calibracion combinada de PM y PC,large,12,30,55,3,53000.0,PM=0.1_PC=0.6,40,100,,0.6,0.1,3,True,A,0.5,nogood,8,0.15,,,,,,1010,9,True,4.994416031431201,264704.0496658537,43400.0,179536.58536585365,41767.46430000001,0.0,264704.0496658537,0,0.0,0,0.0,22,8,amoniaco|liquido,2.266634225999951,100,4040,95,5,,2026-09-03T21:17:39,6bd1cc040e
E03_PMPC,Calibracion combinada de PM y PC,large,12,30,55,3,53000.0,PM=0.1_PC=0.6,40,100,,0.6,0.1,3,True,A,0.5,nogood,8,0.15,,,,,,1111,10,True,5.032828041120826,266739.8861794038,45100.0,187537.9403794038,34101.9458,0.0,266739.8861794038,0,0.0,0,0.0,19,8,amoniaco|liquido,1.593136356000059,100,4040,91,9,,2026-09-03T21:17:41,6bd1cc040e
E03_PMPC,Calibracion combinada de PM y PC,large,12,30,55,3,53000.0,PM=0.1_PC=0.6,40,100,,0.6,0.1,3,True,A,0.5,nogood,8,0.15,,,,,,1212,11,True,5.035269890369177,266869.3041895664,44000.0,187413.9566395664,35455.34755000001,0.0,266869.3041895664,0,0.0,0,0.0,18,8,amoniaco|liquido,1.4604014240001106,100,4040,95,5,,2026-09-03T21:17:42,6bd1cc040e
E03_PMPC,Calibracion combinada de PM y PC,large,12,30,55,3,53000.0,PM=0.1_PC=0.6,40,100,,0.6,0.1,3,True,A,0.5,nogood,8,0.15,,,,,,1313,12,True,5.0483114999335275,267560.50949647697,39000.0,194769.64769647698,33790.861800000006,0.0,267560.50949647697,0,0.0,0,0.0,15,7,amoniaco|liquido,1.422745543000019,100,4040,98,2,,2026-09-03T21:17:44,6bd1cc040e
E03_PMPC,Calibracion combinada de PM y PC,large,12,30,55,3,53000.0,PM=0.1_PC=0.6,40,100,,0.6,0.1,3,True,A,0.5,nogood,8,0.15,,,,,,1414,13,True,4.98694904114128,264308.2991804878,38800.0,186628.04878048782,38880.250400000004,0.0,264308.2991804878,0,0.0,0,0.0,20,7,amoniaco|liquido,1.603607545999921,100,4040,100,0,,2026-09-03T21:17:45,6bd1cc040e
E03_PMPC,Calibracion combinada de PM y PC,large,12,30,55,3,53000.0,PM=0.1_PC=0.6,40,100,,0.6,0.1,3,True,A,0.5,nogood,8,0.15,,,,,,1515,14,True,4.8753205572275915,258391.98953306235,37900.0,181623.30623306235,38868.6833,0.0,258391.98953306235,0,0.0,0,0.0,22,7,amoniaco|liquido,1.5802786149999974,100,4040,99,1,,2026-09-03T21:17:47,6bd1cc040e
E03_PMPC,Calibracion combinada de PM y PC,large,12,30,55,3,53000.0,PM=0.1_PC=0.6,40,100,,0.6,0.1,3,True,A,0.5,nogood,8,0.15,,,,,,1616,15,True,4.958037228601013,262775.9731158537,27800.0,182536.58536585368,52439.387750000016,0.0,262775.9731158537,0,0.0,0,0.0,20,5,liquido,1.5320035349998307,100,4040,96,4,,2026-09-03T21:17:48,6bd1cc040e
E03_PMPC,Calibracion combinada de PM y PC,large,12,30,55,3,53000.0,PM=0.1_PC=0.6,40,100,,0.6,0.1,3,True,A,0.5,nogood,8,0.15,,,,,,1717,16,True,4.947368444360076,262210.527551084,44000.0,179840.108401084,38370.41915000001,0.0,262210.527551084,0,0.0,0,0.0,23,8,amoniaco|liquido,2.624146792999909,100,4040,100,0,,2026-09-03T21:17:51,6bd1cc040e
E03_PMPC,Calibracion combinada de PM y PC,large,12,30,55,3,53000.0,PM=0.1_PC=0.6,40,100,,0.6,0.1,3,True,A,0.5,nogood,8,0.15,,,,,,1818,17,True,5.02782083787135,266474.5044071816,38200.0,181315.71815718157,46958.78625000001,0.0,266474.5044071816,0,0.0,0,0.0,22,7,amoniaco|liquido,1.5972108169999046,100,4040,100,0,,2026-09-03T21:17:52,6bd1cc040e
E03_PMPC,Calibracion combinada de PM y PC,large,12,30,55,3,53000.0,PM=0.1_PC=0.6,40,100,,0.6,0.1,3,True,A,0.5,nogood,8,0.15,,,,,,1919,18,True,4.94302379933272,261980.26136463415,38800.0,180341.46341463414,42838.79794999999,0.0,261980.26136463415,0,0.0,0,0.0,24,7,liquido,1.6269996860000902,100,4040,97,3,,2026-09-03T21:17:54,6bd1cc040e
E03_PMPC,Calibracion combinada de PM y PC,large,12,30,55,3,53000.0,PM=0.1_PC=0.6,40,100,,0.6,0.1,3,True,A,0.5,nogood,8,0.15,,,,,,2020,19,True,5.031734316285729,266681.91876314365,33600.0,188936.31436314364,44145.60440000001,0.0,266681.91876314365,0,0.0,0,0.0,17,6,amoniaco|liquido,1.5158432050000101,100,4040,96,4,,2026-09-03T21:17:56,6bd1cc040e
E03_PMPC,Calibracion combinada de PM y PC,large,12,30,55,3,53000.0,PM=0.1_PC=0.8,40,100,,0.8,0.1,3,True,A,0.5,nogood,8,0.15,,,,,,101,0,True,5.261684478035998,278869.2773359079,44200.0,183078.59078590787,51590.68655000002,0.0,278869.2773359079,0,0.0,0,0.0,23,8,amoniaco|liquido,1.674781447999976,100,4040,100,0,,2026-09-03T21:17:57,4ce1241a29
E03_PMPC,Calibracion combinada de PM y PC,large,12,30,55,3,53000.0,PM=0.1_PC=0.8,40,100,,0.8,0.1,3,True,A,0.5,nogood,8,0.15,,,,,,202,1,True,5.098882150518996,270240.75397750677,43600.0,183317.7506775068,43323.00330000001,0.0,270240.75397750677,0,0.0,0,0.0,20,8,amoniaco|liquido,1.6145053259999713,100,4040,97,3,,2026-09-03T21:17:59,4ce1241a29
E03_PMPC,Calibracion combinada de PM y PC,large,12,30,55,3,53000.0,PM=0.1_PC=0.8,40,100,,0.8,0.1,3,True,A,0.5,nogood,8,0.15,,,,,,303,2,True,5.151583649169096,273033.9334059621,33600.0,189620.59620596207,49813.337200000016,0.0,273033.9334059621,0,0.0,0,0.0,17,6,amoniaco|liquido,1.6012936060001266,100,4040,86,14,,2026-09-03T21:18:01,4ce1241a29
E03_PMPC,Calibracion combinada de PM y PC,large,12,30,55,3,53000.0,PM=0.1_PC=0.8,40,100,,0.8,0.1,3,True,A,0.5,nogood,8,0.15,,,,,,404,3,True,5.1406079221838725,272452.21987574524,39300.0,189202.57452574527,43949.645350000006,0.0,272452.21987574524,0,0.0,0,0.0,22,7,amoniaco|liquido,2.452586760000031,100,4040,99,1,,2026-09-03T21:18:03,4ce1241a29
E03_PMPC,Calibracion combinada de PM y PC,large,12,30,55,3,53000.0,PM=0.1_PC=0.8,40,100,,0.8,0.1,3,True,A,0.5,nogood,8,0.15,,,,,,505,4,True,5.307556533333333,281300.4962666666,54700.0,184416.66666666666,42183.82959999999,0.0,281300.4962666666,0,0.0,0,0.0,20,10,amoniaco|liquido,1.819003058999897,100,4040,100,0,,2026-09-03T21:18:05,4ce1241a29
E03_PMPC,Calibracion combinada de PM y PC,large,12,30,55,3,53000.0,PM=0.1_PC=0.8,40,100,,0.8,0.1,3,True,A,0.5,nogood,8,0.15,,,,,,606,5,True,5.273263954847369,279482.98960691056,49700.0,185855.69105691058,43927.298549999985,0.0,279482.98960691056,0,0.0,0,0.0,20,9,amoniaco|liquido,1.6837376370001493,100,4040,98,2,,2026-09-03T21:18:07,4ce1241a29
E03_PMPC,Calibracion combinada de PM y PC,large,12,30,55,3,53000.0,PM=0.1_PC=0.8,40,100,,0.8,0.1,3,True,A,0.5,nogood,8,0.15,,,,,,707,6,True,5.198021588753387,275495.1442039295,49700.0,180295.39295392955,45499.751249999994,0.0,275495.1442039295,0,0.0,0,0.0,22,9,amoniaco|liquido,1.7290199779999966,100,4040,99,1,,2026-09-03T21:18:08,4ce1241a29
E03_PMPC,Calibracion combinada de PM y PC,large,12,30,55,3,53000.0,PM=0.1_PC=0.8,40,100,,0.8,0.1,3,True,A,0.5,nogood,8,0.15,,,,,,808,7,False,,287977.7066943205,55200.0,186465.3894943205,46312.31720000001,1000000.0,1287977.7066943205,0,100.0,0,0.0,24,10,amoniaco|comprimido|liquido,1.753127849000066,100,4040,100,0,,2026-09-03T21:18:10,4ce1241a29
E03_PMPC,Calibracion combinada de PM y PC,large,12,30,55,3,53000.0,PM=0.1_PC=0.8,40,100,,0.8,0.1,3,True,A,0.5,nogood,8,0.15,,,,,,909,8,True,5.294367696364474,280601.4879073171,38800.0,194420.73170731709,47380.75620000001,0.0,280601.4879073171,0,0.0,0,0.0,17,7,amoniaco|liquido,1.5850038949999998,100,4040,100,0,,2026-09-03T21:18:12,4ce1241a29
E03_PMPC,Calibracion combinada de PM y PC,large,12,30,55,3,53000.0,PM=0.1_PC=0.8,40,100,,0.8,0.1,3,True,A,0.5,nogood,8,0.15,,,,,,1010,9,True,5.255301689714681,278530.9895548781,54700.0,181780.48780487807,42050.50175,0.0,278530.9895548781,0,0.0,0,0.0,19,10,amoniaco|liquido,1.670076076999976,100,4040,95,5,,2026-09-03T21:18:13,4ce1241a29
E03_PMPC,Calibracion combinada de PM y PC,large,12,30,55,3,53000.0,PM=0.1_PC=0.8,40,100,,0.8,0.1,3,True,A,0.5,nogood,8,0.15,,,,,,1111,10,True,5.2098024417472,276119.5294126016,44200.0,189766.26016260163,42153.26925000001,0.0,276119.5294126016,0,0.0,0,0.0,19,8,amoniaco|liquido,2.6500435829998423,100,4040,97,3,,2026-09-03T21:18:16,4ce1241a29
E03_PMPC,Calibracion combinada de PM y PC,large,12,30,55,3,53000.0,PM=0.1_PC=0.8,40,100,,0.8,0.1,3,True,A,0.5,nogood,8,0.15,,,,,,1212,11,True,5.205868937615687,275911.05369363143,44800.0,189564.36314363143,41546.69055000001,0.0,275911.05369363143,0,0.0,0,0.0,17,8,amoniaco|liquido,1.543080635000024,100,4040,97,3,,2026-09-03T21:18:17,4ce1241a29
E03_PMPC,Calibracion combinada de PM y PC,large,12,30,55,3,53000.0,PM=0.1_PC=0.8,40,100,,0.8,0.1,3,True,A,0.5,nogood,8,0.15,,,,,,1313,12,True,5.114064495180753,271045.4182445799,33000.0,190799.45799457995,47245.96024999999,0.0,271045.4182445799,0,0.0,0,0.0,18,6,amoniaco|liquido,1.5412665649998871,100,4040,97,3,,2026-09-03T21:18:19,4ce1241a29
E03_PMPC,Calibracion combinada de PM y PC,large,12,30,55,3,53000.0,PM=0.1_PC=0.8,40,100,,0.8,0.1,3,True,A,0.5,nogood,8,0.15,,,,,,1414,13,False,,278743.36444498645,43700.0,185364.49864498645,49678.86579999999,774131.7317073299,1052875.0961523163,0,0.0,0,77.413,20,8,amoniaco|liquido,1.6800030870001592,100,4040,84,16,,2026-09-03T21:18:21,4ce1241a29
E03_PMPC,Calibracion combinada de PM y PC,large,12,30,55,3,53000.0,PM=0.1_PC=0.8,40,100,,0.8,0.1,3,True,A,0.5,nogood,8,0.15,,,,,,1515,14,True,5.116399649670195,271169.18143252033,43700.0,186703.2520325203,40765.92940000001,0.0,271169.18143252033,0,0.0,0,0.0,18,8,amoniaco|liquido,1.5753900259999227,100,4040,100,0,,2026-09-03T21:18:22,4ce1241a29
E03_PMPC,Calibracion combinada de PM y PC,large,12,30,55,3,53000.0,PM=0.1_PC=0.8,40,100,,0.8,0.1,3,True,A,0.5,nogood,8,0.15,,,,,,1616,15,True,5.129481201868896,271862.5036990515,33800.0,187514.90514905148,50547.59855000002,0.0,271862.5036990515,0,0.0,0,0.0,18,6,amoniaco|liquido,1.5648154549999163,100,4040,90,10,,2026-09-03T21:18:24,4ce1241a29
E03_PMPC,Calibracion combinada de PM y PC,large,12,30,55,3,53000.0,PM=0.1_PC=0.8,40,100,,0.8,0.1,3,True,A,0.5,nogood,8,0.15,,,,,,1717,16,True,4.893734394840722,259367.92292655827,44000.0,180582.65582655827,34785.2671,0.0,259367.92292655827,0,0.0,0,0.0,20,8,amoniaco|liquido,1.6668238170000222,100,4040,91,9,,2026-09-03T21:18:25,4ce1241a29
E03_PMPC,Calibracion combinada de PM y PC,large,12,30,55,3,53000.0,PM=0.1_PC=0.8,40,100,,0.8,0.1,3,True,A,0.5,nogood,8,0.15,,,,,,1818,17,True,5.301434204906172,280976.0128600271,44000.0,181271.0027100271,55705.010149999995,0.0,280976.0128600271,0,0.0,0,0.0,21,8,amoniaco|liquido,2.6110412820000874,100,4040,99,1,,2026-09-03T21:18:28,4ce1241a29
E03_PMPC,Calibracion combinada de PM y PC,large,12,30,55,3,53000.0,PM=0.1_PC=0.8,40,100,,0.8,0.1,3,True,A,0.5,nogood,8,0.15,,,,,,1919,18,True,5.095337429674797,270052.88377276424,39100.0,183642.27642276423,47310.60735,0.0,270052.88377276424,0,0.0,0,0.0,22,7,amoniaco|liquido,1.6709985669999696,100,4040,95,5,,2026-09-03T21:18:30,4ce1241a29
E03_PMPC,Calibracion combinada de PM y PC,large,12,30,55,3,53000.0,PM=0.1_PC=0.8,40,100,,0.8,0.1,3,True,A,0.5,nogood,8,0.15,,,,,,2020,19,True,5.395021872053485,285936.1592188347,50300.0,187846.8834688347,47789.27575000001,0.0,285936.1592188347,0,0.0,0,0.0,21,9,amoniaco|liquido,1.6892531670000608,100,4040,96,4,,2026-09-03T21:18:31,4ce1241a29
E03_PMPC,Calibracion combinada de PM y PC,large,12,30,55,3,53000.0,PM=0.1_PC=1,40,100,,1.0,0.1,3,True,A,0.5,nogood,8,0.15,,,,,,101,0,False,,289259.5050560515,54900.0,190971.77535605145,43387.7297,1000000.0,1289259.5050560515,0,100.0,0,0.0,16,10,amoniaco|comprimido|liquido,1.7139819879998868,100,4040,81,19,,2026-09-03T21:18:33,c032d66d6c
E03_PMPC,Calibracion combinada de PM y PC,large,12,30,55,3,53000.0,PM=0.1_PC=1,40,100,,1.0,0.1,3,True,A,0.5,nogood,8,0.15,,,,,,202,1,True,5.463472302743264,289564.03204539296,54900.0,188179.53929539295,46484.492750000005,0.0,289564.03204539296,0,0.0,0,0.0,19,10,amoniaco|liquido,1.6887451279999368,100,4040,83,17,,2026-09-03T21:18:35,c032d66d6c
E03_PMPC,Calibracion combinada de PM y PC,large,12,30,55,3,53000.0,PM=0.1_PC=1,40,100,,1.0,0.1,3,True,A,0.5,nogood,8,0.15,,,,,,303,2,True,5.209428678652145,276099.7199685637,33600.0,190136.8563685637,52362.863600000004,0.0,276099.7199685637,0,0.0,0,0.0,17,6,amoniaco|liquido,1.713224056999934,100,4040,92,8,,2026-09-03T21:18:37,c032d66d6c
E03_PMPC,Calibracion combinada de PM y PC,large,12,30,55,3,53000.0,PM=0.1_PC=1,40,100,,1.0,0.1,3,True,A,0.5,nogood,8,0.15,,,,,,404,3,True,5.339859052661452,283012.52979105694,44800.0,188819.1056910569,49393.42410000003,0.0,283012.52979105694,0,0.0,0,0.0,21,8,amoniaco|liquido,1.8060697900000378,100,4040,91,9,,2026-09-03T21:18:38,c032d66d6c
E03_PMPC,Calibracion combinada de PM y PC,large,12,30,55,3,53000.0,PM=0.1_PC=1,40,100,,1.0,0.1,3,True,A,0.5,nogood,8,0.15,,,,,,505,4,False,,291203.27412815834,55500.0,188934.41157815832,46768.86255000001,1000000.0,1291203.2741281583,0,100.0,0,0.0,21,10,amoniaco|comprimido|liquido,2.6037921120000647,100,4040,91,9,,2026-09-03T21:18:41,c032d66d6c
E03_PMPC,Calibracion combinada de PM y PC,large,12,30,55,3,53000.0,PM=0.1_PC=1,40,100,,1.0,0.1,3,True,A,0.5,nogood,8,0.15,,,,,,606,5,True,5.385925897665797,285454.07257628726,50300.0,190872.62872628728,44281.443849999996,0.0,285454.07257628726,0,0.0,0,0.0,19,9,amoniaco|liquido,1.778286148999996,100,4040,99,1,,2026-09-03T21:18:43,c032d66d6c
E03_PMPC,Calibracion combinada de PM y PC,large,12,30,55,3,53000.0,PM=0.1_PC=1,40,100,,1.0,0.1,3,True,A,0.5,nogood,8,0.15,,,,,,707,6,False,,289148.3570682466,55200.0,186172.99486824658,47775.36219999999,1000000.0,1289148.3570682467,0,100.0,0,0.0,21,10,amoniaco|comprimido|liquido,1.798771749000025,100,4040,94,6,,2026-09-03T21:18:45,c032d66d6c
E03_PMPC,Calibracion combinada de PM y PC,large,12,30,55,3,53000.0,PM=0.1_PC=1,40,100,,1.0,0.1,3,True,A,0.5,nogood,8,0.15,,,,,,808,7,False,,296135.99353972496,55200.0,192270.88738972496,48665.10615,2000000.0,2296135.993539725,0,200.0,0,0.0,20,10,amoniaco|comprimido|liquido,1.8040199289998782,100,4040,87,13,,2026-09-03T21:18:46,c032d66d6c
E03_PMPC,Calibracion combinada de PM y PC,large,12,30,55,3,53000.0,PM=0.1_PC=1,40,100,,1.0,0.1,3,True,A,0.5,nogood,8,0.15,,,,,,909,8,True,5.516989226215677,292400.4289894309,44600.0,192808.9430894309,54991.485900000014,0.0,292400.4289894309,0,0.0,0,0.0,18,8,amoniaco|liquido,1.7700234480000745,100,4040,97,3,,2026-09-03T21:18:48,c032d66d6c
E03_PMPC,Calibracion combinada de PM y PC,large,12,30,55,3,53000.0,PM=0.1_PC=1,40,100,,1.0,0.1,3,True,A,0.5,nogood,8,0.15,,,,,,1010,9,False,,289956.4457251773,60700.0,184374.1134751773,44882.33224999999,1000000.0,1289956.4457251774,0,100.0,0,0.0,20,11,amoniaco|comprimido|liquido,1.8649122300000727,100,4040,97,3,,2026-09-03T21:18:50,c032d66d6c
E03_PMPC,Calibracion combinada de PM y PC,large,12,30,55,3,53000.0,PM=0.1_PC=1,40,100,,1.0,0.1,3,True,A,0.5,nogood,8,0.15,,,,,,1111,10,False,,279112.63391348673,50300.0,189308.5827134867,39504.0512,18000000.0,18279112.633913487,0,1800.0,0,0.0,20,9,amoniaco|comprimido|liquido,2.54417125100008,100,4040,83,17,,2026-09-03T21:18:53,c032d66d6c
E03_PMPC,Calibracion combinada de PM y PC,large,12,30,55,3,53000.0,PM=0.1_PC=1,40,100,,1.0,0.1,3,True,A,0.5,nogood,8,0.15,,,,,,1212,11,True,5.242760642496293,277866.31405230355,39300.0,195285.23035230354,43281.08369999999,0.0,277866.31405230355,0,0.0,0,0.0,15,7,amoniaco|liquido,1.725977518000036,100,4040,95,5,,2026-09-03T21:18:54,c032d66d6c
E03_PMPC,Calibracion combinada de PM y PC,large,12,30,55,3,53000.0,PM=0.1_PC=1,40,100,,1.0,0.1,3,True,A,0.5,nogood,8,0.15,,,,,,1313,12,True,5.307184274939919,281280.7665718157,39000.0,194657.18157181572,47623.585,0.0,281280.7665718157,0,0.0,0,0.0,17,7,amoniaco|liquido,1.617101756000011,100,4040,100,0,,2026-09-03T21:18:56,c032d66d6c
E03_PMPC,Calibracion combinada de PM y PC,large,12,30,55,3,53000.0,PM=0.1_PC=1,40,100,,1.0,0.1,3,True,A,0.5,nogood,8,0.15,,,,,,1414,13,False,,277747.96389804245,43700.0,184243.52764804242,49804.436250000006,13000000.0,13277747.963898042,0,1300.0,0,0.0,21,8,amoniaco|comprimido|liquido,1.7794152089998079,100,4040,69,31,,2026-09-03T21:18:58,c032d66d6c
E03_PMPC,Calibracion combinada de PM y PC,large,12,30,55,3,53000.0,PM=0.1_PC=1,40,100,,1.0,0.1,3,True,A,0.5,nogood,8,0.15,,,,,,1515,14,False,,277778.67938047054,48900.0,186439.1108804705,42439.5685,2000000.0,2277778.6793804704,0,200.0,0,0.0,19,9,amoniaco|comprimido|liquido,1.7590436190000673,100,4040,99,1,,2026-09-03T21:18:59,c032d66d6c
E03_PMPC,Calibracion combinada de PM y PC,large,12,30,55,3,53000.0,PM=0.1_PC=1,40,100,,1.0,0.1,3,True,A,0.5,nogood,8,0.15,,,,,,1616,15,True,5.256349238592319,278586.50964539294,33800.0,192429.53929539295,52356.97035000001,0.0,278586.50964539294,0,0.0,0,0.0,19,6,amoniaco|liquido,1.6638499069999853,100,4040,99,1,,2026-09-03T21:19:01,c032d66d6c
E03_PMPC,Calibracion combinada de PM y PC,large,12,30,55,3,53000.0,PM=0.1_PC=1,40,100,,1.0,0.1,3,True,A,0.5,nogood,8,0.15,,,,,,1717,16,False,,279778.8860512195,49500.0,178195.1219512195,52083.76409999999,624764.6097560937,904543.4958073131,0,0.0,0,62.476,24,9,liquido,1.9295752010000342,100,4040,84,16,,2026-09-03T21:19:03,c032d66d6c
E03_PMPC,Calibracion combinada de PM y PC,large,12,30,55,3,53000.0,PM=0.1_PC=1,40,100,,1.0,0.1,3,True,A,0.5,nogood,8,0.15,,,,,,1818,17,True,5.324991316538836,282224.5397765583,44000.0,185082.65582655827,53141.88395000002,0.0,282224.5397765583,0,0.0,0,0.0,19,8,amoniaco|liquido,2.584322909000093,100,4040,98,2,,2026-09-03T21:19:06,c032d66d6c
E03_PMPC,Calibracion combinada de PM y PC,large,12,30,55,3,53000.0,PM=0.1_PC=1,40,100,,1.0,0.1,3,True,A,0.5,nogood,8,0.15,,,,,,1919,18,True,5.081200290277139,269303.61538468837,44300.0,187383.46883468836,37620.14655000001,0.0,269303.61538468837,0,0.0,0,0.0,19,8,amoniaco|liquido,1.7426002740000968,100,4040,98,2,,2026-09-03T21:19:07,c032d66d6c
E03_PMPC,Calibracion combinada de PM y PC,large,12,30,55,3,53000.0,PM=0.1_PC=1,40,100,,1.0,0.1,3,True,A,0.5,nogood,8,0.15,,,,,,2020,19,False,,294642.7414690365,56100.0,188301.1589690365,50241.5825,8000000.0,8294642.741469037,0,800.0,0,0.0,20,10,amoniaco|comprimido|liquido,1.8283260650000557,100,4040,90,10,,2026-09-03T21:19:09,c032d66d6c
E03_PMPC,Calibracion combinada de PM y PC,large,12,30,55,3,53000.0,PM=0.2_PC=0.6,40,100,,0.6,0.2,3,True,A,0.5,nogood,8,0.15,,,,,,101,0,True,5.032495994367745,266722.2877014905,43600.0,181905.14905149053,41217.13865,0.0,266722.2877014905,0,0.0,0,0.0,20,8,amoniaco|liquido,1.6613539850000052,100,4040,100,0,,2026-09-03T21:19:11,68b8deca34
E03_PMPC,Calibracion combinada de PM y PC,large,12,30,55,3,53000.0,PM=0.2_PC=0.6,40,100,,0.6,0.2,3,True,A,0.5,nogood,8,0.15,,,,,,202,1,True,5.037175504716981,266970.30175,43900.0,179750.0,43320.301750000006,0.0,266970.30175,0,0.0,0,0.0,22,8,amoniaco|liquido,1.6603733849999571,100,4040,100,0,,2026-09-03T21:19:13,68b8deca34
E03_PMPC,Calibracion combinada de PM y PC,large,12,30,55,3,53000.0,PM=0.2_PC=0.6,40,100,,0.6,0.2,3,True,A,0.5,nogood,8,0.15,,,,,,303,2,True,5.022691707166232,266202.6604798103,33600.0,185602.98102981033,46999.679449999996,0.0,266202.6604798103,0,0.0,0,0.0,21,6,amoniaco|liquido,1.596446085000025,100,4040,100,0,,2026-09-03T21:19:14,68b8deca34
E03_PMPC,Calibracion combinada de PM y PC,large,12,30,55,3,53000.0,PM=0.2_PC=0.6,40,100,,0.6,0.2,3,True,A,0.5,nogood,8,0.15,,,,,,404,3,True,4.9425799315513625,261956.73637222222,39000.0,189222.22222222222,33734.51415000001,0.0,261956.73637222222,0,0.0,0,0.0,18,7,amoniaco|liquido,1.8407241040001736,100,4040,100,0,,2026-09-03T21:19:16,68b8deca34
E03_PMPC,Calibracion combinada de PM y PC,large,12,30,55,3,53000.0,PM=0.2_PC=0.6,40,100,,0.6,0.2,3,True,A,0.5,nogood,8,0.15,,,,,,505,4,True,5.045309642189498,267401.41103604337,38700.0,187933.60433604335,40767.806699999994,0.0,267401.41103604337,0,0.0,0,0.0,20,7,amoniaco|liquido,2.2660640530000364,100,4040,96,4,,2026-09-03T21:19:18,68b8deca34
E03_PMPC,Calibracion combinada de PM y PC,large,12,30,55,3,53000.0,PM=0.2_PC=0.6,40,100,,0.6,0.2,3,True,A,0.5,nogood,8,0.15,,,,,,606,5,True,4.975854267709771,263720.27618861786,44200.0,179678.86178861788,39841.414399999994,0.0,263720.27618861786,0,0.0,0,0.0,21,8,amoniaco|liquido,1.639685266000015,100,4040,92,8,,2026-09-03T21:19:20,68b8deca34
E03_PMPC,Calibracion combinada de PM y PC,large,12,30,55,3,53000.0,PM=0.2_PC=0.6,40,100,,0.6,0.2,3,True,A,0.5,nogood,8,0.15,,,,,,707,6,True,4.873979462149102,258320.91149390244,38700.0,180024.39024390245,39596.521250000005,0.0,258320.91149390244,0,0.0,0,0.0,21,7,liquido,1.6676677950001704,100,4040,100,0,,2026-09-03T21:19:22,68b8deca34
E03_PMPC,Calibracion combinada de PM y PC,large,12,30,55,3,53000.0,PM=0.2_PC=0.6,40,100,,0.6,0.2,3,True,A,0.5,nogood,8,0.15,,,,,,808,7,True,5.04222029104924,267237.67542560975,44000.0,185597.56097560975,37640.114450000015,0.0,267237.67542560975,0,0.0,0,0.0,19,8,amoniaco|liquido,1.6877732850000484,100,4040,100,0,,2026-09-03T21:19:23,68b8deca34
E03_PMPC,Calibracion combinada de PM y PC,large,12,30,55,3,53000.0,PM=0.2_PC=0.6,40,100,,0.6,0.2,3,True,A,0.5,nogood,8,0.15,,,,,,909,8,True,5.054332941627039,267879.64590623305,39100.0,185830.62330623306,42949.022600000004,0.0,267879.64590623305,0,0.0,0,0.0,20,7,amoniaco|liquido,1.5633205060000819,100,4040,96,4,,2026-09-03T21:19:25,68b8deca34
E03_PMPC,Calibracion combinada de PM y PC,large,12,30,55,3,53000.0,PM=0.2_PC=0.6,40,100,,0.6,0.2,3,True,A,0.5,nogood,8,0.15,,,,,,1010,9,True,4.971110517321163,263468.85741802165,43700.0,181216.80216802168,38552.05525,0.0,263468.85741802165,0,0.0,0,0.0,19,8,amoniaco|liquido,1.615601765999827,100,4040,99,1,,2026-09-03T21:19:26,68b8deca34
E03_PMPC,Calibracion combinada de PM y PC,large,12,30,55,3,53000.0,PM=0.2_PC=0.6,40,100,,0.6,0.2,3,True,A,0.5,nogood,8,0.15,,,,,,1111,10,True,4.898222614805441,259605.79858468837,44200.0,180883.46883468836,34522.32975,0.0,259605.79858468837,0,0.0,0,0.0,21,8,amoniaco|liquido,1.8025676639999801,100,4040,99,1,,2026-09-03T21:19:28,68b8deca34
E03_PMPC,Calibracion combinada de PM y PC,large,12,30,55,3,53000.0,PM=0.2_PC=0.6,40,100,,0.6,0.2,3,True,A,0.5,nogood,8,0.15,,,,,,1212,11,True,5.056515145170526,267995.3026940379,39600.0,188379.40379403793,40015.89889999999,0.0,267995.3026940379,0,0.0,0,0.0,18,7,amoniaco|liquido,2.22996953400002,100,4040,98,2,,2026-09-03T21:19:31,68b8deca34
E03_PMPC,Calibracion combinada de PM y PC,large,12,30,55,3,53000.0,PM=0.2_PC=0.6,40,100,,0.6,0.2,3,True,A,0.5,nogood,8,0.15,,,,,,1313,12,True,5.080701597880554,269277.1846876694,39000.0,186943.76693766937,43333.41774999999,0.0,269277.1846876694,0,0.0,0,0.0,20,7,amoniaco|liquido,1.5476885059999859,100,4040,100,0,,2026-09-03T21:19:32,68b8deca34
E03_PMPC,Calibracion combinada de PM y PC,large,12,30,55,3,53000.0,PM=0.2_PC=0.6,40,100,,0.6,0.2,3,True,A,0.5,nogood,8,0.15,,,,,,1414,13,True,4.8714129125786165,258184.88436666667,38800.0,188166.66666666666,31218.217699999997,0.0,258184.88436666667,0,0.0,0,0.0,20,7,amoniaco|liquido,1.560872204999896,100,4040,94,6,,2026-09-03T21:19:34,68b8deca34
E03_PMPC,Calibracion combinada de PM y PC,large,12,30,55,3,53000.0,PM=0.2_PC=0.6,40,100,,0.6,0.2,3,True,A,0.5,nogood,8,0.15,,,,,,1515,14,True,4.779985163043923,253339.21364132792,32700.0,184529.13279132792,36110.08085,0.0,253339.21364132792,0,0.0,0,0.0,21,6,amoniaco|liquido,1.5229896460000418,100,4040,100,0,,2026-09-03T21:19:35,68b8deca34
E03_PMPC,Calibracion combinada de PM y PC,large,12,30,55,3,53000.0,PM=0.2_PC=0.6,40,100,,0.6,0.2,3,True,A,0.5,nogood,8,0.15,,,,,,1616,15,True,5.018467398841847,265978.7721386179,38800.0,190428.86178861788,36749.91035000001,0.0,265978.7721386179,0,0.0,0,0.0,17,7,amoniaco|liquido,1.4659635959999378,100,4040,94,6,,2026-09-03T21:19:37,68b8deca34
E03_PMPC,Calibracion combinada de PM y PC,large,12,30,55,3,53000.0,PM=0.2_PC=0.6,40,100,,0.6,0.2,3,True,A,0.5,nogood,8,0.15,,,,,,1717,16,True,4.850200310170271,257060.61643902436,38200.0,179243.9024390244,39616.713999999985,0.0,257060.61643902436,0,0.0,0,0.0,22,7,liquido,1.6817750050001905,100,4040,100,0,,2026-09-03T21:19:38,68b8deca34
E03_PMPC,Calibracion combinada de PM y PC,large,12,30,55,3,53000.0,PM=0.2_PC=0.6,40,100,,0.6,0.2,3,True,A,0.5,nogood,8,0.15,,,,,,1818,17,True,4.941842952482488,261917.67648157183,44000.0,181218.15718157182,36699.51930000001,0.0,261917.67648157183,0,0.0,0,0.0,19,8,amoniaco|liquido,1.625920954999856,100,4040,98,2,,2026-09-03T21:19:40,68b8deca34
E03_PMPC,Calibracion combinada de PM y PC,large,12,30,55,3,53000.0,PM=0.2_PC=0.6,40,100,,0.6,0.2,3,True,A,0.5,nogood,8,0.15,,,,,,1919,18,True,4.897659603351741,259575.9589776423,33600.0,185422.7642276423,40553.19475,0.0,259575.9589776423,0,0.0,0,0.0,21,6,amoniaco|liquido,2.3921486030001233,100,4040,100,0,,2026-09-03T21:19:42,68b8deca34
E03_PMPC,Calibracion combinada de PM y PC,large,12,30,55,3,53000.0,PM=0.2_PC=0.6,40,100,,0.6,0.2,3,True,A,0.5,nogood,8,0.15,,,,,,2020,19,True,4.908322047908677,260141.0685391599,43600.0,180098.9159891599,36442.15255,0.0,260141.0685391599,0,0.0,0,0.0,21,8,amoniaco|liquido,1.682553334999966,100,4040,99,1,,2026-09-03T21:19:44,68b8deca34
E03_PMPC,Calibracion combinada de PM y PC,large,12,30,55,3,53000.0,PM=0.2_PC=0.8,40,100,,0.8,0.2,3,True,A,0.5,nogood,8,0.15,,,,,,101,0,True,5.060789304146853,268221.8331197832,43600.0,183831.9783197832,40789.85480000001,0.0,268221.8331197832,0,0.0,0,0.0,20,8,amoniaco|liquido,1.6529192650000368,100,4040,97,3,,2026-09-03T21:19:46,318442ff50
E03_PMPC,Calibracion combinada de PM y PC,large,12,30,55,3,53000.0,PM=0.2_PC=0.8,40,100,,0.8,0.2,3,True,A,0.5,nogood,8,0.15,,,,,,202,1,True,5.2833120450452515,280015.53838739835,54900.0,188483.73983739837,36631.79855,0.0,280015.53838739835,0,0.0,0,0.0,18,10,amoniaco|liquido,1.6169061759999295,100,4040,89,11,,2026-09-03T21:19:47,318442ff50
E03_PMPC,Calibracion combinada de PM y PC,large,12,30,55,3,53000.0,PM=0.2_PC=0.8,40,100,,0.8,0.2,3,True,A,0.5,nogood,8,0.15,,,,,,303,2,True,5.049040320281741,267599.1369749323,33600.0,185822.49322493226,48176.64375000001,0.0,267599.1369749323,0,0.0,0,0.0,21,6,amoniaco|liquido,1.6798700639999424,100,4040,93,7,,2026-09-03T21:19:49,318442ff50
E03_PMPC,Calibracion combinada de PM y PC,large,12,30,55,3,53000.0,PM=0.2_PC=0.8,40,100,,0.8,0.2,3,True,A,0.5,nogood,8,0.15,,,,,,404,3,True,5.091044112980008,269825.3379879404,44800.0,185403.7940379404,39621.543950000014,0.0,269825.3379879404,0,0.0,0,0.0,21,8,amoniaco|liquido,1.6672702749999644,100,4040,95,5,,2026-09-03T21:19:51,318442ff50
E03_PMPC,Calibracion combinada de PM y PC,large,12,30,55,3,53000.0,PM=0.2_PC=0.8,40,100,,0.8,0.2,3,True,A,0.5,nogood,8,0.15,,,,,,505,4,True,4.926166992966713,261086.85062723578,38500.0,190857.72357723577,31729.12705,0.0,261086.85062723578,0,0.0,0,0.0,17,7,amoniaco|liquido,1.646113016000072,100,4040,99,1,,2026-09-03T21:19:52,318442ff50
E03_PMPC,Calibracion combinada de PM y PC,large,12,30,55,3,53000.0,PM=0.2_PC=0.8,40,100,,0.8,0.2,3,True,A,0.5,nogood,8,0.15,,,,,,606,5,True,5.152278109651276,273070.73981151765,50000.0,188926.15176151763,34144.58805,0.0,273070.73981151765,0,0.0,0,0.0,19,9,amoniaco|liquido,2.4043569519999437,100,4040,93,7,,2026-09-03T21:19:55,318442ff50
E03_PMPC,Calibracion combinada de PM y PC,large,12,30,55,3,53000.0,PM=0.2_PC=0.8,40,100,,0.8,0.2,3,True,A,0.5,nogood,8,0.15,,,,,,707,6,True,5.122559295899166,271495.64268265583,49700.0,181558.26558265585,40237.377100000005,0.0,271495.64268265583,0,0.0,0,0.0,22,9,amoniaco|liquido,1.9032519239999601,100,4040,99,1,,2026-09-03T21:19:57,318442ff50
E03_PMPC,Calibracion combinada de PM y PC,large,12,30,55,3,53000.0,PM=0.2_PC=0.8,40,100,,0.8,0.2,3,True,A,0.5,nogood,8,0.15,,,,,,808,7,True,5.243898383450939,277926.6143228998,49400.0,187247.28997289974,41279.32435000002,0.0,277926.6143228998,0,0.0,0,0.0,19,9,amoniaco|liquido,1.713811025000041,100,4040,98,2,,2026-09-03T21:19:58,318442ff50
E03_PMPC,Calibracion combinada de PM y PC,large,12,30,55,3,53000.0,PM=0.2_PC=0.8,40,100,,0.8,0.2,3,True,A,0.5,nogood,8,0.15,,,,,,909,8,True,5.18891703402618,275012.60280338756,44300.0,184375.33875338754,46337.26405,0.0,275012.60280338756,0,0.0,0,0.0,21,8,amoniaco|liquido,1.669836726000085,100,4040,100,0,,2026-09-03T21:20:00,318442ff50
E03_PMPC,Calibracion combinada de PM y PC,large,12,30,55,3,53000.0,PM=0.2_PC=0.8,40,100,,0.8,0.2,3,True,A,0.5,nogood,8,0.15,,,,,,1010,9,True,5.1218636339852734,271458.7726012195,49500.0,179695.1219512195,42263.650649999996,0.0,271458.7726012195,0,0.0,0,0.0,23,9,amoniaco|liquido,1.762491903999944,100,4040,97,3,,2026-09-03T21:20:02,318442ff50
E03_PMPC,Calibracion combinada de PM y PC,large,12,30,55,3,53000.0,PM=0.2_PC=0.8,40,100,,0.8,0.2,3,True,A,0.5,nogood,8,0.15,,,,,,1111,10,True,4.946619342762183,262170.8251663957,33300.0,184706.63956639566,44164.18560000001,0.0,262170.8251663957,0,0.0,0,0.0,20,6,amoniaco|liquido,1.643679875000089,100,4040,100,0,,2026-09-03T21:20:03,318442ff50
E03_PMPC,Calibracion combinada de PM y PC,large,12,30,55,3,53000.0,PM=0.2_PC=0.8,40,100,,0.8,0.2,3,True,A,0.5,nogood,8,0.15,,,,,,1212,11,True,5.076479332586797,269053.4046271003,44300.0,191002.7100271003,33750.694599999995,0.0,269053.4046271003,0,0.0,0,0.0,18,8,amoniaco|liquido,1.5567935249998754,100,4040,99,1,,2026-09-03T21:20:05,318442ff50
E03_PMPC,Calibracion combinada de PM y PC,large,12,30,55,3,53000.0,PM=0.2_PC=0.8,40,100,,0.8,0.2,3,True,A,0.5,nogood,8,0.15,,,,,,1313,12,True,5.027843485951322,266475.70475542004,39000.0,194200.54200542005,33275.16275000001,0.0,266475.70475542004,0,0.0,0,0.0,19,7,amoniaco|liquido,2.4156069030000253,100,4040,100,0,,2026-09-03T21:20:07,318442ff50
E03_PMPC,Calibracion combinada de PM y PC,large,12,30,55,3,53000.0,PM=0.2_PC=0.8,40,100,,0.8,0.2,3,True,A,0.5,nogood,8,0.15,,,,,,1414,13,True,5.171839826824155,274107.51082168025,44200.0,189052.16802168023,40855.34279999999,0.0,274107.51082168025,0,0.0,0,0.0,20,8,amoniaco|liquido,1.7365594650000276,100,4040,96,4,,2026-09-03T21:20:09,318442ff50
E03_PMPC,Calibracion combinada de PM y PC,large,12,30,55,3,53000.0,PM=0.2_PC=0.8,40,100,,0.8,0.2,3,True,A,0.5,nogood,8,0.15,,,,,,1515,14,True,5.0706536596461635,268744.64396124665,37900.0,182466.12466124663,48378.5193,0.0,268744.64396124665,0,0.0,0,0.0,21,7,amoniaco|liquido,1.6538430660000358,100,4040,99,1,,2026-09-03T21:20:11,318442ff50
E03_PMPC,Calibracion combinada de PM y PC,large,12,30,55,3,53000.0,PM=0.2_PC=0.8,40,100,,0.8,0.2,3,True,A,0.5,nogood,8,0.15,,,,,,1616,15,True,5.064488025228819,268417.8653371274,33900.0,188773.71273712738,45744.15260000001,0.0,268417.8653371274,0,0.0,0,0.0,21,6,amoniaco|liquido,1.577339854999991,100,4040,98,2,,2026-09-03T21:20:12,318442ff50
E03_PMPC,Calibracion combinada de PM y PC,large,12,30,55,3,53000.0,PM=0.2_PC=0.8,40,100,,0.8,0.2,3,True,A,0.5,nogood,8,0.15,,,,,,1717,16,True,4.970859454228664,263455.5510741192,44000.0,181942.41192411925,37513.139149999995,0.0,263455.5510741192,0,0.0,0,0.0,21,8,amoniaco|liquido,1.680769539000039,100,4040,96,4,,2026-09-03T21:20:14,318442ff50
E03_PMPC,Calibracion combinada de PM y PC,large,12,30,55,3,53000.0,PM=0.2_PC=0.8,40,100,,0.8,0.2,3,True,A,0.5,nogood,8,0.15,,,,,,1818,17,True,4.998086036076597,264898.55991205963,38200.0,181096.2059620596,45602.353950000004,0.0,264898.55991205963,0,0.0,0,0.0,20,7,amoniaco|liquido,1.624151523999899,100,4040,97,3,,2026-09-03T21:20:16,318442ff50
E03_PMPC,Calibracion combinada de PM y PC,large,12,30,55,3,53000.0,PM=0.2_PC=0.8,40,100,,0.8,0.2,3,True,A,0.5,nogood,8,0.15,,,,,,1919,18,True,4.9231619668660835,260927.5842439024,39100.0,182024.39024390242,39803.194,0.0,260927.5842439024,0,0.0,0,0.0,22,7,liquido,1.6551296610000463,100,4040,99,1,,2026-09-03T21:20:17,318442ff50
E03_PMPC,Calibracion combinada de PM y PC,large,12,30,55,3,53000.0,PM=0.2_PC=0.8,40,100,,0.8,0.2,3,True,A,0.5,nogood,8,0.15,,,,,,2020,19,True,5.1537931302040185,273151.035900813,45100.0,186130.081300813,41920.954600000005,0.0,273151.035900813,0,0.0,0,0.0,21,8,amoniaco|liquido,2.568100600999969,100,4040,98,2,,2026-09-03T21:20:20,318442ff50
E03_PMPC,Calibracion combinada de PM y PC,large,12,30,55,3,53000.0,PM=0.2_PC=1,40,100,,1.0,0.2,3,True,A,0.5,nogood,8,0.15,,,,,,101,0,True,5.310037738784068,281432.0001555556,49100.0,190305.55555555556,42026.444600000024,0.0,281432.0001555556,0,0.0,0,0.0,16,9,amoniaco|liquido,1.6900499680000394,100,4040,95,5,,2026-09-03T21:20:22,41bef26273
E03_PMPC,Calibracion combinada de PM y PC,large,12,30,55,3,53000.0,PM=0.2_PC=1,40,100,,1.0,0.2,3,True,A,0.5,nogood,8,0.15,,,,,,202,1,True,5.2900825673032665,280374.37606707314,43600.0,193231.70731707316,43542.668750000004,0.0,280374.37606707314,0,0.0,0,0.0,17,8,amoniaco|liquido,1.681229558999803,100,4040,95,5,,2026-09-03T21:20:23,41bef26273
E03_PMPC,Calibracion combinada de PM y PC,large,12,30,55,3,53000.0,PM=0.2_PC=1,40,100,,1.0,0.2,3,True,A,0.5,nogood,8,0.15,,,,,,303,2,False,,279296.2677347979,39600.0,189080.0755347979,50616.19220000002,9464375.486767003,9743671.754501801,0,300.0,0,646.438,20,7,amoniaco|comprimido|liquido,1.766207581000117,100,4040,81,19,,2026-09-03T21:20:25,41bef26273
E03_PMPC,Calibracion combinada de PM y PC,large,12,30,55,3,53000.0,PM=0.2_PC=1,40,100,,1.0,0.2,3,True,A,0.5,nogood,8,0.15,,,,,,404,3,True,5.38276060845733,285286.3122482385,50300.0,184384.82384823848,50601.48840000002,0.0,285286.3122482385,0,0.0,0,0.0,23,9,amoniaco|liquido,1.7597193139999945,100,4040,92,8,,2026-09-03T21:20:27,41bef26273
E03_PMPC,Calibracion combinada de PM y PC,large,12,30,55,3,53000.0,PM=0.2_PC=1,40,100,,1.0,0.2,3,True,A,0.5,nogood,8,0.15,,,,,,505,4,False,,294859.9184246901,49700.0,190427.36262469008,54732.5558,5071296.869226789,5366156.787651479,0,400.0,0,107.13,21,9,amoniaco|comprimido|liquido,1.8616730469998402,100,4040,93,7,,2026-09-03T21:20:29,41bef26273
E03_PMPC,Calibracion combinada de PM y PC,large,12,30,55,3,53000.0,PM=0.2_PC=1,40,100,,1.0,0.2,3,True,A,0.5,nogood,8,0.15,,,,,,606,5,False,,293306.60818402236,50100.0,183734.35968402238,59472.24849999999,1000000.0,1293306.6081840224,0,100.0,0,0.0,21,9,amoniaco|comprimido|liquido,2.2232619540000087,100,4040,75,25,,2026-09-03T21:20:31,41bef26273
E03_PMPC,Calibracion combinada de PM y PC,large,12,30,55,3,53000.0,PM=0.2_PC=1,40,100,,1.0,0.2,3,True,A,0.5,nogood,8,0.15,,,,,,707,6,True,5.335002392856778,282755.1268214092,50000.0,183342.1409214092,49412.985900000014,0.0,282755.1268214092,0,0.0,0,0.0,23,9,amoniaco|liquido,2.360368193999875,100,4040,96,4,,2026-09-03T21:20:33,41bef26273
E03_PMPC,Calibracion combinada de PM y PC,large,12,30,55,3,53000.0,PM=0.2_PC=1,40,100,,1.0,0.2,3,True,A,0.5,nogood,8,0.15,,,,,,808,7,False,,296522.5031521969,55200.0,186995.11330219684,54327.38985000001,7000000.0,7296522.503152197,0,700.0,0,0.0,21,10,amoniaco|comprimido|liquido,1.826253369999904,100,4040,98,2,,2026-09-03T21:20:35,41bef26273
E03_PMPC,Calibracion combinada de PM y PC,large,12,30,55,3,53000.0,PM=0.2_PC=1,40,100,,1.0,0.2,3,True,A,0.5,nogood,8,0.15,,,,,,909,8,True,5.400921615879225,286248.8456415989,44300.0,194989.15989159892,46959.68575000001,0.0,286248.8456415989,0,0.0,0,0.0,17,8,amoniaco|liquido,1.7294863659999464,100,4040,96,4,,2026-09-03T21:20:37,41bef26273
E03_PMPC,Calibracion combinada de PM y PC,large,12,30,55,3,53000.0,PM=0.2_PC=1,40,100,,1.0,0.2,3,True,A,0.5,nogood,8,0.15,,,,,,1010,9,True,5.3479011541366255,283438.76116924116,54700.0,186661.9241192412,42076.837049999995,0.0,283438.76116924116,0,0.0,0,0.0,18,10,amoniaco|liquido,1.7540251049999824,100,4040,99,1,,2026-09-03T21:20:39,41bef26273
E03_PMPC,Calibracion combinada de PM y PC,large,12,30,55,3,53000.0,PM=0.2_PC=1,40,100,,1.0,0.2,3,True,A,0.5,nogood,8,0.15,,,,,,1111,10,True,5.210582583829319,276160.8769429539,44800.0,191039.29539295394,40321.581549999995,0.0,276160.8769429539,0,0.0,0,0.0,18,8,amoniaco|liquido,1.664300090000097,100,4040,97,3,,2026-09-03T21:20:40,41bef26273
E03_PMPC,Calibracion combinada de PM y PC,large,12,30,55,3,53000.0,PM=0.2_PC=1,40,100,,1.0,0.2,3,True,A,0.5,nogood,8,0.15,,,,,,1212,11,True,5.285164995548908,280113.74476409215,44500.0,196171.40921409216,39442.33555,0.0,280113.74476409215,0,0.0,0,0.0,15,8,amoniaco|liquido,1.574300577000031,100,4040,99,1,,2026-09-03T21:20:42,41bef26273
E03_PMPC,Calibracion combinada de PM y PC,large,12,30,55,3,53000.0,PM=0.2_PC=1,40,100,,1.0,0.2,3,True,A,0.5,nogood,8,0.15,,,,,,1313,12,False,,281911.2024601367,39000.0,194467.60941013665,48443.59305000001,1000000.0,1281911.2024601367,0,100.0,0,0.0,17,7,amoniaco|comprimido|liquido,2.290783010000041,100,4040,93,7,,2026-09-03T21:20:44,41bef26273
E03_PMPC,Calibracion combinada de PM y PC,large,12,30,55,3,53000.0,PM=0.2_PC=1,40,100,,1.0,0.2,3,True,A,0.5,nogood,8,0.15,,,,,,1414,13,False,,290799.9403407974,55500.0,193985.03719079745,41314.90315,1686828.3495935067,1977628.289934304,0,100.0,0,68.683,17,10,amoniaco|comprimido|liquido,2.042266905000133,100,4040,93,7,,2026-09-03T21:20:46,41bef26273
E03_PMPC,Calibracion combinada de PM y PC,large,12,30,55,3,53000.0,PM=0.2_PC=1,40,100,,1.0,0.2,3,True,A,0.5,nogood,8,0.15,,,,,,1515,14,True,5.041299900761876,267188.8947403794,32700.0,188794.0379403794,45694.8568,0.0,267188.8947403794,0,0.0,0,0.0,18,6,amoniaco|liquido,1.6985833379999349,100,4040,91,9,,2026-09-03T21:20:48,41bef26273
E03_PMPC,Calibracion combinada de PM y PC,large,12,30,55,3,53000.0,PM=0.2_PC=1,40,100,,1.0,0.2,3,True,A,0.5,nogood,8,0.15,,,,,,1616,15,False,,284844.60807128524,44800.0,191113.08597128527,48931.52209999999,1000000.0,1284844.6080712853,0,100.0,0,0.0,18,8,amoniaco|comprimido|liquido,1.713869908000106,100,4040,98,2,,2026-09-03T21:20:50,41bef26273
E03_PMPC,Calibracion combinada de PM y PC,large,12,30,55,3,53000.0,PM=0.2_PC=1,40,100,,1.0,0.2,3,True,A,0.5,nogood,8,0.15,,,,,,1717,16,True,5.361135065994272,284140.15849769645,49500.0,179714.76964769646,54925.38885000001,0.0,284140.15849769645,0,0.0,0,0.0,25,9,amoniaco|liquido,1.8289227200000369,100,4040,91,9,,2026-09-03T21:20:51,41bef26273
E03_PMPC,Calibracion combinada de PM y PC,large,12,30,55,3,53000.0,PM=0.2_PC=1,40,100,,1.0,0.2,3,True,A,0.5,nogood,8,0.15,,,,,,1818,17,True,5.214858394605511,276387.4949140921,44000.0,185421.40921409213,46966.08570000001,0.0,276387.4949140921,0,0.0,0,0.0,17,8,amoniaco|liquido,1.714415236999912,100,4040,96,4,,2026-09-03T21:20:53,41bef26273
E03_PMPC,Calibracion combinada de PM y PC,large,12,30,55,3,53000.0,PM=0.2_PC=1,40,100,,1.0,0.2,3,True,A,0.5,nogood,8,0.15,,,,,,1919,18,True,5.160424565109679,273502.501950813,44300.0,184880.081300813,44322.420650000015,0.0,273502.501950813,0,0.0,0,0.0,23,8,amoniaco|liquido,1.812268351000057,100,4040,98,2,,2026-09-03T21:20:55,41bef26273
E03_PMPC,Calibracion combinada de PM y PC,large,12,30,55,3,53000.0,PM=0.2_PC=1,40,100,,1.0,0.2,3,True,A,0.5,nogood,8,0.15,,,,,,2020,19,True,5.239504121294166,277693.7184285908,49400.0,187907.8590785908,40385.85935000001,0.0,277693.7184285908,0,0.0,0,0.0,17,9,amoniaco|liquido,2.4195318810000117,100,4040,95,5,,2026-09-03T21:20:57,41bef26273
