exp_id,calibracion,instancia,P,J,K,M,HTotal,id_config,tam_poblacion,n_generaciones,tiempo_max,prob_cruce,prob_mutacion,k_torneo,elitismo,tipo_init,frac_semilla,pool_tipo,pool_n,pool_sigma,m_ref,w_visita,w_capacidad,w_camiones,w_produccion,semilla,rep,factible,lcoh,coste_total,capex,opex,transporte,penalizacion,fitness,viol_visita,viol_capacidad,viol_camiones,viol_produccion,n_camiones,n_plantas_abiertas,modos_usados,tiempo_s,generaciones_ejec,evaluaciones,gen_mejor,gen_estancamiento,error,timestamp,hash_config
E01_PM,Calibracion de la probabilidad de mutacion,small,4,8,16,3,22400.0,PM=0.001,40,100,,1.0,0.001,3,True,A,0.5,nogood,8,0.15,,,,,,101,0,False,,102998.70054295394,15900.0,75539.29539295394,11559.405149999999,5201443.390243912,5304442.090786866,0,0.0,0,520.144,7,3,amoniaco|liquido,0.9553564309999274,100,4040,0,100,,2026-09-03T18:36:54,cb64b0112d
E01_PM,Calibracion de la probabilidad de mutacion,small,4,8,16,3,22400.0,PM=0.001,40,100,,1.0,0.001,3,True,A,0.5,nogood,8,0.15,,,,,,202,1,True,4.920291248378823,110214.52396368564,21100.0,74856.36856368565,14258.155399999996,0.0,110214.52396368564,0,0.0,0,0.0,7,4,amoniaco|liquido,0.9446995450000486,100,4040,0,100,,2026-09-03T18:36:55,cb64b0112d
E01_PM,Calibracion de la probabilidad de mutacion,small,4,8,16,3,22400.0,PM=0.001,40,100,,1.0,0.001,3,True,A,0.5,nogood,8,0.15,,,,,,303,2,False,,104875.31260243904,15900.0,72390.24390243903,16585.0687,12392336.780487822,12497212.093090262,0,0.0,0,1239.234,8,3,liquido,0.95988218399998,100,4040,4,96,,2026-09-03T18:36:56,cb64b0112d
E01_PM,Calibracion de la probabilidad de mutacion,small,4,8,16,3,22400.0,PM=0.001,40,100,,1.0,0.001,3,True,A,0.5,nogood,8,0.15,,,,,,404,3,False,,106610.07029295394,15900.0,75539.29539295394,15170.7749,5201443.390243912,5308053.460536866,0,0.0,0,520.144,7,3,amoniaco|liquido,0.9136719750001703,100,4040,9,91,,2026-09-03T18:36:57,cb64b0112d
E01_PM,Calibracion de la probabilidad de mutacion,small,4,8,16,3,22400.0,PM=0.001,40,100,,1.0,0.001,3,True,A,0.5,nogood,8,0.15,,,,,,505,4,False,,113195.20051368565,21100.0,74856.36856368564,17238.831950000003,5201443.390243912,5314638.590757598,0,0.0,0,520.144,7,4,amoniaco|liquido,0.9634119369998189,100,4040,0,100,,2026-09-03T18:36:58,cb64b0112d
E01_PM,Calibracion de la probabilidad de mutacion,small,4,8,16,3,22400.0,PM=0.001,40,100,,1.0,0.001,3,True,A,0.5,nogood,8,0.15,,,,,,606,5,False,,113142.09294430894,21100.0,76089.43089430894,15952.66205,5502813.3902439,5615955.483188209,0,0.0,0,550.281,7,4,amoniaco|liquido,0.9324885109999741,100,4040,0,100,,2026-09-03T18:36:59,cb64b0112d
E01_PM,Calibracion de la probabilidad de mutacion,small,4,8,16,3,22400.0,PM=0.001,40,100,,1.0,0.001,3,True,A,0.5,nogood,8,0.15,,,,,,707,6,False,,106603.16424295394,15900.0,75539.29539295394,15163.86885,5502813.3902439,5609416.554486854,0,0.0,0,550.281,7,3,amoniaco|liquido,0.8992547499999546,100,4040,0,100,,2026-09-03T18:37:00,cb64b0112d
E01_PM,Calibracion de la probabilidad de mutacion,small,4,8,16,3,22400.0,PM=0.001,40,100,,1.0,0.001,3,True,A,0.5,nogood,8,0.15,,,,,,808,7,False,,113216.66093441736,21100.0,74173.44173441736,17943.2192,7190893.390243909,7304110.051178327,0,0.0,0,719.089,7,4,amoniaco|liquido,1.185671432999925,100,4040,11,89,,2026-09-03T18:37:01,cb64b0112d
E01_PM,Calibracion de la probabilidad de mutacion,small,4,8,16,3,22400.0,PM=0.001,40,100,,1.0,0.001,3,True,A,0.5,nogood,8,0.15,,,,,,909,8,False,,106111.1222012195,15900.0,78195.12195121951,12016.000250000001,5201443.390243912,5307554.512445131,0,0.0,0,520.144,6,3,amoniaco|liquido,1.569038646999843,100,4040,98,2,,2026-09-03T18:37:03,cb64b0112d
E01_PM,Calibracion de la probabilidad de mutacion,small,4,8,16,3,22400.0,PM=0.001,40,100,,1.0,0.001,3,True,A,0.5,nogood,8,0.15,,,,,,1010,9,True,5.053858367051395,113206.42742195123,21100.0,77512.19512195123,14594.2323,0.0,113206.42742195123,0,0.0,0,0.0,6,4,amoniaco|liquido,1.6588681910000105,100,4040,47,53,,2026-09-03T18:37:04,cb64b0112d
E01_PM,Calibracion de la probabilidad de mutacion,small,4,8,16,3,22400.0,PM=0.001,40,100,,1.0,0.001,3,True,A,0.5,nogood,8,0.15,,,,,,1111,10,False,,110349.52942222221,15900.0,83222.22222222222,11227.3072,20098083.333333362,20208432.862755585,0,0.0,0,2009.808,5,3,amoniaco,1.4032362159998684,100,4040,24,76,,2026-09-03T18:37:06,cb64b0112d
E01_PM,Calibracion de la probabilidad de mutacion,small,4,8,16,3,22400.0,PM=0.001,40,100,,1.0,0.001,3,True,A,0.5,nogood,8,0.15,,,,,,1212,11,True,5.085997170695412,113926.33662357724,21100.0,76772.35772357724,16053.978900000002,0.0,113926.33662357724,0,0.0,0,0.0,7,4,amoniaco|liquido,1.0280359119999503,100,4040,13,87,,2026-09-03T18:37:07,cb64b0112d
E01_PM,Calibracion de la probabilidad de mutacion,small,4,8,16,3,22400.0,PM=0.001,40,100,,1.0,0.001,3,True,A,0.5,nogood,8,0.15,,,,,,1313,12,False,,105464.43320514906,15600.0,73490.51490514906,16373.918300000003,12392336.780487822,12497801.21369297,0,0.0,0,1239.234,7,3,amoniaco|liquido,0.8965857040000174,100,4040,7,93,,2026-09-03T18:37:08,cb64b0112d
E01_PM,Calibracion de la probabilidad de mutacion,small,4,8,16,3,22400.0,PM=0.001,40,100,,1.0,0.001,3,True,A,0.5,nogood,8,0.15,,,,,,1414,13,True,4.8817046194166185,109350.18347493226,21100.0,77322.49322493226,10927.69025,0.0,109350.18347493226,0,0.0,0,0.0,6,4,amoniaco|liquido,0.9325695549998727,100,4040,0,100,,2026-09-03T18:37:09,cb64b0112d
E01_PM,Calibracion de la probabilidad de mutacion,small,4,8,16,3,22400.0,PM=0.001,40,100,,1.0,0.001,3,True,A,0.5,nogood,8,0.15,,,,,,1515,14,False,,113401.94051070462,21100.0,75046.07046070462,17255.87005,7190893.390243909,7304295.3307546135,0,0.0,0,719.089,7,4,amoniaco|liquido,0.8829801009999301,100,4040,0,100,,2026-09-03T18:37:09,cb64b0112d
E01_PM,Calibracion de la probabilidad de mutacion,small,4,8,16,3,22400.0,PM=0.001,40,100,,1.0,0.001,3,True,A,0.5,nogood,8,0.15,,,,,,1616,15,False,,107276.55059295394,15900.0,75539.29539295394,15837.255200000001,7190893.390243909,7298169.940836864,0,0.0,0,719.089,7,3,amoniaco|liquido,0.8786075759999221,100,4040,20,80,,2026-09-03T18:37:10,cb64b0112d
E01_PM,Calibracion de la probabilidad de mutacion,small,4,8,16,3,22400.0,PM=0.001,40,100,,1.0,0.001,3,True,A,0.5,nogood,8,0.15,,,,,,1717,16,False,,104353.69518170731,15900.0,73073.17073170732,15380.52445,7190893.390243909,7295247.085425616,0,0.0,0,719.089,8,3,liquido,1.0078076059999148,100,4040,2,98,,2026-09-03T18:37:11,cb64b0112d
E01_PM,Calibracion de la probabilidad de mutacion,small,4,8,16,3,22400.0,PM=0.001,40,100,,1.0,0.001,3,True,A,0.5,nogood,8,0.15,,,,,,1818,17,True,5.080661757748984,113806.82337357724,21100.0,76772.35772357724,15934.465650000002,0.0,113806.82337357724,0,0.0,0,0.0,7,4,amoniaco|liquido,0.8637330319998,100,4040,0,100,,2026-09-03T18:37:12,cb64b0112d
E01_PM,Calibracion de la probabilidad de mutacion,small,4,8,16,3,22400.0,PM=0.001,40,100,,1.0,0.001,3,True,A,0.5,nogood,8,0.15,,,,,,1919,18,False,,100795.54176025775,15900.0,74790.17471025775,10105.367049999999,41558521.0569106,41659316.598670855,0,3400.0,0,755.852,7,3,amoniaco|comprimido|liquido,1.0189264730001923,100,4040,0,100,,2026-09-03T18:37:13,cb64b0112d
E01_PM,Calibracion de la probabilidad de mutacion,small,4,8,16,3,22400.0,PM=0.001,40,100,,1.0,0.001,3,True,A,0.5,nogood,8,0.15,,,,,,2020,19,False,,106754.33017317073,21100.0,71707.31707317074,13947.0131,7190893.390243909,7297647.72041708,0,0.0,0,719.089,8,4,liquido,0.9975172960000691,100,4040,0,100,,2026-09-03T18:37:14,cb64b0112d
E01_PM,Calibracion de la probabilidad de mutacion,small,4,8,16,3,22400.0,PM=0.01,40,100,,1.0,0.01,3,True,A,0.5,nogood,8,0.15,,,,,,101,0,False,,102998.70054295394,15900.0,75539.29539295394,11559.405149999999,5201443.390243912,5304442.090786866,0,0.0,0,520.144,7,3,amoniaco|liquido,0.8758748319999086,100,4040,0,100,,2026-09-03T18:37:15,06ada56300
E01_PM,Calibracion de la probabilidad de mutacion,small,4,8,16,3,22400.0,PM=0.01,40,100,,1.0,0.01,3,True,A,0.5,nogood,8,0.15,,,,,,202,1,True,4.867162769774729,109024.44604295393,21100.0,75539.29539295394,12385.150650000003,0.0,109024.44604295393,0,0.0,0,0.0,7,4,amoniaco|liquido,1.0347693860001073,100,4040,4,96,,2026-09-03T18:37:16,06ada56300
E01_PM,Calibracion de la probabilidad de mutacion,small,4,8,16,3,22400.0,PM=0.01,40,100,,1.0,0.01,3,True,A,0.5,nogood,8,0.15,,,,,,303,2,False,,107162.93313170732,15900.0,73073.17073170732,18189.762400000003,7190893.390243909,7298056.323375616,0,0.0,0,719.089,8,3,liquido,1.724122012999942,100,4040,43,57,,2026-09-03T18:37:18,06ada56300
E01_PM,Calibracion de la probabilidad de mutacion,small,4,8,16,3,22400.0,PM=0.01,40,100,,1.0,0.01,3,True,A,0.5,nogood,8,0.15,,,,,,404,3,False,,105205.55173170732,15900.0,73073.17073170732,16232.381000000001,5201443.390243912,5306648.94197562,0,0.0,0,520.144,8,3,liquido,1.68871389800006,100,4040,35,65,,2026-09-03T18:37:20,06ada56300
E01_PM,Calibracion de la probabilidad de mutacion,small,4,8,16,3,22400.0,PM=0.01,40,100,,1.0,0.01,3,True,A,0.5,nogood,8,0.15,,,,,,505,4,True,5.0353384961466805,112791.58231368565,21100.0,74856.36856368565,16835.21375,0.0,112791.58231368565,0,0.0,0,0.0,7,4,amoniaco|liquido,1.7304868240000815,100,4040,53,47,,2026-09-03T18:37:21,06ada56300
E01_PM,Calibracion de la probabilidad de mutacion,small,4,8,16,3,22400.0,PM=0.01,40,100,,1.0,0.01,3,True,A,0.5,nogood,8,0.15,,,,,,606,5,False,,105101.59259295394,15900.0,75539.29539295394,13662.297200000003,5502813.3902439,5607914.982836854,0,0.0,0,550.281,7,3,amoniaco|liquido,0.8965983059999871,100,4040,25,75,,2026-09-03T18:37:22,06ada56300
E01_PM,Calibracion de la probabilidad de mutacion,small,4,8,16,3,22400.0,PM=0.01,40,100,,1.0,0.01,3,True,A,0.5,nogood,8,0.15,,,,,,707,6,False,,104623.24943170731,15900.0,73073.17073170732,15650.078700000002,5201443.390243912,5306066.639675619,0,0.0,0,520.144,8,3,liquido,1.0495661329998711,100,4040,81,19,,2026-09-03T18:37:23,06ada56300
E01_PM,Calibracion de la probabilidad de mutacion,small,4,8,16,3,22400.0,PM=0.01,40,100,,1.0,0.01,3,True,A,0.5,nogood,8,0.15,,,,,,808,7,False,,105776.13613170732,15900.0,73073.17073170732,16802.965399999997,5502813.3902439,5608589.526375608,0,0.0,0,550.281,8,3,liquido,1.0009701530000257,100,4040,14,86,,2026-09-03T18:37:24,06ada56300
E01_PM,Calibracion de la probabilidad de mutacion,small,4,8,16,3,22400.0,PM=0.01,40,100,,1.0,0.01,3,True,A,0.5,nogood,8,0.15,,,,,,909,8,False,,106111.1222012195,15900.0,78195.12195121951,12016.000250000001,5201443.390243912,5307554.512445131,0,0.0,0,520.144,6,3,amoniaco|liquido,0.8980874869998843,100,4040,89,11,,2026-09-03T18:37:25,06ada56300
E01_PM,Calibracion de la probabilidad de mutacion,small,4,8,16,3,22400.0,PM=0.01,40,100,,1.0,0.01,3,True,A,0.5,nogood,8,0.15,,,,,,1010,9,False,,105209.93764295394,15900.0,75539.29539295394,13770.642249999997,5201443.390243912,5306653.327886866,0,0.0,0,520.144,7,3,amoniaco|liquido,1.0201229010001498,100,4040,12,88,,2026-09-03T18:37:26,06ada56300
E01_PM,Calibracion de la probabilidad de mutacion,small,4,8,16,3,22400.0,PM=0.01,40,100,,1.0,0.01,3,True,A,0.5,nogood,8,0.15,,,,,,1111,10,False,,103312.03048170732,15900.0,73073.17073170732,14338.85975,5502813.3902439,5606125.420725607,0,0.0,0,550.281,8,3,liquido,0.9911149050001313,100,4040,76,24,,2026-09-03T18:37:27,06ada56300
E01_PM,Calibracion de la probabilidad de mutacion,small,4,8,16,3,22400.0,PM=0.01,40,100,,1.0,0.01,3,True,A,0.5,nogood,8,0.15,,,,,,1212,11,True,4.944547093435443,110757.85489295394,21100.0,75539.29539295394,14118.559500000001,0.0,110757.85489295394,0,0.0,0,0.0,7,4,amoniaco|liquido,1.0793106460000672,100,4040,65,35,,2026-09-03T18:37:28,06ada56300
E01_PM,Calibracion de la probabilidad de mutacion,small,4,8,16,3,22400.0,PM=0.01,40,100,,1.0,0.01,3,True,A,0.5,nogood,8,0.15,,,,,,1313,12,False,,102807.22284295394,15900.0,75539.29539295394,11367.92745,5201443.390243912,5304250.613086866,0,0.0,0,520.144,7,3,amoniaco|liquido,1.0593100440000853,100,4040,62,38,,2026-09-03T18:37:29,06ada56300
E01_PM,Calibracion de la probabilidad de mutacion,small,4,8,16,3,22400.0,PM=0.01,40,100,,1.0,0.01,3,True,A,0.5,nogood,8,0.15,,,,,,1414,13,True,4.73130620596811,105981.25901368566,21100.0,74856.36856368565,10024.89045,0.0,105981.25901368566,0,0.0,0,0.0,7,4,amoniaco|liquido,0.9748476070001288,100,4040,93,7,,2026-09-03T18:37:30,06ada56300
E01_PM,Calibracion de la probabilidad de mutacion,small,4,8,16,3,22400.0,PM=0.01,40,100,,1.0,0.01,3,True,A,0.5,nogood,8,0.15,,,,,,1515,14,True,4.887171756805314,109472.64735243903,21100.0,72390.24390243903,15982.403450000002,0.0,109472.64735243903,0,0.0,0,0.0,8,4,liquido,1.6452177630001188,100,4040,90,10,,2026-09-03T18:37:32,06ada56300
E01_PM,Calibracion de la probabilidad de mutacion,small,4,8,16,3,22400.0,PM=0.01,40,100,,1.0,0.01,3,True,A,0.5,nogood,8,0.15,,,,,,1616,15,False,,105566.43678170732,15900.0,73073.17073170732,16593.266050000002,7190893.390243909,7296459.827025617,0,0.0,0,719.089,8,3,liquido,1.858119694999914,100,4040,90,10,,2026-09-03T18:37:34,06ada56300
E01_PM,Calibracion de la probabilidad de mutacion,small,4,8,16,3,22400.0,PM=0.01,40,100,,1.0,0.01,3,True,A,0.5,nogood,8,0.15,,,,,,1717,16,False,,104405.67463170731,15900.0,73073.17073170732,15432.5039,5502813.3902439,5607219.064875607,0,0.0,0,550.281,8,3,liquido,1.8877870520000215,100,4040,3,97,,2026-09-03T18:37:36,06ada56300
E01_PM,Calibracion de la probabilidad de mutacion,small,4,8,16,3,22400.0,PM=0.01,40,100,,1.0,0.01,3,True,A,0.5,nogood,8,0.15,,,,,,1818,17,True,5.039409300522649,112882.76833170732,21100.0,73073.17073170733,18709.597599999997,0.0,112882.76833170732,0,0.0,0,0.0,8,4,liquido,1.9276733589999822,100,4040,67,33,,2026-09-03T18:37:38,06ada56300
E01_PM,Calibracion de la probabilidad de mutacion,small,4,8,16,3,22400.0,PM=0.01,40,100,,1.0,0.01,3,True,A,0.5,nogood,8,0.15,,,,,,1919,18,False,,105828.48003170731,15900.0,73073.17073170732,16855.309299999997,7190893.390243909,7296721.870275617,0,0.0,0,719.089,8,3,liquido,1.5515386739998576,100,4040,34,66,,2026-09-03T18:37:39,06ada56300
E01_PM,Calibracion de la probabilidad de mutacion,small,4,8,16,3,22400.0,PM=0.01,40,100,,1.0,0.01,3,True,A,0.5,nogood,8,0.15,,,,,,2020,19,False,,106668.93709295393,15900.0,75539.29539295394,15229.641699999998,5502813.3902439,5609482.327336854,0,0.0,0,550.281,7,3,amoniaco|liquido,1.3529488320000382,100,4040,37,63,,2026-09-03T18:37:41,06ada56300
E01_PM,Calibracion de la probabilidad de mutacion,small,4,8,16,3,22400.0,PM=0.05,40,100,,1.0,0.05,3,True,A,0.5,nogood,8,0.15,,,,,,101,0,False,,101488.34858170732,15900.0,73073.17073170732,12515.177850000002,5201443.390243912,5302931.738825619,0,0.0,0,520.144,8,3,liquido,1.2086018110001078,100,4040,34,66,,2026-09-03T18:37:42,f95fb78e7b
E01_PM,Calibracion de la probabilidad de mutacion,small,4,8,16,3,22400.0,PM=0.05,40,100,,1.0,0.05,3,True,A,0.5,nogood,8,0.15,,,,,,202,1,True,4.886583142966028,109459.46240243904,21100.0,72390.24390243903,15969.2185,0.0,109459.46240243904,0,0.0,0,0.0,8,4,liquido,1.0647624000000633,100,4040,7,93,,2026-09-03T18:37:43,f95fb78e7b
E01_PM,Calibracion de la probabilidad de mutacion,small,4,8,16,3,22400.0,PM=0.05,40,100,,1.0,0.05,3,True,A,0.5,nogood,8,0.15,,,,,,303,2,False,,107237.52106084011,15900.0,74401.08401084012,16936.43705,5502813.3902439,5610050.91130474,0,0.0,0,550.281,8,3,amoniaco|liquido,1.5821482350002043,100,4040,27,73,,2026-09-03T18:37:44,f95fb78e7b
E01_PM,Calibracion de la probabilidad de mutacion,small,4,8,16,3,22400.0,PM=0.05,40,100,,1.0,0.05,3,True,A,0.5,nogood,8,0.15,,,,,,404,3,False,,103679.26103170731,15900.0,73073.17073170732,14706.090300000002,5201443.390243912,5305122.65127562,0,0.0,0,520.144,8,3,liquido,1.0763388180000675,100,4040,91,9,,2026-09-03T18:37:46,f95fb78e7b
E01_PM,Calibracion de la probabilidad de mutacion,small,4,8,16,3,22400.0,PM=0.05,40,100,,1.0,0.05,3,True,A,0.5,nogood,8,0.15,,,,,,505,4,True,4.958165589394599,111062.90920243903,21100.0,72390.24390243903,17572.665299999997,0.0,111062.90920243903,0,0.0,0,0.0,8,4,liquido,0.9706426610000563,100,4040,78,22,,2026-09-03T18:37:46,f95fb78e7b
E01_PM,Calibracion de la probabilidad de mutacion,small,4,8,16,3,22400.0,PM=0.05,40,100,,1.0,0.05,3,True,A,0.5,nogood,8,0.15,,,,,,606,5,True,4.963193634539538,111175.53741368566,21100.0,74856.36856368565,15219.168850000002,0.0,111175.53741368566,0,0.0,0,0.0,7,4,amoniaco|liquido,1.0898527450001438,100,4040,80,20,,2026-09-03T18:37:48,f95fb78e7b
E01_PM,Calibracion de la probabilidad de mutacion,small,4,8,16,3,22400.0,PM=0.05,40,100,,1.0,0.05,3,True,A,0.5,nogood,8,0.15,,,,,,707,6,False,,103127.36718170732,15900.0,73073.17073170732,14154.196450000001,5201443.390243912,5304570.757425619,0,0.0,0,520.144,8,3,liquido,1.7958074789999046,100,4040,87,13,,2026-09-03T18:37:49,f95fb78e7b
E01_PM,Calibracion de la probabilidad de mutacion,small,4,8,16,3,22400.0,PM=0.05,40,100,,1.0,0.05,3,True,A,0.5,nogood,8,0.15,,,,,,808,7,False,,106608.82544295394,15900.0,75539.29539295394,15169.530050000001,5502813.3902439,5609422.215686854,0,0.0,0,550.281,7,3,amoniaco|liquido,1.6883569169999646,100,4040,73,27,,2026-09-03T18:37:51,f95fb78e7b
E01_PM,Calibracion de la probabilidad de mutacion,small,4,8,16,3,22400.0,PM=0.05,40,100,,1.0,0.05,3,True,A,0.5,nogood,8,0.15,,,,,,909,8,False,,102434.06673170731,15900.0,73073.17073170732,13460.895999999999,5201443.390243912,5303877.456975619,0,0.0,0,520.144,8,3,liquido,1.714847772999974,100,4040,34,66,,2026-09-03T18:37:53,f95fb78e7b
E01_PM,Calibracion de la probabilidad de mutacion,small,4,8,16,3,22400.0,PM=0.05,40,100,,1.0,0.05,3,True,A,0.5,nogood,8,0.15,,,,,,1010,9,False,,101209.83848170732,15900.0,73073.17073170732,12236.66775,5201443.390243912,5302653.22872562,0,0.0,0,520.144,8,3,liquido,1.109072150999964,100,4040,18,82,,2026-09-03T18:37:54,f95fb78e7b
E01_PM,Calibracion de la probabilidad de mutacion,small,4,8,16,3,22400.0,PM=0.05,40,100,,1.0,0.05,3,True,A,0.5,nogood,8,0.15,,,,,,1111,10,False,,102769.16064295394,15900.0,75539.29539295394,11329.865249999999,5502813.3902439,5605582.550886854,0,0.0,0,550.281,7,3,amoniaco|liquido,0.9651784679999764,100,4040,54,46,,2026-09-03T18:37:55,f95fb78e7b
E01_PM,Calibracion de la probabilidad de mutacion,small,4,8,16,3,22400.0,PM=0.05,40,100,,1.0,0.05,3,True,A,0.5,nogood,8,0.15,,,,,,1212,11,True,4.683126472397649,104902.03298170734,21100.0,73073.17073170733,10728.86225,0.0,104902.03298170734,0,0.0,0,0.0,8,4,liquido,1.1025153460000183,100,4040,100,0,,2026-09-03T18:37:56,f95fb78e7b
E01_PM,Calibracion de la probabilidad de mutacion,small,4,8,16,3,22400.0,PM=0.05,40,100,,1.0,0.05,3,True,A,0.5,nogood,8,0.15,,,,,,1313,12,False,,105734.40198170731,15900.0,73073.17073170732,16761.231250000004,5502813.3902439,5608547.792225608,0,0.0,0,550.281,8,3,liquido,1.04619556800003,100,4040,21,79,,2026-09-03T18:37:57,f95fb78e7b
E01_PM,Calibracion de la probabilidad de mutacion,small,4,8,16,3,22400.0,PM=0.05,40,100,,1.0,0.05,3,True,A,0.5,nogood,8,0.15,,,,,,1414,13,True,4.650258609483886,104165.79285243903,21100.0,72390.24390243903,10675.548950000002,0.0,104165.79285243903,0,0.0,0,0.0,8,4,liquido,1.0147349440001108,100,4040,30,70,,2026-09-03T18:37:58,f95fb78e7b
E01_PM,Calibracion de la probabilidad de mutacion,small,4,8,16,3,22400.0,PM=0.05,40,100,,1.0,0.05,3,True,A,0.5,nogood,8,0.15,,,,,,1515,14,True,4.8513250036476485,108669.68008170732,21100.0,73073.17073170733,14496.509349999998,0.0,108669.68008170732,0,0.0,0,0.0,8,4,liquido,1.1091022079999675,100,4040,75,25,,2026-09-03T18:37:59,f95fb78e7b
E01_PM,Calibracion de la probabilidad de mutacion,small,4,8,16,3,22400.0,PM=0.05,40,100,,1.0,0.05,3,True,A,0.5,nogood,8,0.15,,,,,,1616,15,False,,105266.49073170732,15900.0,73073.17073170732,16293.320000000003,5502813.3902439,5608079.880975608,0,0.0,0,550.281,8,3,liquido,1.578269459000012,100,4040,47,53,,2026-09-03T18:38:01,f95fb78e7b
E01_PM,Calibracion de la probabilidad de mutacion,small,4,8,16,3,22400.0,PM=0.05,40,100,,1.0,0.05,3,True,A,0.5,nogood,8,0.15,,,,,,1717,16,False,,99636.86303170731,15900.0,73073.17073170732,10663.692299999999,5502813.3902439,5602450.253275608,0,0.0,0,550.281,8,3,liquido,1.192373532999909,100,4040,34,66,,2026-09-03T18:38:02,f95fb78e7b
E01_PM,Calibracion de la probabilidad de mutacion,small,4,8,16,3,22400.0,PM=0.05,40,100,,1.0,0.05,3,True,A,0.5,nogood,8,0.15,,,,,,1818,17,True,4.711065767040505,105527.87318170733,21100.0,73073.17073170733,11354.70245,0.0,105527.87318170733,0,0.0,0,0.0,8,4,liquido,1.4670726660001492,100,4040,95,5,,2026-09-03T18:38:03,f95fb78e7b
E01_PM,Calibracion de la probabilidad de mutacion,small,4,8,16,3,22400.0,PM=0.05,40,100,,1.0,0.05,3,True,A,0.5,nogood,8,0.15,,,,,,1919,18,False,,99617.39918170731,15900.0,73073.17073170732,10644.228449999999,5201443.390243912,5301060.78942562,0,0.0,0,520.144,8,3,liquido,1.858342895000078,100,4040,66,34,,2026-09-03T18:38:05,f95fb78e7b
E01_PM,Calibracion de la probabilidad de mutacion,small,4,8,16,3,22400.0,PM=0.05,40,100,,1.0,0.05,3,True,A,0.5,nogood,8,0.15,,,,,,2020,19,True,4.681518128647649,104866.00608170732,21100.0,73073.17073170733,10692.83535,0.0,104866.00608170732,0,0.0,0,0.0,8,4,liquido,1.7127488529999937,100,4040,9,91,,2026-09-03T18:38:07,f95fb78e7b
E01_PM,Calibracion de la probabilidad de mutacion,small,4,8,16,3,22400.0,PM=0.1,40,100,,1.0,0.1,3,True,A,0.5,nogood,8,0.15,,,,,,101,0,False,,102694.79463170732,15900.0,73073.17073170732,13721.6239,5201443.390243912,5304138.18487562,0,0.0,0,520.144,8,3,liquido,1.4034537120001005,100,4040,38,62,,2026-09-03T18:38:08,c032d66d6c
E01_PM,Calibracion de la probabilidad de mutacion,small,4,8,16,3,22400.0,PM=0.1,40,100,,1.0,0.1,3,True,A,0.5,nogood,8,0.15,,,,,,202,1,True,4.723954763501743,105816.58670243903,21100.0,72390.24390243903,12326.3428,0.0,105816.58670243903,0,0.0,0,0.0,8,4,liquido,0.9222336190000533,100,4040,100,0,,2026-09-03T18:38:09,c032d66d6c
E01_PM,Calibracion de la probabilidad de mutacion,small,4,8,16,3,22400.0,PM=0.1,40,100,,1.0,0.1,3,True,A,0.5,nogood,8,0.15,,,,,,303,2,True,4.632003291594077,103756.87373170732,21100.0,73073.17073170733,9583.703,0.0,103756.87373170732,0,0.0,0,0.0,8,4,liquido,0.9586191779999353,100,4040,70,30,,2026-09-03T18:38:10,c032d66d6c
E01_PM,Calibracion de la probabilidad de mutacion,small,4,8,16,3,22400.0,PM=0.1,40,100,,1.0,0.1,3,True,A,0.5,nogood,8,0.15,,,,,,404,3,True,4.673885669751742,104695.03900243904,21100.0,72390.24390243903,11204.795100000003,0.0,104695.03900243904,0,0.0,0,0.0,8,4,liquido,0.9745314029999008,100,4040,58,42,,2026-09-03T18:38:11,c032d66d6c
E01_PM,Calibracion de la probabilidad de mutacion,small,4,8,16,3,22400.0,PM=0.1,40,100,,1.0,0.1,3,True,A,0.5,nogood,8,0.15,,,,,,505,4,True,4.786193471091028,107210.73375243903,21100.0,72390.24390243903,13720.48985,0.0,107210.73375243903,0,0.0,0,0.0,8,4,liquido,0.9432213299999148,100,4040,81,19,,2026-09-03T18:38:12,c032d66d6c
E01_PM,Calibracion de la probabilidad de mutacion,small,4,8,16,3,22400.0,PM=0.1,40,100,,1.0,0.1,3,True,A,0.5,nogood,8,0.15,,,,,,606,5,True,4.632003291594077,103756.87373170732,21100.0,73073.17073170733,9583.703,0.0,103756.87373170732,0,0.0,0,0.0,8,4,liquido,0.9471059420000074,100,4040,80,20,,2026-09-03T18:38:13,c032d66d6c
E01_PM,Calibracion de la probabilidad de mutacion,small,4,8,16,3,22400.0,PM=0.1,40,100,,1.0,0.1,3,True,A,0.5,nogood,8,0.15,,,,,,707,6,False,,102334.82533170731,15900.0,73073.17073170732,13361.6546,5201443.390243912,5303778.21557562,0,0.0,0,520.144,8,3,liquido,1.0014062719999401,100,4040,45,55,,2026-09-03T18:38:14,c032d66d6c
E01_PM,Calibracion de la probabilidad de mutacion,small,4,8,16,3,22400.0,PM=0.1,40,100,,1.0,0.1,3,True,A,0.5,nogood,8,0.15,,,,,,808,7,True,4.608414470165505,103228.48413170733,21100.0,73073.17073170733,9055.313400000001,0.0,103228.48413170733,0,0.0,0,0.0,8,4,liquido,0.9803593879998971,100,4040,95,5,,2026-09-03T18:38:15,c032d66d6c
E01_PM,Calibracion de la probabilidad de mutacion,small,4,8,16,3,22400.0,PM=0.1,40,100,,1.0,0.1,3,True,A,0.5,nogood,8,0.15,,,,,,909,8,False,,102434.06673170731,15900.0,73073.17073170732,13460.896,5201443.390243912,5303877.456975619,0,0.0,0,520.144,8,3,liquido,0.9368236230000093,100,4040,89,11,,2026-09-03T18:38:16,c032d66d6c
E01_PM,Calibracion de la probabilidad de mutacion,small,4,8,16,3,22400.0,PM=0.1,40,100,,1.0,0.1,3,True,A,0.5,nogood,8,0.15,,,,,,1010,9,False,,101351.47818170731,15900.0,73073.17073170732,12378.307449999998,5201443.390243912,5302794.86842562,0,0.0,0,520.144,8,3,liquido,0.9400212430000465,100,4040,73,27,,2026-09-03T18:38:17,c032d66d6c
E01_PM,Calibracion de la probabilidad de mutacion,small,4,8,16,3,22400.0,PM=0.1,40,100,,1.0,0.1,3,True,A,0.5,nogood,8,0.15,,,,,,1111,10,True,4.696687084930314,105205.79070243903,21100.0,72390.24390243903,11715.546800000002,0.0,105205.79070243903,0,0.0,0,0.0,8,4,liquido,1.0016366400000152,100,4040,99,1,,2026-09-03T18:38:18,c032d66d6c
E01_PM,Calibracion de la probabilidad de mutacion,small,4,8,16,3,22400.0,PM=0.1,40,100,,1.0,0.1,3,True,A,0.5,nogood,8,0.15,,,,,,1212,11,True,4.7754925425196,106971.03295243903,21100.0,72390.24390243903,13480.789049999998,0.0,106971.03295243903,0,0.0,0,0.0,8,4,liquido,1.6993185659998744,100,4040,75,25,,2026-09-03T18:38:20,c032d66d6c
E01_PM,Calibracion de la probabilidad de mutacion,small,4,8,16,3,22400.0,PM=0.1,40,100,,1.0,0.1,3,True,A,0.5,nogood,8,0.15,,,,,,1313,12,False,,100289.53933170732,15900.0,73073.17073170732,11316.3686,5502813.3902439,5603102.929575607,0,0.0,0,550.281,8,3,liquido,1.6362745520000317,100,4040,67,33,,2026-09-03T18:38:21,c032d66d6c
E01_PM,Calibracion de la probabilidad de mutacion,small,4,8,16,3,22400.0,PM=0.1,40,100,,1.0,0.1,3,True,A,0.5,nogood,8,0.15,,,,,,1414,13,True,4.650258609483886,104165.79285243903,21100.0,72390.24390243903,10675.54895,0.0,104165.79285243903,0,0.0,0,0.0,8,4,liquido,1.7230479620000096,100,4040,33,67,,2026-09-03T18:38:23,c032d66d6c
E01_PM,Calibracion de la probabilidad de mutacion,small,4,8,16,3,22400.0,PM=0.1,40,100,,1.0,0.1,3,True,A,0.5,nogood,8,0.15,,,,,,1515,14,True,4.685470799216028,104954.54590243903,21100.0,72390.24390243903,11464.302,0.0,104954.54590243903,0,0.0,0,0.0,8,4,liquido,1.0717326680000951,100,4040,68,32,,2026-09-03T18:38:24,c032d66d6c
E01_PM,Calibracion de la probabilidad de mutacion,small,4,8,16,3,22400.0,PM=0.1,40,100,,1.0,0.1,3,True,A,0.5,nogood,8,0.15,,,,,,1616,15,True,4.812042318379792,107789.74793170733,21100.0,73073.17073170733,13616.577200000003,0.0,107789.74793170733,0,0.0,0,0.0,8,4,liquido,0.9970461460000024,100,4040,50,50,,2026-09-03T18:38:25,c032d66d6c
E01_PM,Calibracion de la probabilidad de mutacion,small,4,8,16,3,22400.0,PM=0.1,40,100,,1.0,0.1,3,True,A,0.5,nogood,8,0.15,,,,,,1717,16,False,,99636.86303170731,15900.0,73073.17073170732,10663.692299999999,5502813.3902439,5602450.253275608,0,0.0,0,550.281,8,3,liquido,0.9681406239999433,100,4040,39,61,,2026-09-03T18:38:26,c032d66d6c
E01_PM,Calibracion de la probabilidad de mutacion,small,4,8,16,3,22400.0,PM=0.1,40,100,,1.0,0.1,3,True,A,0.5,nogood,8,0.15,,,,,,1818,17,True,4.840830281860967,108434.59831368565,21100.0,74856.36856368565,12478.22975,0.0,108434.59831368565,0,0.0,0,0.0,7,4,amoniaco|liquido,0.9929748570000356,100,4040,78,22,,2026-09-03T18:38:27,c032d66d6c
E01_PM,Calibracion de la probabilidad de mutacion,small,4,8,16,3,22400.0,PM=0.1,40,100,,1.0,0.1,3,True,A,0.5,nogood,8,0.15,,,,,,1919,18,True,4.780177554986934,107075.97723170732,21100.0,73073.17073170733,12902.806499999997,0.0,107075.97723170732,0,0.0,0,0.0,8,4,liquido,1.0116723599999204,100,4040,95,5,,2026-09-03T18:38:28,c032d66d6c
E01_PM,Calibracion de la probabilidad de mutacion,small,4,8,16,3,22400.0,PM=0.1,40,100,,1.0,0.1,3,True,A,0.5,nogood,8,0.15,,,,,,2020,19,True,4.647745139808363,104109.49113170733,21100.0,73073.17073170733,9936.3204,0.0,104109.49113170733,0,0.0,0,0.0,8,4,liquido,0.949442850999958,100,4040,56,44,,2026-09-03T18:38:29,c032d66d6c
E01_PM,Calibracion de la probabilidad de mutacion,small,4,8,16,3,22400.0,PM=0.2,40,100,,1.0,0.2,3,True,A,0.5,nogood,8,0.15,,,,,,101,0,False,,102901.65608170732,15900.0,73073.17073170732,13928.485349999999,5201443.390243912,5304345.046325619,0,0.0,0,520.144,8,3,liquido,0.9409582810001211,100,4040,16,84,,2026-09-03T18:38:30,41bef26273
E01_PM,Calibracion de la probabilidad de mutacion,small,4,8,16,3,22400.0,PM=0.2,40,100,,1.0,0.2,3,True,A,0.5,nogood,8,0.15,,,,,,202,1,True,4.687219927754791,104993.72638170733,21100.0,73073.17073170733,10820.55565,0.0,104993.72638170733,0,0.0,0,0.0,8,4,liquido,0.9919791719999012,100,4040,63,37,,2026-09-03T18:38:31,41bef26273
E01_PM,Calibracion de la probabilidad de mutacion,small,4,8,16,3,22400.0,PM=0.2,40,100,,1.0,0.2,3,True,A,0.5,nogood,8,0.15,,,,,,303,2,False,,101559.86403170732,15900.0,73073.17073170732,12586.693299999999,5201443.390243912,5303003.254275619,0,0.0,0,520.144,8,3,liquido,0.996510502000092,100,4040,97,3,,2026-09-03T18:38:32,41bef26273
E01_PM,Calibracion de la probabilidad de mutacion,small,4,8,16,3,22400.0,PM=0.2,40,100,,1.0,0.2,3,True,A,0.5,nogood,8,0.15,,,,,,404,3,True,4.673885669751742,104695.03900243904,21100.0,72390.24390243903,11204.795100000001,0.0,104695.03900243904,0,0.0,0,0.0,8,4,liquido,1.0429265740001483,100,4040,70,30,,2026-09-03T18:38:33,41bef26273
E01_PM,Calibracion de la probabilidad de mutacion,small,4,8,16,3,22400.0,PM=0.2,40,100,,1.0,0.2,3,True,A,0.5,nogood,8,0.15,,,,,,505,4,True,4.677190945611934,104769.07718170733,21100.0,73073.17073170733,10595.90645,0.0,104769.07718170733,0,0.0,0,0.0,8,4,liquido,1.8827600419999726,100,4040,84,16,,2026-09-03T18:38:35,41bef26273
E01_PM,Calibracion de la probabilidad de mutacion,small,4,8,16,3,22400.0,PM=0.2,40,100,,1.0,0.2,3,True,A,0.5,nogood,8,0.15,,,,,,606,5,True,4.632003291594077,103756.87373170732,21100.0,73073.17073170733,9583.703,0.0,103756.87373170732,0,0.0,0,0.0,8,4,liquido,1.688864181999861,100,4040,97,3,,2026-09-03T18:38:37,41bef26273
E01_PM,Calibracion de la probabilidad de mutacion,small,4,8,16,3,22400.0,PM=0.2,40,100,,1.0,0.2,3,True,A,0.5,nogood,8,0.15,,,,,,707,6,False,,101351.47818170731,15900.0,73073.17073170732,12378.307449999998,5201443.390243912,5302794.86842562,0,0.0,0,520.144,8,3,liquido,2.0385661380000784,100,4040,100,0,,2026-09-03T18:38:39,41bef26273
E01_PM,Calibracion de la probabilidad de mutacion,small,4,8,16,3,22400.0,PM=0.2,40,100,,1.0,0.2,3,True,A,0.5,nogood,8,0.15,,,,,,808,7,True,4.677190945611934,104769.07718170733,21100.0,73073.17073170733,10595.906449999999,0.0,104769.07718170733,0,0.0,0,0.0,8,4,liquido,0.9314027279999664,100,4040,55,45,,2026-09-03T18:38:40,41bef26273
E01_PM,Calibracion de la probabilidad de mutacion,small,4,8,16,3,22400.0,PM=0.2,40,100,,1.0,0.2,3,True,A,0.5,nogood,8,0.15,,,,,,909,8,False,,102434.06673170731,15900.0,73073.17073170732,13460.895999999999,5201443.390243912,5303877.456975619,0,0.0,0,520.144,8,3,liquido,0.9163191840000309,100,4040,20,80,,2026-09-03T18:38:41,41bef26273
E01_PM,Calibracion de la probabilidad de mutacion,small,4,8,16,3,22400.0,PM=0.2,40,100,,1.0,0.2,3,True,A,0.5,nogood,8,0.15,,,,,,1010,9,False,,101209.83848170732,15900.0,73073.17073170732,12236.667750000002,5201443.390243912,5302653.22872562,0,0.0,0,520.144,8,3,liquido,0.9080290100000639,100,4040,31,69,,2026-09-03T18:38:42,41bef26273
E01_PM,Calibracion de la probabilidad de mutacion,small,4,8,16,3,22400.0,PM=0.2,40,100,,1.0,0.2,3,True,A,0.5,nogood,8,0.15,,,,,,1111,10,False,,100362.71978170732,15900.0,73073.17073170732,11389.54905,5201443.390243912,5301806.110025619,0,0.0,0,520.144,8,3,liquido,0.8771720240001741,100,4040,41,59,,2026-09-03T18:38:42,41bef26273
E01_PM,Calibracion de la probabilidad de mutacion,small,4,8,16,3,22400.0,PM=0.2,40,100,,1.0,0.2,3,True,A,0.5,nogood,8,0.15,,,,,,1212,11,True,4.766313456772649,106765.42143170733,21100.0,73073.17073170733,12592.250700000004,0.0,106765.42143170733,0,0.0,0,0.0,8,4,liquido,0.9705384659998799,100,4040,55,45,,2026-09-03T18:38:43,41bef26273
E01_PM,Calibracion de la probabilidad de mutacion,small,4,8,16,3,22400.0,PM=0.2,40,100,,1.0,0.2,3,True,A,0.5,nogood,8,0.15,,,,,,1313,12,True,4.651606188915506,104195.97863170733,21100.0,73073.17073170733,10022.8079,0.0,104195.97863170733,0,0.0,0,0.0,8,4,liquido,0.945147200999827,100,4040,89,11,,2026-09-03T18:38:44,41bef26273
E01_PM,Calibracion de la probabilidad de mutacion,small,4,8,16,3,22400.0,PM=0.2,40,100,,1.0,0.2,3,True,A,0.5,nogood,8,0.15,,,,,,1414,13,True,4.614921432219077,103374.24008170734,21100.0,73073.17073170733,9201.06935,0.0,103374.24008170734,0,0.0,0,0.0,8,4,liquido,0.9065645510002014,100,4040,58,42,,2026-09-03T18:38:45,41bef26273
E01_PM,Calibracion de la probabilidad de mutacion,small,4,8,16,3,22400.0,PM=0.2,40,100,,1.0,0.2,3,True,A,0.5,nogood,8,0.15,,,,,,1515,14,True,4.7501570103440764,106403.51703170732,21100.0,73073.17073170733,12230.346299999996,0.0,106403.51703170732,0,0.0,0,0.0,8,4,liquido,0.9282564770001045,100,4040,70,30,,2026-09-03T18:38:46,41bef26273
E01_PM,Calibracion de la probabilidad de mutacion,small,4,8,16,3,22400.0,PM=0.2,40,100,,1.0,0.2,3,True,A,0.5,nogood,8,0.15,,,,,,1616,15,False,,103038.90203170732,15900.0,73073.17073170732,14065.731300000001,5502813.3902439,5605852.292275608,0,0.0,0,550.281,8,3,liquido,0.9435802830000739,100,4040,46,54,,2026-09-03T18:38:47,41bef26273
E01_PM,Calibracion de la probabilidad de mutacion,small,4,8,16,3,22400.0,PM=0.2,40,100,,1.0,0.2,3,True,A,0.5,nogood,8,0.15,,,,,,1717,16,False,,104405.67463170731,15900.0,73073.17073170732,15432.503900000002,5502813.3902439,5607219.064875607,0,0.0,0,550.281,8,3,liquido,0.9077343459998701,100,4040,1,99,,2026-09-03T18:38:48,41bef26273
E01_PM,Calibracion de la probabilidad de mutacion,small,4,8,16,3,22400.0,PM=0.2,40,100,,1.0,0.2,3,True,A,0.5,nogood,8,0.15,,,,,,1818,17,True,4.650258609483886,104165.79285243903,21100.0,72390.24390243903,10675.548950000002,0.0,104165.79285243903,0,0.0,0,0.0,8,4,liquido,1.1751035269999193,100,4040,96,4,,2026-09-03T18:38:49,41bef26273
E01_PM,Calibracion de la probabilidad de mutacion,small,4,8,16,3,22400.0,PM=0.2,40,100,,1.0,0.2,3,True,A,0.5,nogood,8,0.15,,,,,,1919,18,False,,102204.64453170732,15900.0,73073.17073170732,13231.473800000002,5201443.390243912,5303648.034775619,0,0.0,0,520.144,8,3,liquido,1.6872143810001035,100,4040,37,63,,2026-09-03T18:38:51,41bef26273
E01_PM,Calibracion de la probabilidad de mutacion,small,4,8,16,3,22400.0,PM=0.2,40,100,,1.0,0.2,3,True,A,0.5,nogood,8,0.15,,,,,,2020,19,True,4.659418587162457,104370.97635243903,21100.0,72390.24390243903,10880.73245,0.0,104370.97635243903,0,0.0,0,0.0,8,4,liquido,1.7291402650000691,100,4040,74,26,,2026-09-03T18:38:53,41bef26273
E01_PM,Calibracion de la probabilidad de mutacion,medium,8,18,34,3,38600.0,PM=0.001,40,100,,1.0,0.001,3,True,A,0.5,nogood,8,0.15,,,,,,101,0,False,,207765.32687560975,38400.0,140847.56097560975,28517.7659,5552932.111111113,5760697.437986722,0,0.0,0,555.293,10,7,amoniaco|liquido,2.105877929999906,100,4040,23,77,,2026-09-03T18:38:55,cb64b0112d
E01_PM,Calibracion de la probabilidad de mutacion,medium,8,18,34,3,38600.0,PM=0.001,40,100,,1.0,0.001,3,True,A,0.5,nogood,8,0.15,,,,,,202,1,True,5.122726469329654,197737.24171612467,28000.0,144996.61246612467,24740.629250000005,0.0,197737.24171612467,0,0.0,0,0.0,9,5,amoniaco|liquido,1.503407573000004,100,4040,42,58,,2026-09-03T18:38:56,cb64b0112d
E01_PM,Calibracion de la probabilidad de mutacion,medium,8,18,34,3,38600.0,PM=0.001,40,100,,1.0,0.001,3,True,A,0.5,nogood,8,0.15,,,,,,303,2,False,,194208.02400487807,27200.0,130780.48780487807,36227.5362,5526000.731707336,5720208.755712215,0,0.0,0,552.6,16,5,liquido,1.8360024079997856,100,4040,98,2,,2026-09-03T18:38:58,cb64b0112d
E01_PM,Calibracion de la probabilidad de mutacion,medium,8,18,34,3,38600.0,PM=0.001,40,100,,1.0,0.001,3,True,A,0.5,nogood,8,0.15,,,,,,404,3,False,,197447.88082669378,32600.0,138937.66937669378,25910.21145,13226966.287262913,13424414.168089606,0,0.0,0,1322.697,10,6,amoniaco|liquido,1.7238514470000155,100,4040,83,17,,2026-09-03T18:39:00,cb64b0112d
E01_PM,Calibracion de la probabilidad de mutacion,medium,8,18,34,3,38600.0,PM=0.001,40,100,,1.0,0.001,3,True,A,0.5,nogood,8,0.15,,,,,,505,4,False,,184528.52253346884,27400.0,133688.34688346885,23440.175650000005,35243867.80487808,35428396.32741155,0,0.0,0,3524.387,13,5,amoniaco|liquido,1.7443643849999262,100,4040,44,56,,2026-09-03T18:39:02,cb64b0112d
E01_PM,Calibracion de la probabilidad de mutacion,medium,8,18,34,3,38600.0,PM=0.001,40,100,,1.0,0.001,3,True,A,0.5,nogood,8,0.15,,,,,,606,5,True,5.31666574002345,205223.29756490517,38400.0,132801.49051490516,34021.80705,0.0,205223.29756490517,0,0.0,0,0.0,14,7,amoniaco|liquido,1.853414391999877,100,4040,48,52,,2026-09-03T18:39:03,cb64b0112d
E01_PM,Calibracion de la probabilidad de mutacion,medium,8,18,34,3,38600.0,PM=0.001,40,100,,1.0,0.001,3,True,A,0.5,nogood,8,0.15,,,,,,707,6,True,5.148307654664616,198724.67547005418,38100.0,135042.0054200542,25582.670049999993,0.0,198724.67547005418,0,0.0,0,0.0,12,7,amoniaco|liquido,2.9486615480000182,100,4040,8,92,,2026-09-03T18:39:06,cb64b0112d
E01_PM,Calibracion de la probabilidad de mutacion,medium,8,18,34,3,38600.0,PM=0.001,40,100,,1.0,0.001,3,True,A,0.5,nogood,8,0.15,,,,,,808,7,False,,188570.20929510178,26900.0,132124.08464510177,29546.124650000005,17000000.0,17188570.2092951,0,1700.0,0,0.0,13,5,amoniaco|comprimido|liquido,3.0558082029999696,100,4040,10,90,,2026-09-03T18:39:09,cb64b0112d
E01_PM,Calibracion de la probabilidad de mutacion,medium,8,18,34,3,38600.0,PM=0.001,40,100,,1.0,0.001,3,True,A,0.5,nogood,8,0.15,,,,,,909,8,False,,185693.20740989162,27400.0,136915.98915989161,21377.21825000001,6912637.777777782,7098330.985187673,0,0.0,0,691.264,12,5,amoniaco|liquido,1.705499970999881,100,4040,73,27,,2026-09-03T18:39:11,cb64b0112d
E01_PM,Calibracion de la probabilidad de mutacion,medium,8,18,34,3,38600.0,PM=0.001,40,100,,1.0,0.001,3,True,A,0.5,nogood,8,0.15,,,,,,1010,9,False,,197242.9096367209,32600.0,139708.67208672088,24934.237550000005,30042424.41463417,30239667.32427089,0,0.0,0,3004.242,11,6,amoniaco|liquido,1.661294239000199,100,4040,14,86,,2026-09-03T18:39:13,cb64b0112d
E01_PM,Calibracion de la probabilidad de mutacion,medium,8,18,34,3,38600.0,PM=0.001,40,100,,1.0,0.001,3,True,A,0.5,nogood,8,0.15,,,,,,1111,10,False,,200278.28027797095,38400.0,137012.58432797095,24865.695950000005,19000000.0,19200278.28027797,0,1900.0,0,0.0,13,7,amoniaco|comprimido|liquido,1.9816349090001495,100,4040,13,87,,2026-09-03T18:39:15,cb64b0112d
E01_PM,Calibracion de la probabilidad de mutacion,medium,8,18,34,3,38600.0,PM=0.001,40,100,,1.0,0.001,3,True,A,0.5,nogood,8,0.15,,,,,,1212,11,True,5.324598435419211,205529.49960718155,33200.0,142065.71815718157,30263.78144999999,0.0,205529.49960718155,0,0.0,0,0.0,11,6,amoniaco|liquido,1.6756468260000474,100,4040,12,88,,2026-09-03T18:39:17,cb64b0112d
E01_PM,Calibracion de la probabilidad de mutacion,medium,8,18,34,3,38600.0,PM=0.001,40,100,,1.0,0.001,3,True,A,0.5,nogood,8,0.15,,,,,,1313,12,False,,205910.88426085166,43600.0,135527.04261085164,26783.841650000002,1000000.0,1205910.8842608517,0,100.0,0,0.0,14,8,amoniaco|comprimido|liquido,1.8299029649999738,100,4040,100,0,,2026-09-03T18:39:18,cb64b0112d
E01_PM,Calibracion de la probabilidad de mutacion,medium,8,18,34,3,38600.0,PM=0.001,40,100,,1.0,0.001,3,True,A,0.5,nogood,8,0.15,,,,,,1414,13,False,,185754.3480173442,26900.0,135441.73441734418,23412.6136,29511809.24119244,29697563.589209784,0,0.0,0,2951.181,10,5,amoniaco|liquido,2.195202631000029,100,4040,0,100,,2026-09-03T18:39:21,cb64b0112d
E01_PM,Calibracion de la probabilidad de mutacion,medium,8,18,34,3,38600.0,PM=0.001,40,100,,1.0,0.001,3,True,A,0.5,nogood,8,0.15,,,,,,1515,14,False,,201318.6656651675,32900.0,134792.0486651675,33626.617,24516183.224932265,24717501.890597433,0,100.0,0,2351.618,15,6,amoniaco|comprimido|liquido,3.4118703890001143,100,4040,91,9,,2026-09-03T18:39:24,cb64b0112d
E01_PM,Calibracion de la probabilidad de mutacion,medium,8,18,34,3,38600.0,PM=0.001,40,100,,1.0,0.001,3,True,A,0.5,nogood,8,0.15,,,,,,1616,15,False,,196622.6698079946,32600.0,132945.79945799458,31076.87035,2368650.2682926767,2565272.9381006714,0,0.0,0,236.865,14,6,amoniaco|liquido,2.113392230000045,100,4040,37,63,,2026-09-03T18:39:26,cb64b0112d
E01_PM,Calibracion de la probabilidad de mutacion,medium,8,18,34,3,38600.0,PM=0.001,40,100,,1.0,0.001,3,True,A,0.5,nogood,8,0.15,,,,,,1717,16,False,,196913.35958623077,37600.0,135855.43158623076,23457.928000000004,11000000.0,11196913.359586231,0,1100.0,0,0.0,12,7,amoniaco|comprimido|liquido,1.8594033020001461,100,4040,1,99,,2026-09-03T18:39:28,cb64b0112d
E01_PM,Calibracion de la probabilidad de mutacion,medium,8,18,34,3,38600.0,PM=0.001,40,100,,1.0,0.001,3,True,A,0.5,nogood,8,0.15,,,,,,1818,17,False,,203230.19765189703,37800.0,133470.18970189703,31960.007950000007,14831361.170731725,15034591.368383622,0,0.0,0,1483.136,12,7,amoniaco|liquido,1.7934482829998615,100,4040,60,40,,2026-09-03T18:39:30,cb64b0112d
E01_PM,Calibracion de la probabilidad de mutacion,medium,8,18,34,3,38600.0,PM=0.001,40,100,,1.0,0.001,3,True,A,0.5,nogood,8,0.15,,,,,,1919,18,False,,194404.14090983107,33200.0,134129.70650983107,27074.434400000002,17000000.0,17194404.140909832,0,1700.0,0,0.0,13,6,amoniaco|comprimido|liquido,1.670694573999981,100,4040,0,100,,2026-09-03T18:39:31,cb64b0112d
E01_PM,Calibracion de la probabilidad de mutacion,medium,8,18,34,3,38600.0,PM=0.001,40,100,,1.0,0.001,3,True,A,0.5,nogood,8,0.15,,,,,,2020,19,False,,209104.9208918699,38400.0,143949.1869918699,26755.7339,6912637.777777782,7121742.6986696515,0,0.0,0,691.264,9,7,amoniaco|liquido,1.5988111009999102,100,4040,39,61,,2026-09-03T18:39:33,cb64b0112d
E01_PM,Calibracion de la probabilidad de mutacion,medium,8,18,34,3,38600.0,PM=0.01,40,100,,1.0,0.01,3,True,A,0.5,nogood,8,0.15,,,,,,101,0,False,,206138.37982588078,38400.0,136057.58807588078,31680.791750000008,5552932.111111113,5759070.490936994,0,0.0,0,555.293,12,7,amoniaco|liquido,2.0862304360000508,100,4040,99,1,,2026-09-03T18:39:35,06ada56300
E01_PM,Calibracion de la probabilidad de mutacion,medium,8,18,34,3,38600.0,PM=0.01,40,100,,1.0,0.01,3,True,A,0.5,nogood,8,0.15,,,,,,202,1,False,,192749.59646626018,27700.0,135601.62601626018,29447.970449999997,7514288.000000015,7707037.596466275,0,0.0,0,751.429,14,5,amoniaco|liquido,3.4702499170000465,100,4040,64,36,,2026-09-03T18:39:39,06ada56300
E01_PM,Calibracion de la probabilidad de mutacion,medium,8,18,34,3,38600.0,PM=0.01,40,100,,1.0,0.01,3,True,A,0.5,nogood,8,0.15,,,,,,303,2,False,,186617.43113414635,22000.0,131463.41463414635,33154.0165,5526000.731707336,5712618.162841483,0,0.0,0,552.6,16,4,liquido,2.7334349529999145,100,4040,40,60,,2026-09-03T18:39:41,06ada56300
E01_PM,Calibracion de la probabilidad de mutacion,medium,8,18,34,3,38600.0,PM=0.01,40,100,,1.0,0.01,3,True,A,0.5,nogood,8,0.15,,,,,,404,3,False,,190498.8822381912,27700.0,130518.3935881912,32280.488650000007,26000000.0,26190498.88223819,0,2600.0,0,0.0,18,5,amoniaco|comprimido|liquido,1.883558063999999,100,4040,90,10,,2026-09-03T18:39:43,06ada56300
E01_PM,Calibracion de la probabilidad de mutacion,medium,8,18,34,3,38600.0,PM=0.01,40,100,,1.0,0.01,3,True,A,0.5,nogood,8,0.15,,,,,,505,4,False,,185437.24899688349,27400.0,133834.6883468835,24202.560650000007,35243867.80487808,35429305.05387496,0,0.0,0,3524.387,13,5,amoniaco|liquido,1.7323745869998675,100,4040,72,28,,2026-09-03T18:39:45,06ada56300
E01_PM,Calibracion de la probabilidad de mutacion,medium,8,18,34,3,38600.0,PM=0.01,40,100,,1.0,0.01,3,True,A,0.5,nogood,8,0.15,,,,,,606,5,True,5.355941330444276,206739.33535514906,38400.0,133240.51490514906,35098.82045,0.0,206739.33535514906,0,0.0,0,0.0,14,7,amoniaco|liquido,1.8225438909998957,100,4040,77,23,,2026-09-03T18:39:47,06ada56300
E01_PM,Calibracion de la probabilidad de mutacion,medium,8,18,34,3,38600.0,PM=0.01,40,100,,1.0,0.01,3,True,A,0.5,nogood,8,0.15,,,,,,707,6,True,5.148307654664616,198724.67547005418,38100.0,135042.0054200542,25582.670049999993,0.0,198724.67547005418,0,0.0,0,0.0,12,7,amoniaco|liquido,1.684746953000058,100,4040,17,83,,2026-09-03T18:39:48,06ada56300
E01_PM,Calibracion de la probabilidad de mutacion,medium,8,18,34,3,38600.0,PM=0.01,40,100,,1.0,0.01,3,True,A,0.5,nogood,8,0.15,,,,,,808,7,False,,187900.52191476966,21700.0,133696.47696476965,32504.04495,12740227.268292729,12928127.790207498,0,0.0,0,1274.023,13,4,amoniaco|liquido,1.7034636979999505,100,4040,46,54,,2026-09-03T18:39:50,06ada56300
E01_PM,Calibracion de la probabilidad de mutacion,medium,8,18,34,3,38600.0,PM=0.01,40,100,,1.0,0.01,3,True,A,0.5,nogood,8,0.15,,,,,,909,8,False,,184479.79886964773,27400.0,136476.96476964772,20602.8341,6912637.777777782,7097117.57664743,0,0.0,0,691.264,12,5,amoniaco|liquido,2.947361213000022,100,4040,96,4,,2026-09-03T18:39:53,06ada56300
E01_PM,Calibracion de la probabilidad de mutacion,medium,8,18,34,3,38600.0,PM=0.01,40,100,,1.0,0.01,3,True,A,0.5,nogood,8,0.15,,,,,,1010,9,True,5.103758659112291,197005.08424173444,32600.0,140844.17344173443,23560.9108,0.0,197005.08424173444,0,0.0,0,0.0,9,6,amoniaco|liquido,2.6982486839999638,100,4040,86,14,,2026-09-03T18:39:56,06ada56300
E01_PM,Calibracion de la probabilidad de mutacion,medium,8,18,34,3,38600.0,PM=0.01,40,100,,1.0,0.01,3,True,A,0.5,nogood,8,0.15,,,,,,1111,10,False,,201841.19362845528,32400.0,138302.84552845528,31138.3481,6276945.12195123,6478786.315579685,0,0.0,0,627.695,13,6,amoniaco|liquido,1.860037917999989,100,4040,80,20,,2026-09-03T18:39:58,06ada56300
E01_PM,Calibracion de la probabilidad de mutacion,medium,8,18,34,3,38600.0,PM=0.01,40,100,,1.0,0.01,3,True,A,0.5,nogood,8,0.15,,,,,,1212,11,True,5.264823221488549,203222.176349458,33200.0,141829.945799458,28192.230550000004,0.0,203222.176349458,0,0.0,0,0.0,11,6,amoniaco|liquido,1.7975415299999895,100,4040,87,13,,2026-09-03T18:39:59,06ada56300
E01_PM,Calibracion de la probabilidad de mutacion,medium,8,18,34,3,38600.0,PM=0.01,40,100,,1.0,0.01,3,True,A,0.5,nogood,8,0.15,,,,,,1313,12,False,,203178.40715387766,43600.0,132978.57925387766,26599.827900000008,18624764.609756093,18827943.01690997,0,1800.0,0,62.476,14,8,amoniaco|comprimido|liquido,2.1231337660001373,100,4040,47,53,,2026-09-03T18:40:02,06ada56300
E01_PM,Calibracion de la probabilidad de mutacion,medium,8,18,34,3,38600.0,PM=0.01,40,100,,1.0,0.01,3,True,A,0.5,nogood,8,0.15,,,,,,1414,13,False,,184953.80464417345,26900.0,136984.41734417345,21069.387299999995,7686769.509485112,7871723.314129285,0,0.0,0,768.677,9,5,amoniaco|liquido,1.6904839960000118,100,4040,63,37,,2026-09-03T18:40:03,06ada56300
E01_PM,Calibracion de la probabilidad de mutacion,medium,8,18,34,3,38600.0,PM=0.01,40,100,,1.0,0.01,3,True,A,0.5,nogood,8,0.15,,,,,,1515,14,False,,195572.2738416018,33200.0,133895.6495416018,28476.624300000003,8774131.73170733,8969704.005548932,0,800.0,0,77.413,15,6,amoniaco|comprimido|liquido,1.8202042699999765,100,4040,100,0,,2026-09-03T18:40:05,06ada56300
E01_PM,Calibracion de la probabilidad de mutacion,medium,8,18,34,3,38600.0,PM=0.01,40,100,,1.0,0.01,3,True,A,0.5,nogood,8,0.15,,,,,,1616,15,False,,194618.81147344172,32600.0,132417.34417344173,29601.467299999997,2368650.2682926767,2563269.0797661184,0,0.0,0,236.865,14,6,amoniaco|liquido,3.046493074999944,100,4040,71,29,,2026-09-03T18:40:08,06ada56300
E01_PM,Calibracion de la probabilidad de mutacion,medium,8,18,34,3,38600.0,PM=0.01,40,100,,1.0,0.01,3,True,A,0.5,nogood,8,0.15,,,,,,1717,16,True,5.152393996356206,198882.40825934958,37600.0,136745.9349593496,24536.473299999998,0.0,198882.40825934958,0,0.0,0,0.0,12,7,amoniaco|liquido,2.7352372249999917,100,4040,72,28,,2026-09-03T18:40:11,06ada56300
E01_PM,Calibracion de la probabilidad de mutacion,medium,8,18,34,3,38600.0,PM=0.01,40,100,,1.0,0.01,3,True,A,0.5,nogood,8,0.15,,,,,,1818,17,False,,201641.46625189704,37800.0,133470.18970189703,30371.276550000002,14831361.170731725,15033002.636983622,0,0.0,0,1483.136,12,7,amoniaco|liquido,1.6416169439999067,100,4040,61,39,,2026-09-03T18:40:13,06ada56300
E01_PM,Calibracion de la probabilidad de mutacion,medium,8,18,34,3,38600.0,PM=0.01,40,100,,1.0,0.01,3,True,A,0.5,nogood,8,0.15,,,,,,1919,18,True,4.91547314012806,189737.2632089431,27200.0,132430.8943089431,30106.36890000001,0.0,189737.2632089431,0,0.0,0,0.0,14,5,amoniaco|liquido,1.7152826770000047,100,4040,84,16,,2026-09-03T18:40:14,06ada56300
E01_PM,Calibracion de la probabilidad de mutacion,medium,8,18,34,3,38600.0,PM=0.01,40,100,,1.0,0.01,3,True,A,0.5,nogood,8,0.15,,,,,,2020,19,True,5.3533875143821,206640.75805514905,38400.0,143740.51490514906,24500.243150000002,0.0,206640.75805514905,0,0.0,0,0.0,10,7,amoniaco|liquido,1.5095966869998847,100,4040,80,20,,2026-09-03T18:40:16,06ada56300
E01_PM,Calibracion de la probabilidad de mutacion,medium,8,18,34,3,38600.0,PM=0.05,40,100,,1.0,0.05,3,True,A,0.5,nogood,8,0.15,,,,,,101,0,True,5.344483817547075,206297.07535731708,38400.0,135170.73170731709,32726.343650000003,0.0,206297.07535731708,0,0.0,0,0.0,13,7,amoniaco|liquido,1.7178601969999363,100,4040,93,7,,2026-09-03T18:40:18,f95fb78e7b
E01_PM,Calibracion de la probabilidad de mutacion,medium,8,18,34,3,38600.0,PM=0.05,40,100,,1.0,0.05,3,True,A,0.5,nogood,8,0.15,,,,,,202,1,False,,195693.11673617887,27700.0,136038.61788617886,31954.498849999993,323394.60975610564,519087.7264922845,0,0.0,0,32.339,14,5,amoniaco|liquido,1.6887046120000377,100,4040,81,19,,2026-09-03T18:40:19,f95fb78e7b
E01_PM,Calibracion de la probabilidad de mutacion,medium,8,18,34,3,38600.0,PM=0.05,40,100,,1.0,0.05,3,True,A,0.5,nogood,8,0.15,,,,,,303,2,True,4.9404851377796035,190702.7263182927,27200.0,130926.82926829268,32575.897050000003,0.0,190702.7263182927,0,0.0,0,0.0,16,5,liquido,2.3310189669998636,100,4040,90,10,,2026-09-03T18:40:22,f95fb78e7b
E01_PM,Calibracion de la probabilidad de mutacion,medium,8,18,34,3,38600.0,PM=0.05,40,100,,1.0,0.05,3,True,A,0.5,nogood,8,0.15,,,,,,404,3,False,,193661.2110222222,32600.0,135722.22222222222,25338.988799999996,1357082.2222222341,1550743.4332444563,0,0.0,0,135.708,11,6,amoniaco|liquido,2.983606497999972,100,4040,94,6,,2026-09-03T18:40:25,f95fb78e7b
E01_PM,Calibracion de la probabilidad de mutacion,medium,8,18,34,3,38600.0,PM=0.05,40,100,,1.0,0.05,3,True,A,0.5,nogood,8,0.15,,,,,,505,4,False,,184503.15273346886,27400.0,133688.34688346885,23414.80585,15408278.07317075,15592781.225904219,0,0.0,0,1540.828,13,5,amoniaco|liquido,2.3015678309998293,100,4040,84,16,,2026-09-03T18:40:27,f95fb78e7b
E01_PM,Calibracion de la probabilidad de mutacion,medium,8,18,34,3,38600.0,PM=0.05,40,100,,1.0,0.05,3,True,A,0.5,nogood,8,0.15,,,,,,606,5,True,5.219408458840585,201469.16651124659,38400.0,133216.1246612466,29853.041849999994,0.0,201469.16651124659,0,0.0,0,0.0,14,7,amoniaco|liquido,2.1476728860000094,100,4040,75,25,,2026-09-03T18:40:29,f95fb78e7b
E01_PM,Calibracion de la probabilidad de mutacion,medium,8,18,34,3,38600.0,PM=0.05,40,100,,1.0,0.05,3,True,A,0.5,nogood,8,0.15,,,,,,707,6,True,4.846253267039471,187065.3761077236,26900.0,134235.7723577236,25929.60375000001,0.0,187065.3761077236,0,0.0,0,0.0,12,5,amoniaco|liquido,1.795204399000113,100,4040,98,2,,2026-09-03T18:40:31,f95fb78e7b
E01_PM,Calibracion de la probabilidad de mutacion,medium,8,18,34,3,38600.0,PM=0.05,40,100,,1.0,0.05,3,True,A,0.5,nogood,8,0.15,,,,,,808,7,False,,184605.70427307847,26900.0,130699.64827307849,27006.055999999997,12000000.0,12184605.704273079,0,1200.0,0,0.0,15,5,amoniaco|comprimido|liquido,1.8709955449999143,100,4040,85,15,,2026-09-03T18:40:33,f95fb78e7b
E01_PM,Calibracion de la probabilidad de mutacion,medium,8,18,34,3,38600.0,PM=0.05,40,100,,1.0,0.05,3,True,A,0.5,nogood,8,0.15,,,,,,909,8,True,4.7339503683144475,182730.48421693768,27400.0,133876.69376693768,21453.790450000004,0.0,182730.48421693768,0,0.0,0,0.0,13,5,amoniaco|liquido,1.8574703269998736,100,4040,94,6,,2026-09-03T18:40:35,f95fb78e7b
E01_PM,Calibracion de la probabilidad de mutacion,medium,8,18,34,3,38600.0,PM=0.05,40,100,,1.0,0.05,3,True,A,0.5,nogood,8,0.15,,,,,,1010,9,True,5.041475117587795,194600.93953888887,32600.0,137888.88888888888,24112.050650000005,0.0,194600.93953888887,0,0.0,0,0.0,11,6,amoniaco|liquido,2.2354347729999517,100,4040,84,16,,2026-09-03T18:40:37,f95fb78e7b
E01_PM,Calibracion de la probabilidad de mutacion,medium,8,18,34,3,38600.0,PM=0.05,40,100,,1.0,0.05,3,True,A,0.5,nogood,8,0.15,,,,,,1111,10,False,,197653.90837669378,32400.0,139187.66937669378,26066.238999999994,774131.7317073299,971785.6400840236,0,0.0,0,77.413,11,6,amoniaco|liquido,3.4495723699999417,100,4040,91,9,,2026-09-03T18:40:40,f95fb78e7b
E01_PM,Calibracion de la probabilidad de mutacion,medium,8,18,34,3,38600.0,PM=0.05,40,100,,1.0,0.05,3,True,A,0.5,nogood,8,0.15,,,,,,1212,11,True,5.176210614747883,199801.7297292683,33200.0,137182.92682926828,29418.802900000002,0.0,199801.7297292683,0,0.0,0,0.0,13,6,amoniaco|liquido,2.099300749000122,100,4040,72,28,,2026-09-03T18:40:42,f95fb78e7b
E01_PM,Calibracion de la probabilidad de mutacion,medium,8,18,34,3,38600.0,PM=0.05,40,100,,1.0,0.05,3,True,A,0.5,nogood,8,0.15,,,,,,1313,12,False,,186213.52302317074,27100.0,128707.31707317074,30406.205950000003,17104113.682926856,17290327.205950025,0,0.0,0,1710.411,14,5,liquido,1.9605954660000862,100,4040,80,20,,2026-09-03T18:40:44,f95fb78e7b
E01_PM,Calibracion de la probabilidad de mutacion,medium,8,18,34,3,38600.0,PM=0.05,40,100,,1.0,0.05,3,True,A,0.5,nogood,8,0.15,,,,,,1414,13,False,,189869.3299004065,26900.0,133065.0406504065,29904.28925,14507966.560975619,14697835.890876025,0,0.0,0,1450.797,12,5,amoniaco|liquido,1.8474816020000162,100,4040,87,13,,2026-09-03T18:40:46,f95fb78e7b
E01_PM,Calibracion de la probabilidad de mutacion,medium,8,18,34,3,38600.0,PM=0.05,40,100,,1.0,0.05,3,True,A,0.5,nogood,8,0.15,,,,,,1515,14,False,,198249.55971327913,32900.0,134291.32791327912,31058.231799999998,2368650.2682926767,2566899.8280059556,0,0.0,0,236.865,15,6,amoniaco|liquido,2.081386127000087,100,4040,92,8,,2026-09-03T18:40:48,f95fb78e7b
E01_PM,Calibracion de la probabilidad de mutacion,medium,8,18,34,3,38600.0,PM=0.05,40,100,,1.0,0.05,3,True,A,0.5,nogood,8,0.15,,,,,,1616,15,True,5.038388190800651,194481.78416490514,32600.0,130051.49051490515,31830.293650000007,0.0,194481.78416490514,0,0.0,0,0.0,14,6,amoniaco|liquido,1.8837263999998868,100,4040,91,9,,2026-09-03T18:40:50,f95fb78e7b
E01_PM,Calibracion de la probabilidad de mutacion,medium,8,18,34,3,38600.0,PM=0.05,40,100,,1.0,0.05,3,True,A,0.5,nogood,8,0.15,,,,,,1717,16,True,5.03678425608352,194419.87228482385,32400.0,138238.48238482384,23781.3899,0.0,194419.87228482385,0,0.0,0,0.0,13,6,amoniaco|liquido,2.452412183999968,100,4040,86,14,,2026-09-03T18:40:53,f95fb78e7b
E01_PM,Calibracion de la probabilidad de mutacion,medium,8,18,34,3,38600.0,PM=0.05,40,100,,1.0,0.05,3,True,A,0.5,nogood,8,0.15,,,,,,1818,17,False,,195599.14762804017,32600.0,130018.33592804013,32980.811700000006,16078802.056564618,16274401.204192659,0,100.0,0,1507.88,14,6,amoniaco|comprimido|liquido,3.1892189929999404,100,4040,90,10,,2026-09-03T18:40:56,f95fb78e7b
E01_PM,Calibracion de la probabilidad de mutacion,medium,8,18,34,3,38600.0,PM=0.05,40,100,,1.0,0.05,3,True,A,0.5,nogood,8,0.15,,,,,,1919,18,True,4.848067736520073,187135.4146296748,27200.0,131747.96747967481,28187.44715,0.0,187135.4146296748,0,0.0,0,0.0,14,5,amoniaco|liquido,2.1642150940001557,100,4040,78,22,,2026-09-03T18:40:58,f95fb78e7b
E01_PM,Calibracion de la probabilidad de mutacion,medium,8,18,34,3,38600.0,PM=0.05,40,100,,1.0,0.05,3,True,A,0.5,nogood,8,0.15,,,,,,2020,19,True,5.110547462315879,197267.13204539294,32900.0,138679.53929539295,25687.592749999996,0.0,197267.13204539294,0,0.0,0,0.0,11,6,amoniaco|liquido,2.027213642999868,100,4040,94,6,,2026-09-03T18:41:00,f95fb78e7b
E01_PM,Calibracion de la probabilidad de mutacion,medium,8,18,34,3,38600.0,PM=0.1,40,100,,1.0,0.1,3,True,A,0.5,nogood,8,0.15,,,,,,101,0,True,5.1085781680918885,197191.1172883469,32600.0,133718.8346883469,30872.282600000002,0.0,197191.1172883469,0,0.0,0,0.0,15,6,amoniaco|liquido,2.1076135000000704,100,4040,99,1,,2026-09-03T18:41:02,c032d66d6c
E01_PM,Calibracion de la probabilidad de mutacion,medium,8,18,34,3,38600.0,PM=0.1,40,100,,1.0,0.1,3,True,A,0.5,nogood,8,0.15,,,,,,202,1,True,4.975040216215931,192036.55234593496,27700.0,136349.59349593497,27986.95885,0.0,192036.55234593496,0,0.0,0,0.0,13,5,amoniaco|liquido,1.7954336740001509,100,4040,100,0,,2026-09-03T18:41:04,c032d66d6c
E01_PM,Calibracion de la probabilidad de mutacion,medium,8,18,34,3,38600.0,PM=0.1,40,100,,1.0,0.1,3,True,A,0.5,nogood,8,0.15,,,,,,303,2,True,4.963205566830953,191579.7348796748,27200.0,131747.9674796748,32631.767400000004,0.0,191579.7348796748,0,0.0,0,0.0,17,5,amoniaco|liquido,1.8640786820001267,100,4040,98,2,,2026-09-03T18:41:06,c032d66d6c
E01_PM,Calibracion de la probabilidad de mutacion,medium,8,18,34,3,38600.0,PM=0.1,40,100,,1.0,0.1,3,True,A,0.5,nogood,8,0.15,,,,,,404,3,False,,189079.37801549042,27700.0,132318.8894654904,29060.488550000013,12000000.0,12189079.37801549,0,1200.0,0,0.0,16,5,amoniaco|comprimido|liquido,3.225644554000155,100,4040,75,25,,2026-09-03T18:41:09,c032d66d6c
E01_PM,Calibracion de la probabilidad de mutacion,medium,8,18,34,3,38600.0,PM=0.1,40,100,,1.0,0.1,3,True,A,0.5,nogood,8,0.15,,,,,,505,4,False,,185593.79614701896,27400.0,132689.70189701897,25504.09425000001,1695835.6097561046,1881429.4059031236,0,0.0,0,169.584,15,5,amoniaco|liquido,3.4071760960000574,100,4040,81,19,,2026-09-03T18:41:12,c032d66d6c
E01_PM,Calibracion de la probabilidad de mutacion,medium,8,18,34,3,38600.0,PM=0.1,40,100,,1.0,0.1,3,True,A,0.5,nogood,8,0.15,,,,,,606,5,True,5.097272005314743,196754.69940514906,32900.0,132240.51490514906,31614.1845,0.0,196754.69940514906,0,0.0,0,0.0,14,6,amoniaco|liquido,1.8842775630000688,100,4040,87,13,,2026-09-03T18:41:14,c032d66d6c
E01_PM,Calibracion de la probabilidad de mutacion,medium,8,18,34,3,38600.0,PM=0.1,40,100,,1.0,0.1,3,True,A,0.5,nogood,8,0.15,,,,,,707,6,True,5.118037101590912,197556.2321214092,38100.0,135592.1409214092,23864.091200000003,0.0,197556.2321214092,0,0.0,0,0.0,10,7,amoniaco|liquido,1.9508239039998898,100,4040,93,7,,2026-09-03T18:41:16,c032d66d6c
E01_PM,Calibracion de la probabilidad de mutacion,medium,8,18,34,3,38600.0,PM=0.1,40,100,,1.0,0.1,3,True,A,0.5,nogood,8,0.15,,,,,,808,7,False,,185538.40567926827,21700.0,129682.9268292683,34155.47884999999,7118989.707317123,7304528.112996391,0,0.0,0,711.899,14,4,liquido,2.35818696299998,100,4040,92,8,,2026-09-03T18:41:19,c032d66d6c
E01_PM,Calibracion de la probabilidad de mutacion,medium,8,18,34,3,38600.0,PM=0.1,40,100,,1.0,0.1,3,True,A,0.5,nogood,8,0.15,,,,,,909,8,False,,181799.57446612467,27400.0,133746.61246612467,20652.962000000003,6912637.777777782,7094437.352243907,0,0.0,0,691.264,12,5,amoniaco|liquido,2.47668577200011,100,4040,90,10,,2026-09-03T18:41:21,c032d66d6c
E01_PM,Calibracion de la probabilidad de mutacion,medium,8,18,34,3,38600.0,PM=0.1,40,100,,1.0,0.1,3,True,A,0.5,nogood,8,0.15,,,,,,1010,9,True,4.897870351162644,189057.79555487807,32900.0,134280.48780487807,21877.307750000004,0.0,189057.79555487807,0,0.0,0,0.0,14,6,amoniaco|liquido,2.745877649000022,100,4040,97,3,,2026-09-03T18:41:24,c032d66d6c
E01_PM,Calibracion de la probabilidad de mutacion,medium,8,18,34,3,38600.0,PM=0.1,40,100,,1.0,0.1,3,True,A,0.5,nogood,8,0.15,,,,,,1111,10,True,5.152025160997374,198868.17121449864,33200.0,138736.44986449866,26931.721349999993,0.0,198868.17121449864,0,0.0,0,0.0,12,6,amoniaco|liquido,3.3304691490000096,100,4040,91,9,,2026-09-03T18:41:27,c032d66d6c
E01_PM,Calibracion de la probabilidad de mutacion,medium,8,18,34,3,38600.0,PM=0.1,40,100,,1.0,0.1,3,True,A,0.5,nogood,8,0.15,,,,,,1212,11,True,4.978072946136457,192153.61572086724,27700.0,134672.08672086723,29781.529,0.0,192153.61572086724,0,0.0,0,0.0,14,5,amoniaco|liquido,2.305617179000137,100,4040,97,3,,2026-09-03T18:41:29,c032d66d6c
E01_PM,Calibracion de la probabilidad de mutacion,medium,8,18,34,3,38600.0,PM=0.1,40,100,,1.0,0.1,3,True,A,0.5,nogood,8,0.15,,,,,,1313,12,True,5.361921180760914,206970.15757737128,43600.0,137212.73712737128,26157.420450000005,0.0,206970.15757737128,0,0.0,0,0.0,15,8,amoniaco|liquido,2.011881250999977,100,4040,95,5,,2026-09-03T18:41:32,c032d66d6c
E01_PM,Calibracion de la probabilidad de mutacion,medium,8,18,34,3,38600.0,PM=0.1,40,100,,1.0,0.1,3,True,A,0.5,nogood,8,0.15,,,,,,1414,13,False,,184580.78935609758,26900.0,133725.60975609758,23955.179600000003,774131.7317073299,958712.5210634274,0,0.0,0,77.413,11,5,amoniaco|liquido,1.9810863210000207,100,4040,77,23,,2026-09-03T18:41:33,c032d66d6c
E01_PM,Calibracion de la probabilidad de mutacion,medium,8,18,34,3,38600.0,PM=0.1,40,100,,1.0,0.1,3,True,A,0.5,nogood,8,0.15,,,,,,1515,14,True,5.120898601640058,197666.68602330625,32600.0,140812.33062330625,24254.3554,0.0,197666.68602330625,0,0.0,0,0.0,12,6,amoniaco|liquido,2.922759496000026,100,4040,100,0,,2026-09-03T18:41:36,c032d66d6c
E01_PM,Calibracion de la probabilidad de mutacion,medium,8,18,34,3,38600.0,PM=0.1,40,100,,1.0,0.1,3,True,A,0.5,nogood,8,0.15,,,,,,1616,15,False,,197015.98571653117,32600.0,132311.65311653118,32104.332600000005,2368650.2682926767,2565666.2540092077,0,0.0,0,236.865,14,6,amoniaco|liquido,3.7997463540000354,100,4040,88,12,,2026-09-03T18:41:40,c032d66d6c
E01_PM,Calibracion de la probabilidad de mutacion,medium,8,18,34,3,38600.0,PM=0.1,40,100,,1.0,0.1,3,True,A,0.5,nogood,8,0.15,,,,,,1717,16,True,4.9329471466468675,190411.7598605691,32400.0,135941.0569105691,22070.70294999999,0.0,190411.7598605691,0,0.0,0,0.0,13,6,amoniaco|liquido,5.0165233010000065,100,4040,86,14,,2026-09-03T18:41:45,c032d66d6c
E01_PM,Calibracion de la probabilidad de mutacion,medium,8,18,34,3,38600.0,PM=0.1,40,100,,1.0,0.1,3,True,A,0.5,nogood,8,0.15,,,,,,1818,17,True,4.912569992027888,189625.20169227646,31800.0,130764.22764227643,27060.974050000008,0.0,189625.20169227646,0,0.0,0,0.0,14,6,amoniaco|liquido,1.7676389200000813,100,4040,97,3,,2026-09-03T18:41:47,c032d66d6c
E01_PM,Calibracion de la probabilidad de mutacion,medium,8,18,34,3,38600.0,PM=0.1,40,100,,1.0,0.1,3,True,A,0.5,nogood,8,0.15,,,,,,1919,18,True,4.865813715127708,187820.40940392955,27200.0,134295.39295392955,26325.01645000001,0.0,187820.40940392955,0,0.0,0,0.0,13,5,amoniaco|liquido,1.8925717790000363,100,4040,92,8,,2026-09-03T18:41:49,c032d66d6c
E01_PM,Calibracion de la probabilidad de mutacion,medium,8,18,34,3,38600.0,PM=0.1,40,100,,1.0,0.1,3,True,A,0.5,nogood,8,0.15,,,,,,2020,19,True,5.089883593380092,196469.50670447154,32900.0,137465.44715447153,26104.05955,0.0,196469.50670447154,0,0.0,0,0.0,12,6,amoniaco|liquido,2.1634734379999827,100,4040,95,5,,2026-09-03T18:41:51,c032d66d6c
E01_PM,Calibracion de la probabilidad de mutacion,medium,8,18,34,3,38600.0,PM=0.2,40,100,,1.0,0.2,3,True,A,0.5,nogood,8,0.15,,,,,,101,0,True,5.16998888730921,199561.5710501355,32400.0,130355.01355013551,36806.557499999995,0.0,199561.5710501355,0,0.0,0,0.0,14,6,amoniaco|liquido,1.9684939829999166,100,4040,96,4,,2026-09-03T18:41:53,41bef26273
E01_PM,Calibracion de la probabilidad de mutacion,medium,8,18,34,3,38600.0,PM=0.2,40,100,,1.0,0.2,3,True,A,0.5,nogood,8,0.15,,,,,,202,1,True,4.943209694553267,190807.8942097561,28000.0,137310.9756097561,25496.918600000005,0.0,190807.8942097561,0,0.0,0,0.0,13,5,amoniaco|liquido,1.7027323679999427,100,4040,83,17,,2026-09-03T18:41:55,41bef26273
E01_PM,Calibracion de la probabilidad de mutacion,medium,8,18,34,3,38600.0,PM=0.2,40,100,,1.0,0.2,3,True,A,0.5,nogood,8,0.15,,,,,,303,2,True,5.001752768907003,193067.6568798103,27200.0,133102.9810298103,32764.675850000003,0.0,193067.6568798103,0,0.0,0,0.0,16,5,amoniaco|liquido,3.0799229809999815,100,4040,96,4,,2026-09-03T18:41:58,41bef26273
E01_PM,Calibracion de la probabilidad de mutacion,medium,8,18,34,3,38600.0,PM=0.2,40,100,,1.0,0.2,3,True,A,0.5,nogood,8,0.15,,,,,,404,3,True,4.984068954140163,192385.06162981028,32600.0,131602.9810298103,28182.080599999994,0.0,192385.06162981028,0,0.0,0,0.0,15,6,amoniaco|liquido,3.766265634000092,100,4040,93,7,,2026-09-03T18:42:02,41bef26273
E01_PM,Calibracion de la probabilidad de mutacion,medium,8,18,34,3,38600.0,PM=0.2,40,100,,1.0,0.2,3,True,A,0.5,nogood,8,0.15,,,,,,505,4,False,,185188.8900104336,27400.0,131836.0433604336,25952.846650000003,10530229.292682944,10715418.182693377,0,0.0,0,1053.023,15,5,amoniaco|liquido,2.0038864630000717,100,4040,92,8,,2026-09-03T18:42:04,41bef26273
E01_PM,Calibracion de la probabilidad de mutacion,medium,8,18,34,3,38600.0,PM=0.2,40,100,,1.0,0.2,3,True,A,0.5,nogood,8,0.15,,,,,,606,5,True,4.94959474576646,191054.35718658537,32100.0,126853.65853658537,32100.69865000001,0.0,191054.35718658537,0,0.0,0,0.0,16,6,liquido,2.1245886049998717,100,4040,99,1,,2026-09-03T18:42:06,41bef26273
E01_PM,Calibracion de la probabilidad de mutacion,medium,8,18,34,3,38600.0,PM=0.2,40,100,,1.0,0.2,3,True,A,0.5,nogood,8,0.15,,,,,,707,6,True,4.9051539973636915,189338.9442982385,32600.0,130384.82384823849,26354.120450000002,0.0,189338.9442982385,0,0.0,0,0.0,14,6,amoniaco|liquido,2.2377166409999063,100,4040,83,17,,2026-09-03T18:42:08,41bef26273
E01_PM,Calibracion de la probabilidad de mutacion,medium,8,18,34,3,38600.0,PM=0.2,40,100,,1.0,0.2,3,True,A,0.5,nogood,8,0.15,,,,,,808,7,True,4.901956393898227,189215.51680447155,32100.0,132215.44715447156,24900.06965,0.0,189215.51680447155,0,0.0,0,0.0,14,6,amoniaco|liquido,2.28149994599994,100,4040,100,0,,2026-09-03T18:42:10,41bef26273
E01_PM,Calibracion de la probabilidad de mutacion,medium,8,18,34,3,38600.0,PM=0.2,40,100,,1.0,0.2,3,True,A,0.5,nogood,8,0.15,,,,,,909,8,True,4.703493851731329,181554.8626768293,27400.0,131292.6829268293,22862.179750000007,0.0,181554.8626768293,0,0.0,0,0.0,15,5,liquido,2.5870519200000217,100,4040,95,5,,2026-09-03T18:42:13,41bef26273
E01_PM,Calibracion de la probabilidad de mutacion,medium,8,18,34,3,38600.0,PM=0.2,40,100,,1.0,0.2,3,True,A,0.5,nogood,8,0.15,,,,,,1010,9,True,4.906878151322718,189405.4966410569,26900.0,137569.1056910569,24936.390950000005,0.0,189405.4966410569,0,0.0,0,0.0,13,5,amoniaco|liquido,3.320383942000035,100,4040,95,5,,2026-09-03T18:42:16,41bef26273
E01_PM,Calibracion de la probabilidad de mutacion,medium,8,18,34,3,38600.0,PM=0.2,40,100,,1.0,0.2,3,True,A,0.5,nogood,8,0.15,,,,,,1111,10,True,5.036286225971327,194400.64832249322,27200.0,138182.2493224932,29018.398999999998,0.0,194400.64832249322,0,0.0,0,0.0,12,5,amoniaco|liquido,1.9925001359999897,100,4040,100,0,,2026-09-03T18:42:18,41bef26273
E01_PM,Calibracion de la probabilidad de mutacion,medium,8,18,34,3,38600.0,PM=0.2,40,100,,1.0,0.2,3,True,A,0.5,nogood,8,0.15,,,,,,1212,11,True,5.045001754100144,194737.06770826556,33200.0,136655.82655826557,24881.24115,0.0,194737.06770826556,0,0.0,0,0.0,12,6,amoniaco|liquido,1.7397015139999894,100,4040,100,0,,2026-09-03T18:42:20,41bef26273
E01_PM,Calibracion de la probabilidad de mutacion,medium,8,18,34,3,38600.0,PM=0.2,40,100,,1.0,0.2,3,True,A,0.5,nogood,8,0.15,,,,,,1313,12,True,5.082541064391227,196186.08508550137,37800.0,130763.55013550135,27622.534950000005,0.0,196186.08508550137,0,0.0,0,0.0,16,7,amoniaco|liquido,1.894248454000035,100,4040,95,5,,2026-09-03T18:42:22,41bef26273
E01_PM,Calibracion de la probabilidad de mutacion,medium,8,18,34,3,38600.0,PM=0.2,40,100,,1.0,0.2,3,True,A,0.5,nogood,8,0.15,,,,,,1414,13,False,,192043.46640867207,26900.0,135720.86720867208,29422.5992,624764.6097560937,816808.0761647657,0,0.0,0,62.476,13,5,amoniaco|liquido,1.6419717399999172,100,4040,82,18,,2026-09-03T18:42:24,41bef26273
E01_PM,Calibracion de la probabilidad de mutacion,medium,8,18,34,3,38600.0,PM=0.2,40,100,,1.0,0.2,3,True,A,0.5,nogood,8,0.15,,,,,,1515,14,True,5.006410852651053,193247.45891233065,32900.0,133306.23306233063,27041.225850000006,0.0,193247.45891233065,0,0.0,0,0.0,14,6,amoniaco|liquido,1.7819023849999667,100,4040,100,0,,2026-09-03T18:42:25,41bef26273
E01_PM,Calibracion de la probabilidad de mutacion,medium,8,18,34,3,38600.0,PM=0.2,40,100,,1.0,0.2,3,True,A,0.5,nogood,8,0.15,,,,,,1616,15,True,4.980309176952132,192239.93423035232,32600.0,130523.03523035231,29116.899000000005,0.0,192239.93423035232,0,0.0,0,0.0,15,6,amoniaco|liquido,2.476158547000068,100,4040,97,3,,2026-09-03T18:42:28,41bef26273
E01_PM,Calibracion de la probabilidad de mutacion,medium,8,18,34,3,38600.0,PM=0.2,40,100,,1.0,0.2,3,True,A,0.5,nogood,8,0.15,,,,,,1717,16,True,4.756857825147086,183614.7120506775,26900.0,130775.06775067751,25939.6443,0.0,183614.7120506775,0,0.0,0,0.0,13,5,amoniaco|liquido,2.966532106000159,100,4040,88,12,,2026-09-03T18:42:31,41bef26273
E01_PM,Calibracion de la probabilidad de mutacion,medium,8,18,34,3,38600.0,PM=0.2,40,100,,1.0,0.2,3,True,A,0.5,nogood,8,0.15,,,,,,1818,17,True,4.848136460543129,187138.06737696478,31800.0,128647.69647696477,26690.370900000005,0.0,187138.06737696478,0,0.0,0,0.0,14,6,amoniaco|liquido,2.239850082999965,100,4040,97,3,,2026-09-03T18:42:33,41bef26273
E01_PM,Calibracion de la probabilidad de mutacion,medium,8,18,34,3,38600.0,PM=0.2,40,100,,1.0,0.2,3,True,A,0.5,nogood,8,0.15,,,,,,1919,18,True,4.901464533025822,189196.53097479674,27200.0,131967.47967479675,30029.051300000003,0.0,189196.53097479674,0,0.0,0,0.0,15,5,amoniaco|liquido,1.8339040190001015,100,4040,88,12,,2026-09-03T18:42:35,41bef26273
E01_PM,Calibracion de la probabilidad de mutacion,medium,8,18,34,3,38600.0,PM=0.2,40,100,,1.0,0.2,3,True,A,0.5,nogood,8,0.15,,,,,,2020,19,True,4.985530407981943,192441.473748103,32900.0,138029.810298103,21511.663450000004,0.0,192441.473748103,0,0.0,0,0.0,13,6,amoniaco|liquido,1.597177917000181,100,4040,100,0,,2026-09-03T18:42:36,41bef26273
E01_PM,Calibracion de la probabilidad de mutacion,large,12,30,55,3,53000.0,PM=0.001,40,100,,1.0,0.001,3,True,A,0.5,nogood,8,0.15,,,,,,101,0,False,,297108.15219344985,50000.0,189455.51519344983,57652.63700000001,4213156.121951234,4510264.274144683,0,100.0,0,321.316,18,9,amoniaco|comprimido|liquido,2.7095992449999358,100,4040,91,9,,2026-09-03T18:42:39,cb64b0112d
E01_PM,Calibracion de la probabilidad de mutacion,large,12,30,55,3,53000.0,PM=0.001,40,100,,1.0,0.001,3,True,A,0.5,nogood,8,0.15,,,,,,202,1,False,,276669.5554570288,49400.0,184771.7667070288,42497.78875,17000000.0,17276669.55545703,0,1700.0,0,0.0,18,9,amoniaco|comprimido|liquido,2.8235644830001547,100,4040,88,12,,2026-09-03T18:42:42,cb64b0112d
E01_PM,Calibracion de la probabilidad de mutacion,large,12,30,55,3,53000.0,PM=0.001,40,100,,1.0,0.001,3,True,A,0.5,nogood,8,0.15,,,,,,303,2,False,,278594.4045520181,39600.0,186542.75500201812,52451.649549999995,14727997.697457194,15006592.102009213,0,1200.0,0,272.8,21,7,amoniaco|comprimido|liquido,5.167318227000123,100,4040,49,51,,2026-09-03T18:42:47,cb64b0112d
E01_PM,Calibracion de la probabilidad de mutacion,large,12,30,55,3,53000.0,PM=0.001,40,100,,1.0,0.001,3,True,A,0.5,nogood,8,0.15,,,,,,404,3,True,5.392563188349439,285805.8489825203,44800.0,188453.2520325203,52552.59695,0.0,285805.8489825203,0,0.0,0,0.0,21,8,amoniaco|liquido,2.7393415839999307,100,4040,11,89,,2026-09-03T18:42:50,cb64b0112d
E01_PM,Calibracion de la probabilidad de mutacion,large,12,30,55,3,53000.0,PM=0.001,40,100,,1.0,0.001,3,True,A,0.5,nogood,8,0.15,,,,,,505,4,False,,284175.94968871307,55500.0,184093.02023871304,44582.92945,46342424.26725481,46626600.21694352,0,3500.0,0,1134.242,21,10,amoniaco|comprimido|liquido,2.9550392529999954,100,4040,59,41,,2026-09-03T18:42:53,cb64b0112d
E01_PM,Calibracion de la probabilidad de mutacion,large,12,30,55,3,53000.0,PM=0.001,40,100,,1.0,0.001,3,True,A,0.5,nogood,8,0.15,,,,,,606,5,False,,290031.6488702993,55500.0,186593.62567029925,47938.02320000001,5368650.268292677,5658681.917162976,0,300.0,0,236.865,20,10,amoniaco|comprimido|liquido,2.87899411300009,100,4040,38,62,,2026-09-03T18:42:56,cb64b0112d
E01_PM,Calibracion de la probabilidad de mutacion,large,12,30,55,3,53000.0,PM=0.001,40,100,,1.0,0.001,3,True,A,0.5,nogood,8,0.15,,,,,,707,6,False,,289040.1659855446,55200.0,184110.8948855446,49729.2711,2000000.0,2289040.1659855447,0,200.0,0,0.0,21,10,amoniaco|comprimido|liquido,4.471007835999899,100,4040,44,56,,2026-09-03T18:43:00,cb64b0112d
E01_PM,Calibracion de la probabilidad de mutacion,large,12,30,55,3,53000.0,PM=0.001,40,100,,1.0,0.001,3,True,A,0.5,nogood,8,0.15,,,,,,808,7,False,,293230.81845678086,55200.0,184813.65680678084,53217.16165000001,18526000.731707335,18819231.550164115,0,1300.0,0,552.6,20,10,amoniaco|comprimido|liquido,3.9434244899998703,100,4040,48,52,,2026-09-03T18:43:04,cb64b0112d
E01_PM,Calibracion de la probabilidad de mutacion,large,12,30,55,3,53000.0,PM=0.001,40,100,,1.0,0.001,3,True,A,0.5,nogood,8,0.15,,,,,,909,8,False,,287210.0814065156,50100.0,186666.6090065156,50443.472400000006,19913259.76284381,20200469.844250325,0,800.0,0,1191.326,21,9,amoniaco|comprimido|liquido,3.0209435500000836,100,4040,93,7,,2026-09-03T18:43:07,cb64b0112d
E01_PM,Calibracion de la probabilidad de mutacion,large,12,30,55,3,53000.0,PM=0.001,40,100,,1.0,0.001,3,True,A,0.5,nogood,8,0.15,,,,,,1010,9,False,,289319.7685592977,60700.0,184429.1212592977,44190.6473,2774131.73170733,3063451.5002666274,0,200.0,0,77.413,21,11,amoniaco|comprimido|liquido,3.301071118999971,100,4040,26,74,,2026-09-03T18:43:11,cb64b0112d
E01_PM,Calibracion de la probabilidad de mutacion,large,12,30,55,3,53000.0,PM=0.001,40,100,,1.0,0.001,3,True,A,0.5,nogood,8,0.15,,,,,,1111,10,False,,284083.1638687222,44800.0,196243.78711872225,43039.37674999999,11220967.278440895,11505050.442309616,0,200.0,0,922.097,16,8,amoniaco|comprimido|liquido,3.4049432550000347,100,4040,28,72,,2026-09-03T18:43:14,cb64b0112d
E01_PM,Calibracion de la probabilidad de mutacion,large,12,30,55,3,53000.0,PM=0.001,40,100,,1.0,0.001,3,True,A,0.5,nogood,8,0.15,,,,,,1212,11,True,5.415810706455489,287037.9674421409,50000.0,193159.21409214093,43878.75335000001,0.0,287037.9674421409,0,0.0,0,0.0,14,9,amoniaco|liquido,4.110041914000021,100,4040,38,62,,2026-09-03T18:43:18,cb64b0112d
E01_PM,Calibracion de la probabilidad de mutacion,large,12,30,55,3,53000.0,PM=0.001,40,100,,1.0,0.001,3,True,A,0.5,nogood,8,0.15,,,,,,1313,12,False,,276610.4482454477,39000.0,193652.84264544773,43957.605599999995,6000000.0,6276610.448245448,0,600.0,0,0.0,18,7,amoniaco|comprimido|liquido,2.6979058140000234,100,4040,29,71,,2026-09-03T18:43:21,cb64b0112d
E01_PM,Calibracion de la probabilidad de mutacion,large,12,30,55,3,53000.0,PM=0.001,40,100,,1.0,0.001,3,True,A,0.5,nogood,8,0.15,,,,,,1414,13,False,,272071.82203105,50100.0,187393.53053105,34578.2915,31000000.0,31272071.82203105,0,3100.0,0,0.0,21,9,amoniaco|comprimido|liquido,3.132207094999785,100,4040,66,34,,2026-09-03T18:43:24,cb64b0112d
E01_PM,Calibracion de la probabilidad de mutacion,large,12,30,55,3,53000.0,PM=0.001,40,100,,1.0,0.001,3,True,A,0.5,nogood,8,0.15,,,,,,1515,14,False,,276040.92026326474,44000.0,183508.87966326473,48532.04059999999,21000000.0,21276040.920263264,0,2100.0,0,0.0,20,8,amoniaco|comprimido|liquido,2.939558729000055,100,4040,70,30,,2026-09-03T18:43:27,cb64b0112d
E01_PM,Calibracion de la probabilidad de mutacion,large,12,30,55,3,53000.0,PM=0.001,40,100,,1.0,0.001,3,True,A,0.5,nogood,8,0.15,,,,,,1616,15,False,,295252.19521343196,55800.0,189585.27936343194,49866.915850000005,19959780.250648692,20255032.445862126,0,800.0,0,1195.978,20,10,amoniaco|comprimido|liquido,5.006097898999997,100,4040,27,73,,2026-09-03T18:43:32,cb64b0112d
E01_PM,Calibracion de la probabilidad de mutacion,large,12,30,55,3,53000.0,PM=0.001,40,100,,1.0,0.001,3,True,A,0.5,nogood,8,0.15,,,,,,1717,16,False,,281567.36217156774,49500.0,180699.07167156777,51368.2905,2000000.0,2281567.362171568,0,200.0,0,0.0,22,9,amoniaco|comprimido|liquido,3.576995390000093,100,4040,0,100,,2026-09-03T18:43:36,cb64b0112d
E01_PM,Calibracion de la probabilidad de mutacion,large,12,30,55,3,53000.0,PM=0.001,40,100,,1.0,0.001,3,True,A,0.5,nogood,8,0.15,,,,,,1818,17,True,5.513513631410747,292216.2224647696,50000.0,184946.47696476965,57269.74549999999,0.0,292216.2224647696,0,0.0,0,0.0,20,9,amoniaco|liquido,2.876432867999938,100,4040,17,83,,2026-09-03T18:43:39,cb64b0112d
E01_PM,Calibracion de la probabilidad de mutacion,large,12,30,55,3,53000.0,PM=0.001,40,100,,1.0,0.001,3,True,A,0.5,nogood,8,0.15,,,,,,1919,18,False,,284175.72655227757,45100.0,188876.82350227758,50198.90305000001,1000000.0,1284175.7265522776,0,100.0,0,0.0,21,8,amoniaco|comprimido|liquido,2.8635013969999363,100,4040,28,72,,2026-09-03T18:43:41,cb64b0112d
E01_PM,Calibracion de la probabilidad de mutacion,large,12,30,55,3,53000.0,PM=0.001,40,100,,1.0,0.001,3,True,A,0.5,nogood,8,0.15,,,,,,2020,19,False,,268076.436643075,44000.0,181361.86069307502,42714.57595,25530229.292682946,25798305.72932602,0,1500.0,0,1053.023,23,8,amoniaco|comprimido|liquido,4.120929528000033,100,4040,90,10,,2026-09-03T18:43:46,cb64b0112d
E01_PM,Calibracion de la probabilidad de mutacion,large,12,30,55,3,53000.0,PM=0.01,40,100,,1.0,0.01,3,True,A,0.5,nogood,8,0.15,,,,,,101,0,False,,294234.7710202791,50000.0,189748.1981202791,54486.5729,1000000.0,1294234.771020279,0,100.0,0,0.0,17,9,amoniaco|comprimido|liquido,4.050046973999997,100,4040,56,44,,2026-09-03T18:43:50,06ada56300
E01_PM,Calibracion de la probabilidad de mutacion,large,12,30,55,3,53000.0,PM=0.01,40,100,,1.0,0.01,3,True,A,0.5,nogood,8,0.15,,,,,,202,1,False,,286175.7317042438,54900.0,189102.76480424378,42172.96690000001,13397122.333333336,13683298.06503758,0,200.0,0,1139.712,18,10,amoniaco|comprimido|liquido,2.7566917180001838,100,4040,14,86,,2026-09-03T18:43:52,06ada56300
E01_PM,Calibracion de la probabilidad de mutacion,large,12,30,55,3,53000.0,PM=0.01,40,100,,1.0,0.01,3,True,A,0.5,nogood,8,0.15,,,,,,303,2,False,,279851.9467935075,39600.0,188585.3081935075,51666.63860000002,9000000.0,9279851.946793508,0,900.0,0,0.0,20,7,amoniaco|comprimido|liquido,2.8621422450000864,100,4040,79,21,,2026-09-03T18:43:55,06ada56300
E01_PM,Calibracion de la probabilidad de mutacion,large,12,30,55,3,53000.0,PM=0.01,40,100,,1.0,0.01,3,True,A,0.5,nogood,8,0.15,,,,,,404,3,True,5.387962209863476,285561.99712276424,45100.0,189892.27642276423,50569.7207,0.0,285561.99712276424,0,0.0,0,0.0,20,8,amoniaco|liquido,2.7594711149999966,100,4040,45,55,,2026-09-03T18:43:58,06ada56300
E01_PM,Calibracion de la probabilidad de mutacion,large,12,30,55,3,53000.0,PM=0.01,40,100,,1.0,0.01,3,True,A,0.5,nogood,8,0.15,,,,,,505,4,False,,284223.02299551404,55500.0,185502.10459551404,43220.918399999995,46853623.90243905,47137846.92543457,0,3600.0,0,1085.362,19,10,amoniaco|comprimido|liquido,4.955413107999902,100,4040,98,2,,2026-09-03T18:44:03,06ada56300
E01_PM,Calibracion de la probabilidad de mutacion,large,12,30,55,3,53000.0,PM=0.01,40,100,,1.0,0.01,3,True,A,0.5,nogood,8,0.15,,,,,,606,5,False,,293193.5562097388,55500.0,187372.0377097388,50321.5185,4368650.268292677,4661843.824502415,0,200.0,0,236.865,20,10,amoniaco|comprimido|liquido,3.147201189000043,100,4040,55,45,,2026-09-03T18:44:06,06ada56300
E01_PM,Calibracion de la probabilidad de mutacion,large,12,30,55,3,53000.0,PM=0.01,40,100,,1.0,0.01,3,True,A,0.5,nogood,8,0.15,,,,,,707,6,False,,282586.0593263593,55200.0,183534.86997635933,43851.18935,18000000.0,18282586.05932636,0,1800.0,0,0.0,20,10,amoniaco|comprimido|liquido,2.956047504000253,100,4040,62,38,,2026-09-03T18:44:09,06ada56300
E01_PM,Calibracion de la probabilidad de mutacion,large,12,30,55,3,53000.0,PM=0.01,40,100,,1.0,0.01,3,True,A,0.5,nogood,8,0.15,,,,,,808,7,False,,290612.9063664591,55200.0,184149.4118664591,51263.49450000001,10774131.73170733,11064744.63807379,0,1000.0,0,77.413,21,10,amoniaco|comprimido|liquido,2.9665325060000214,100,4040,83,17,,2026-09-03T18:44:12,06ada56300
E01_PM,Calibracion de la probabilidad de mutacion,large,12,30,55,3,53000.0,PM=0.01,40,100,,1.0,0.01,3,True,A,0.5,nogood,8,0.15,,,,,,909,8,False,,293799.0227948971,50100.0,191513.31949489706,52185.703299999994,4000000.0,4293799.022794897,0,400.0,0,0.0,19,9,amoniaco|comprimido|liquido,4.131395931000043,100,4040,82,18,,2026-09-03T18:44:16,06ada56300
E01_PM,Calibracion de la probabilidad de mutacion,large,12,30,55,3,53000.0,PM=0.01,40,100,,1.0,0.01,3,True,A,0.5,nogood,8,0.15,,,,,,1010,9,False,,288808.82785983966,60700.0,182849.1754598397,45259.65239999999,2774131.73170733,3062940.5595671693,0,200.0,0,77.413,22,11,amoniaco|comprimido|liquido,4.147621784999956,100,4040,38,62,,2026-09-03T18:44:20,06ada56300
E01_PM,Calibracion de la probabilidad de mutacion,large,12,30,55,3,53000.0,PM=0.01,40,100,,1.0,0.01,3,True,A,0.5,nogood,8,0.15,,,,,,1111,10,False,,280482.7494438765,55800.0,185365.9833938765,39316.76605000001,6000000.0,6280482.749443877,0,600.0,0,0.0,21,10,amoniaco|comprimido|liquido,3.1001237979999132,100,4040,72,28,,2026-09-03T18:44:23,06ada56300
E01_PM,Calibracion de la probabilidad de mutacion,large,12,30,55,3,53000.0,PM=0.01,40,100,,1.0,0.01,3,True,A,0.5,nogood,8,0.15,,,,,,1212,11,True,5.306947664718515,281268.2262300813,44000.0,196063.00813008132,41205.2181,0.0,281268.2262300813,0,0.0,0,0.0,14,8,amoniaco|liquido,2.5886613249999755,100,4040,84,16,,2026-09-03T18:44:26,06ada56300
E01_PM,Calibracion de la probabilidad de mutacion,large,12,30,55,3,53000.0,PM=0.01,40,100,,1.0,0.01,3,True,A,0.5,nogood,8,0.15,,,,,,1313,12,False,,276610.4482454477,39000.0,193652.84264544773,43957.605599999995,6000000.0,6276610.448245448,0,600.0,0,0.0,18,7,amoniaco|comprimido|liquido,2.7680092340001465,100,4040,76,24,,2026-09-03T18:44:29,06ada56300
E01_PM,Calibracion de la probabilidad de mutacion,large,12,30,55,3,53000.0,PM=0.01,40,100,,1.0,0.01,3,True,A,0.5,nogood,8,0.15,,,,,,1414,13,False,,274965.90230480884,50100.0,188524.73620480887,36341.166099999995,30000000.0,30274965.90230481,0,3000.0,0,0.0,20,9,amoniaco|comprimido|liquido,5.446412121999856,100,4040,94,6,,2026-09-03T18:44:34,06ada56300
E01_PM,Calibracion de la probabilidad de mutacion,large,12,30,55,3,53000.0,PM=0.01,40,100,,1.0,0.01,3,True,A,0.5,nogood,8,0.15,,,,,,1515,14,False,,279916.2771851929,48900.0,184769.15758519288,46247.119600000005,19000000.0,19279916.277185194,0,1900.0,0,0.0,19,9,amoniaco|comprimido|liquido,2.903394425999977,100,4040,77,23,,2026-09-03T18:44:37,06ada56300
E01_PM,Calibracion de la probabilidad de mutacion,large,12,30,55,3,53000.0,PM=0.01,40,100,,1.0,0.01,3,True,A,0.5,nogood,8,0.15,,,,,,1616,15,False,,276920.564040489,33800.0,188990.64464048896,54129.9194,11903399.877010906,12180320.441051396,0,300.0,0,890.34,20,6,amoniaco|comprimido|liquido,2.9080807830000595,100,4040,92,8,,2026-09-03T18:44:40,06ada56300
E01_PM,Calibracion de la probabilidad de mutacion,large,12,30,55,3,53000.0,PM=0.01,40,100,,1.0,0.01,3,True,A,0.5,nogood,8,0.15,,,,,,1717,16,False,,281567.36217156774,49500.0,180699.07167156777,51368.2905,2000000.0,2281567.362171568,0,200.0,0,0.0,22,9,amoniaco|comprimido|liquido,2.8117776869999034,100,4040,0,100,,2026-09-03T18:44:43,06ada56300
E01_PM,Calibracion de la probabilidad de mutacion,large,12,30,55,3,53000.0,PM=0.01,40,100,,1.0,0.01,3,True,A,0.5,nogood,8,0.15,,,,,,1818,17,False,,282756.3877009024,49800.0,180481.2604509024,52475.12725,1000000.0,1282756.3877009023,0,100.0,0,0.0,21,9,amoniaco|comprimido|liquido,4.0382505510001465,100,4040,99,1,,2026-09-03T18:44:47,06ada56300
E01_PM,Calibracion de la probabilidad de mutacion,large,12,30,55,3,53000.0,PM=0.01,40,100,,1.0,0.01,3,True,A,0.5,nogood,8,0.15,,,,,,1919,18,False,,283010.12780227757,45100.0,188876.82350227758,49033.30430000001,1000000.0,1283010.1278022774,0,100.0,0,0.0,21,8,amoniaco|comprimido|liquido,3.727427877000082,100,4040,89,11,,2026-09-03T18:44:51,06ada56300
E01_PM,Calibracion de la probabilidad de mutacion,large,12,30,55,3,53000.0,PM=0.01,40,100,,1.0,0.01,3,True,A,0.5,nogood,8,0.15,,,,,,2020,19,False,,274171.37519070524,49800.0,181727.3683907052,42644.00680000001,24000000.0,24274171.375190705,0,2400.0,0,0.0,24,9,amoniaco|comprimido|liquido,3.114090600999589,100,4040,72,28,,2026-09-03T18:44:54,06ada56300
E01_PM,Calibracion de la probabilidad de mutacion,large,12,30,55,3,53000.0,PM=0.05,40,100,,1.0,0.05,3,True,A,0.5,nogood,8,0.15,,,,,,101,0,True,5.462708846410493,289523.5688597561,54900.0,190560.9756097561,44062.59325000001,0.0,289523.5688597561,0,0.0,0,0.0,15,10,amoniaco|liquido,2.6501597550000042,100,4040,94,6,,2026-09-03T18:44:56,f95fb78e7b
E01_PM,Calibracion de la probabilidad de mutacion,large,12,30,55,3,53000.0,PM=0.05,40,100,,1.0,0.05,3,True,A,0.5,nogood,8,0.15,,,,,,202,1,False,,274770.30975298106,43600.0,189560.29810298103,41610.01165000001,11397122.333333336,11671892.643086316,0,0.0,0,1139.712,15,8,amoniaco|liquido,2.5875405550000323,100,4040,98,2,,2026-09-03T18:44:59,f95fb78e7b
E01_PM,Calibracion de la probabilidad de mutacion,large,12,30,55,3,53000.0,PM=0.05,40,100,,1.0,0.05,3,True,A,0.5,nogood,8,0.15,,,,,,303,2,False,,282868.28134717466,39600.0,189640.14299717464,53628.13835,8000000.0,8282868.281347174,0,800.0,0,0.0,20,7,amoniaco|comprimido|liquido,4.784893175999969,100,4040,94,6,,2026-09-03T18:45:04,f95fb78e7b
E01_PM,Calibracion de la probabilidad de mutacion,large,12,30,55,3,53000.0,PM=0.05,40,100,,1.0,0.05,3,True,A,0.5,nogood,8,0.15,,,,,,404,3,True,5.379873838057984,285133.31341707316,44800.0,188981.70731707316,51351.6061,0.0,285133.31341707316,0,0.0,0,0.0,21,8,amoniaco|liquido,2.8512237429999914,100,4040,96,4,,2026-09-03T18:45:07,f95fb78e7b
E01_PM,Calibracion de la probabilidad de mutacion,large,12,30,55,3,53000.0,PM=0.05,40,100,,1.0,0.05,3,True,A,0.5,nogood,8,0.15,,,,,,505,4,False,,294125.4143256963,55500.0,192542.25047569626,46083.16385000001,4000000.0,4294125.414325696,0,400.0,0,0.0,18,10,amoniaco|comprimido|liquido,2.861588906000179,100,4040,97,3,,2026-09-03T18:45:10,f95fb78e7b
E01_PM,Calibracion de la probabilidad de mutacion,large,12,30,55,3,53000.0,PM=0.05,40,100,,1.0,0.05,3,True,A,0.5,nogood,8,0.15,,,,,,606,5,False,,294057.5279426656,55500.0,186640.33039266564,51917.19755,2000000.0,2294057.527942666,0,200.0,0,0.0,21,10,amoniaco|comprimido|liquido,3.0079222660001506,100,4040,94,6,,2026-09-03T18:45:13,f95fb78e7b
E01_PM,Calibracion de la probabilidad de mutacion,large,12,30,55,3,53000.0,PM=0.05,40,100,,1.0,0.05,3,True,A,0.5,nogood,8,0.15,,,,,,707,6,False,,292163.1299513089,55200.0,188296.3011013089,48666.82885000001,1137570.0271002825,1429733.1570515914,0,100.0,0,13.757,21,10,amoniaco|comprimido|liquido,3.9190841210001963,100,4040,91,9,,2026-09-03T18:45:16,f95fb78e7b
E01_PM,Calibracion de la probabilidad de mutacion,large,12,30,55,3,53000.0,PM=0.05,40,100,,1.0,0.05,3,True,A,0.5,nogood,8,0.15,,,,,,808,7,False,,293215.2961558525,60500.0,189173.9895058525,43541.30665000001,4000000.0,4293215.296155852,0,400.0,0,0.0,20,11,amoniaco|comprimido|liquido,4.290547709999828,100,4040,91,9,,2026-09-03T18:45:21,f95fb78e7b
E01_PM,Calibracion de la probabilidad de mutacion,large,12,30,55,3,53000.0,PM=0.05,40,100,,1.0,0.05,3,True,A,0.5,nogood,8,0.15,,,,,,909,8,False,,295709.34279879206,50100.0,192430.83664879203,53178.50615,1000000.0,1295709.342798792,0,100.0,0,0.0,19,9,amoniaco|comprimido|liquido,3.0042553379998935,100,4040,98,2,,2026-09-03T18:45:24,f95fb78e7b
E01_PM,Calibracion de la probabilidad de mutacion,large,12,30,55,3,53000.0,PM=0.05,40,100,,1.0,0.05,3,True,A,0.5,nogood,8,0.15,,,,,,1010,9,False,,291133.41376745375,60700.0,185638.34111745373,44795.072649999995,1774131.7317073299,2065265.1454747836,0,100.0,0,77.413,21,11,amoniaco|comprimido|liquido,3.035878833999959,100,4040,66,34,,2026-09-03T18:45:27,f95fb78e7b
E01_PM,Calibracion de la probabilidad de mutacion,large,12,30,55,3,53000.0,PM=0.05,40,100,,1.0,0.05,3,True,A,0.5,nogood,8,0.15,,,,,,1111,10,False,,282607.0817238021,45100.0,190228.5504238021,47278.531299999995,1000000.0,1282607.081723802,0,100.0,0,0.0,18,8,amoniaco|comprimido|liquido,3.5098455950001153,100,4040,97,3,,2026-09-03T18:45:30,f95fb78e7b
E01_PM,Calibracion de la probabilidad de mutacion,large,12,30,55,3,53000.0,PM=0.05,40,100,,1.0,0.05,3,True,A,0.5,nogood,8,0.15,,,,,,1212,11,True,5.296178328529426,280697.4514120596,44800.0,195846.2059620596,40051.245449999995,0.0,280697.4514120596,0,0.0,0,0.0,14,8,amoniaco|liquido,4.593984826999986,100,4040,87,13,,2026-09-03T18:45:35,f95fb78e7b
E01_PM,Calibracion de la probabilidad de mutacion,large,12,30,55,3,53000.0,PM=0.05,40,100,,1.0,0.05,3,True,A,0.5,nogood,8,0.15,,,,,,1313,12,False,,307289.6059639105,61300.0,189562.56126391052,56427.0447,1000000.0,1307289.6059639105,0,100.0,0,0.0,21,11,amoniaco|comprimido|liquido,3.119660205999935,100,4040,89,11,,2026-09-03T18:45:38,f95fb78e7b
E01_PM,Calibracion de la probabilidad de mutacion,large,12,30,55,3,53000.0,PM=0.05,40,100,,1.0,0.05,3,True,A,0.5,nogood,8,0.15,,,,,,1414,13,False,,277075.9379158623,50100.0,190006.0543158623,36969.8836,21000000.0,21277075.93791586,0,2100.0,0,0.0,19,9,amoniaco|comprimido|liquido,3.5857330320000074,100,4040,88,12,,2026-09-03T18:45:42,f95fb78e7b
E01_PM,Calibracion de la probabilidad de mutacion,large,12,30,55,3,53000.0,PM=0.05,40,100,,1.0,0.05,3,True,A,0.5,nogood,8,0.15,,,,,,1515,14,False,,276176.8135434873,38500.0,190239.8806434873,47436.93289999999,4213156.121951234,4489332.935494721,0,100.0,0,321.316,19,7,amoniaco|comprimido|liquido,3.714449885999784,100,4040,100,0,,2026-09-03T18:45:45,f95fb78e7b
E01_PM,Calibracion de la probabilidad de mutacion,large,12,30,55,3,53000.0,PM=0.05,40,100,,1.0,0.05,3,True,A,0.5,nogood,8,0.15,,,,,,1616,15,False,,278059.7895682927,33800.0,193176.8292682927,51082.96029999999,3063788.999999997,3341848.78956829,0,0.0,0,306.379,17,6,amoniaco|liquido,4.917458952000288,100,4040,96,4,,2026-09-03T18:45:50,f95fb78e7b
E01_PM,Calibracion de la probabilidad de mutacion,large,12,30,55,3,53000.0,PM=0.05,40,100,,1.0,0.05,3,True,A,0.5,nogood,8,0.15,,,,,,1717,16,False,,279236.777491204,49500.0,178550.07784120395,51186.699649999995,1000000.0,1279236.777491204,0,100.0,0,0.0,24,9,comprimido|liquido,3.1386819030003608,100,4040,86,14,,2026-09-03T18:45:53,f95fb78e7b
E01_PM,Calibracion de la probabilidad de mutacion,large,12,30,55,3,53000.0,PM=0.05,40,100,,1.0,0.05,3,True,A,0.5,nogood,8,0.15,,,,,,1818,17,True,5.2613744762770365,278852.84724268294,44000.0,184329.26829268291,50523.57895,0.0,278852.84724268294,0,0.0,0,0.0,18,8,amoniaco|liquido,2.937290623000081,100,4040,100,0,,2026-09-03T18:45:56,f95fb78e7b
E01_PM,Calibracion de la probabilidad de mutacion,large,12,30,55,3,53000.0,PM=0.05,40,100,,1.0,0.05,3,True,A,0.5,nogood,8,0.15,,,,,,1919,18,True,5.240423807910211,277742.4618192412,44300.0,189661.9241192412,43780.5377,0.0,277742.4618192412,0,0.0,0,0.0,19,8,amoniaco|liquido,2.9944469290003326,100,4040,97,3,,2026-09-03T18:45:59,f95fb78e7b
E01_PM,Calibracion de la probabilidad de mutacion,large,12,30,55,3,53000.0,PM=0.05,40,100,,1.0,0.05,3,True,A,0.5,nogood,8,0.15,,,,,,2020,19,False,,273992.7359926829,43600.0,190829.26829268294,39563.4677,13873530.111111121,14147522.847103804,0,0.0,0,1387.353,14,8,amoniaco|liquido,4.596387103999859,100,4040,99,1,,2026-09-03T18:46:04,f95fb78e7b
E01_PM,Calibracion de la probabilidad de mutacion,large,12,30,55,3,53000.0,PM=0.1,40,100,,1.0,0.1,3,True,A,0.5,nogood,8,0.15,,,,,,101,0,False,,289259.5050560515,54900.0,190971.77535605145,43387.7297,1000000.0,1289259.5050560515,0,100.0,0,0.0,16,10,amoniaco|comprimido|liquido,3.7164825360000577,100,4040,81,19,,2026-09-03T18:46:08,c032d66d6c
E01_PM,Calibracion de la probabilidad de mutacion,large,12,30,55,3,53000.0,PM=0.1,40,100,,1.0,0.1,3,True,A,0.5,nogood,8,0.15,,,,,,202,1,True,5.463472302743264,289564.03204539296,54900.0,188179.53929539295,46484.492750000005,0.0,289564.03204539296,0,0.0,0,0.0,19,10,amoniaco|liquido,2.9199625470000683,100,4040,83,17,,2026-09-03T18:46:11,c032d66d6c
E01_PM,Calibracion de la probabilidad de mutacion,large,12,30,55,3,53000.0,PM=0.1,40,100,,1.0,0.1,3,True,A,0.5,nogood,8,0.15,,,,,,303,2,True,5.209428678652145,276099.7199685637,33600.0,190136.8563685637,52362.863600000004,0.0,276099.7199685637,0,0.0,0,0.0,17,6,amoniaco|liquido,2.905380346000129,100,4040,92,8,,2026-09-03T18:46:14,c032d66d6c
E01_PM,Calibracion de la probabilidad de mutacion,large,12,30,55,3,53000.0,PM=0.1,40,100,,1.0,0.1,3,True,A,0.5,nogood,8,0.15,,,,,,404,3,True,5.339859052661452,283012.52979105694,44800.0,188819.1056910569,49393.42410000003,0.0,283012.52979105694,0,0.0,0,0.0,21,8,amoniaco|liquido,3.679704687999674,100,4040,91,9,,2026-09-03T18:46:17,c032d66d6c
E01_PM,Calibracion de la probabilidad de mutacion,large,12,30,55,3,53000.0,PM=0.1,40,100,,1.0,0.1,3,True,A,0.5,nogood,8,0.15,,,,,,505,4,False,,291203.27412815834,55500.0,188934.41157815832,46768.86255000001,1000000.0,1291203.2741281583,0,100.0,0,0.0,21,10,amoniaco|comprimido|liquido,4.6710309959998995,100,4040,91,9,,2026-09-03T18:46:22,c032d66d6c
E01_PM,Calibracion de la probabilidad de mutacion,large,12,30,55,3,53000.0,PM=0.1,40,100,,1.0,0.1,3,True,A,0.5,nogood,8,0.15,,,,,,606,5,True,5.385925897665797,285454.07257628726,50300.0,190872.62872628728,44281.443849999996,0.0,285454.07257628726,0,0.0,0,0.0,19,9,amoniaco|liquido,2.988357937999808,100,4040,99,1,,2026-09-03T18:46:25,c032d66d6c
E01_PM,Calibracion de la probabilidad de mutacion,large,12,30,55,3,53000.0,PM=0.1,40,100,,1.0,0.1,3,True,A,0.5,nogood,8,0.15,,,,,,707,6,False,,289148.3570682466,55200.0,186172.99486824658,47775.36219999999,1000000.0,1289148.3570682467,0,100.0,0,0.0,21,10,amoniaco|comprimido|liquido,3.0163331519997882,100,4040,94,6,,2026-09-03T18:46:28,c032d66d6c
E01_PM,Calibracion de la probabilidad de mutacion,large,12,30,55,3,53000.0,PM=0.1,40,100,,1.0,0.1,3,True,A,0.5,nogood,8,0.15,,,,,,808,7,False,,296135.99353972496,55200.0,192270.88738972496,48665.10615,2000000.0,2296135.993539725,0,200.0,0,0.0,20,10,amoniaco|comprimido|liquido,2.868238777999977,100,4040,87,13,,2026-09-03T18:46:31,c032d66d6c
E01_PM,Calibracion de la probabilidad de mutacion,large,12,30,55,3,53000.0,PM=0.1,40,100,,1.0,0.1,3,True,A,0.5,nogood,8,0.15,,,,,,909,8,True,5.516989226215677,292400.4289894309,44600.0,192808.9430894309,54991.485900000014,0.0,292400.4289894309,0,0.0,0,0.0,18,8,amoniaco|liquido,4.695584829999916,100,4040,97,3,,2026-09-03T18:46:35,c032d66d6c
E01_PM,Calibracion de la probabilidad de mutacion,large,12,30,55,3,53000.0,PM=0.1,40,100,,1.0,0.1,3,True,A,0.5,nogood,8,0.15,,,,,,1010,9,False,,289956.4457251773,60700.0,184374.1134751773,44882.33224999999,1000000.0,1289956.4457251774,0,100.0,0,0.0,20,11,amoniaco|comprimido|liquido,3.208937203000005,100,4040,97,3,,2026-09-03T18:46:39,c032d66d6c
E01_PM,Calibracion de la probabilidad de mutacion,large,12,30,55,3,53000.0,PM=0.1,40,100,,1.0,0.1,3,True,A,0.5,nogood,8,0.15,,,,,,1111,10,False,,279112.63391348673,50300.0,189308.5827134867,39504.0512,18000000.0,18279112.633913487,0,1800.0,0,0.0,20,9,amoniaco|comprimido|liquido,2.7955343490002633,100,4040,83,17,,2026-09-03T18:46:41,c032d66d6c
E01_PM,Calibracion de la probabilidad de mutacion,large,12,30,55,3,53000.0,PM=0.1,40,100,,1.0,0.1,3,True,A,0.5,nogood,8,0.15,,,,,,1212,11,True,5.242760642496293,277866.31405230355,39300.0,195285.23035230354,43281.08369999999,0.0,277866.31405230355,0,0.0,0,0.0,15,7,amoniaco|liquido,2.4684004490000007,100,4040,95,5,,2026-09-03T18:46:44,c032d66d6c
E01_PM,Calibracion de la probabilidad de mutacion,large,12,30,55,3,53000.0,PM=0.1,40,100,,1.0,0.1,3,True,A,0.5,nogood,8,0.15,,,,,,1313,12,True,5.307184274939919,281280.7665718157,39000.0,194657.18157181572,47623.585,0.0,281280.7665718157,0,0.0,0,0.0,17,7,amoniaco|liquido,2.7959470000000692,100,4040,100,0,,2026-09-03T18:46:47,c032d66d6c
E01_PM,Calibracion de la probabilidad de mutacion,large,12,30,55,3,53000.0,PM=0.1,40,100,,1.0,0.1,3,True,A,0.5,nogood,8,0.15,,,,,,1414,13,False,,277747.96389804245,43700.0,184243.52764804242,49804.436250000006,13000000.0,13277747.963898042,0,1300.0,0,0.0,21,8,amoniaco|comprimido|liquido,4.913984317000086,100,4040,69,31,,2026-09-03T18:46:52,c032d66d6c
E01_PM,Calibracion de la probabilidad de mutacion,large,12,30,55,3,53000.0,PM=0.1,40,100,,1.0,0.1,3,True,A,0.5,nogood,8,0.15,,,,,,1515,14,False,,277778.67938047054,48900.0,186439.1108804705,42439.5685,2000000.0,2277778.6793804704,0,200.0,0,0.0,19,9,amoniaco|comprimido|liquido,2.8178999310002837,100,4040,99,1,,2026-09-03T18:46:54,c032d66d6c
E01_PM,Calibracion de la probabilidad de mutacion,large,12,30,55,3,53000.0,PM=0.1,40,100,,1.0,0.1,3,True,A,0.5,nogood,8,0.15,,,,,,1616,15,True,5.256349238592319,278586.50964539294,33800.0,192429.53929539295,52356.97035000001,0.0,278586.50964539294,0,0.0,0,0.0,19,6,amoniaco|liquido,2.7843219389997103,100,4040,99,1,,2026-09-03T18:46:57,c032d66d6c
E01_PM,Calibracion de la probabilidad de mutacion,large,12,30,55,3,53000.0,PM=0.1,40,100,,1.0,0.1,3,True,A,0.5,nogood,8,0.15,,,,,,1717,16,False,,279778.8860512195,49500.0,178195.1219512195,52083.76409999999,624764.6097560937,904543.4958073131,0,0.0,0,62.476,24,9,liquido,3.048341622999942,100,4040,84,16,,2026-09-03T18:47:00,c032d66d6c
E01_PM,Calibracion de la probabilidad de mutacion,large,12,30,55,3,53000.0,PM=0.1,40,100,,1.0,0.1,3,True,A,0.5,nogood,8,0.15,,,,,,1818,17,True,5.324991316538836,282224.5397765583,44000.0,185082.65582655827,53141.88395000002,0.0,282224.5397765583,0,0.0,0,0.0,19,8,amoniaco|liquido,4.245525111999996,100,4040,98,2,,2026-09-03T18:47:05,c032d66d6c
E01_PM,Calibracion de la probabilidad de mutacion,large,12,30,55,3,53000.0,PM=0.1,40,100,,1.0,0.1,3,True,A,0.5,nogood,8,0.15,,,,,,1919,18,True,5.081200290277139,269303.61538468837,44300.0,187383.46883468836,37620.14655000001,0.0,269303.61538468837,0,0.0,0,0.0,19,8,amoniaco|liquido,3.7550800549997803,100,4040,98,2,,2026-09-03T18:47:08,c032d66d6c
E01_PM,Calibracion de la probabilidad de mutacion,large,12,30,55,3,53000.0,PM=0.1,40,100,,1.0,0.1,3,True,A,0.5,nogood,8,0.15,,,,,,2020,19,False,,294642.7414690365,56100.0,188301.1589690365,50241.5825,8000000.0,8294642.741469037,0,800.0,0,0.0,20,10,amoniaco|comprimido|liquido,3.2805658490001406,100,4040,90,10,,2026-09-03T18:47:12,c032d66d6c
E01_PM,Calibracion de la probabilidad de mutacion,large,12,30,55,3,53000.0,PM=0.2,40,100,,1.0,0.2,3,True,A,0.5,nogood,8,0.15,,,,,,101,0,True,5.310037738784068,281432.0001555556,49100.0,190305.55555555556,42026.444600000024,0.0,281432.0001555556,0,0.0,0,0.0,16,9,amoniaco|liquido,2.757899648000148,100,4040,95,5,,2026-09-03T18:47:14,41bef26273
E01_PM,Calibracion de la probabilidad de mutacion,large,12,30,55,3,53000.0,PM=0.2,40,100,,1.0,0.2,3,True,A,0.5,nogood,8,0.15,,,,,,202,1,True,5.2900825673032665,280374.37606707314,43600.0,193231.70731707316,43542.668750000004,0.0,280374.37606707314,0,0.0,0,0.0,17,8,amoniaco|liquido,3.0116970659996696,100,4040,95,5,,2026-09-03T18:47:17,41bef26273
E01_PM,Calibracion de la probabilidad de mutacion,large,12,30,55,3,53000.0,PM=0.2,40,100,,1.0,0.2,3,True,A,0.5,nogood,8,0.15,,,,,,303,2,False,,279296.2677347979,39600.0,189080.0755347979,50616.19220000002,9464375.486767003,9743671.754501801,0,300.0,0,646.438,20,7,amoniaco|comprimido|liquido,4.7158100110000305,100,4040,81,19,,2026-09-03T18:47:22,41bef26273
E01_PM,Calibracion de la probabilidad de mutacion,large,12,30,55,3,53000.0,PM=0.2,40,100,,1.0,0.2,3,True,A,0.5,nogood,8,0.15,,,,,,404,3,True,5.38276060845733,285286.3122482385,50300.0,184384.82384823848,50601.48840000002,0.0,285286.3122482385,0,0.0,0,0.0,23,9,amoniaco|liquido,2.884813699999995,100,4040,92,8,,2026-09-03T18:47:25,41bef26273
E01_PM,Calibracion de la probabilidad de mutacion,large,12,30,55,3,53000.0,PM=0.2,40,100,,1.0,0.2,3,True,A,0.5,nogood,8,0.15,,,,,,505,4,False,,294859.9184246901,49700.0,190427.36262469008,54732.5558,5071296.869226789,5366156.787651479,0,400.0,0,107.13,21,9,amoniaco|comprimido|liquido,3.24388578900016,100,4040,93,7,,2026-09-03T18:47:28,41bef26273
E01_PM,Calibracion de la probabilidad de mutacion,large,12,30,55,3,53000.0,PM=0.2,40,100,,1.0,0.2,3,True,A,0.5,nogood,8,0.15,,,,,,606,5,False,,293306.60818402236,50100.0,183734.35968402238,59472.24849999999,1000000.0,1293306.6081840224,0,100.0,0,0.0,21,9,amoniaco|comprimido|liquido,2.998665501999767,100,4040,75,25,,2026-09-03T18:47:31,41bef26273
E01_PM,Calibracion de la probabilidad de mutacion,large,12,30,55,3,53000.0,PM=0.2,40,100,,1.0,0.2,3,True,A,0.5,nogood,8,0.15,,,,,,707,6,True,5.335002392856778,282755.1268214092,50000.0,183342.1409214092,49412.985900000014,0.0,282755.1268214092,0,0.0,0,0.0,23,9,amoniaco|liquido,4.884722053000132,100,4040,96,4,,2026-09-03T18:47:36,41bef26273
E01_PM,Calibracion de la probabilidad de mutacion,large,12,30,55,3,53000.0,PM=0.2,40,100,,1.0,0.2,3,True,A,0.5,nogood,8,0.15,,,,,,808,7,False,,296522.5031521969,55200.0,186995.11330219684,54327.38985000001,7000000.0,7296522.503152197,0,700.0,0,0.0,21,10,amoniaco|comprimido|liquido,3.314630468999894,100,4040,98,2,,2026-09-03T18:47:39,41bef26273
E01_PM,Calibracion de la probabilidad de mutacion,large,12,30,55,3,53000.0,PM=0.2,40,100,,1.0,0.2,3,True,A,0.5,nogood,8,0.15,,,,,,909,8,True,5.400921615879225,286248.8456415989,44300.0,194989.15989159892,46959.68575000001,0.0,286248.8456415989,0,0.0,0,0.0,17,8,amoniaco|liquido,2.842605714000001,100,4040,96,4,,2026-09-03T18:47:42,41bef26273
E01_PM,Calibracion de la probabilidad de mutacion,large,12,30,55,3,53000.0,PM=0.2,40,100,,1.0,0.2,3,True,A,0.5,nogood,8,0.15,,,,,,1010,9,True,5.3479011541366255,283438.76116924116,54700.0,186661.9241192412,42076.837049999995,0.0,283438.76116924116,0,0.0,0,0.0,18,10,amoniaco|liquido,2.7757314430000406,100,4040,99,1,,2026-09-03T18:47:45,41bef26273
E01_PM,Calibracion de la probabilidad de mutacion,large,12,30,55,3,53000.0,PM=0.2,40,100,,1.0,0.2,3,True,A,0.5,nogood,8,0.15,,,,,,1111,10,True,5.210582583829319,276160.8769429539,44800.0,191039.29539295394,40321.581549999995,0.0,276160.8769429539,0,0.0,0,0.0,18,8,amoniaco|liquido,3.4934605100002045,100,4040,97,3,,2026-09-03T18:47:49,41bef26273
E01_PM,Calibracion de la probabilidad de mutacion,large,12,30,55,3,53000.0,PM=0.2,40,100,,1.0,0.2,3,True,A,0.5,nogood,8,0.15,,,,,,1212,11,True,5.285164995548908,280113.74476409215,44500.0,196171.40921409216,39442.33555,0.0,280113.74476409215,0,0.0,0,0.0,15,8,amoniaco|liquido,4.136605825000061,100,4040,99,1,,2026-09-03T18:47:53,41bef26273
E01_PM,Calibracion de la probabilidad de mutacion,large,12,30,55,3,53000.0,PM=0.2,40,100,,1.0,0.2,3,True,A,0.5,nogood,8,0.15,,,,,,1313,12,False,,281911.2024601367,39000.0,194467.60941013665,48443.59305000001,1000000.0,1281911.2024601367,0,100.0,0,0.0,17,7,amoniaco|comprimido|liquido,2.7840740100000403,100,4040,93,7,,2026-09-03T18:47:56,41bef26273
E01_PM,Calibracion de la probabilidad de mutacion,large,12,30,55,3,53000.0,PM=0.2,40,100,,1.0,0.2,3,True,A,0.5,nogood,8,0.15,,,,,,1414,13,False,,290799.9403407974,55500.0,193985.03719079745,41314.90315,1686828.3495935067,1977628.289934304,0,100.0,0,68.683,17,10,amoniaco|comprimido|liquido,2.995201183000063,100,4040,93,7,,2026-09-03T18:47:59,41bef26273
E01_PM,Calibracion de la probabilidad de mutacion,large,12,30,55,3,53000.0,PM=0.2,40,100,,1.0,0.2,3,True,A,0.5,nogood,8,0.15,,,,,,1515,14,True,5.041299900761876,267188.8947403794,32700.0,188794.0379403794,45694.8568,0.0,267188.8947403794,0,0.0,0,0.0,18,6,amoniaco|liquido,2.7638372410001466,100,4040,91,9,,2026-09-03T18:48:01,41bef26273
E01_PM,Calibracion de la probabilidad de mutacion,large,12,30,55,3,53000.0,PM=0.2,40,100,,1.0,0.2,3,True,A,0.5,nogood,8,0.15,,,,,,1616,15,False,,284844.60807128524,44800.0,191113.08597128527,48931.52209999999,1000000.0,1284844.6080712853,0,100.0,0,0.0,18,8,amoniaco|comprimido|liquido,4.166638350000085,100,4040,98,2,,2026-09-03T18:48:05,41bef26273
E01_PM,Calibracion de la probabilidad de mutacion,large,12,30,55,3,53000.0,PM=0.2,40,100,,1.0,0.2,3,True,A,0.5,nogood,8,0.15,,,,,,1717,16,True,5.361135065994272,284140.15849769645,49500.0,179714.76964769646,54925.38885000001,0.0,284140.15849769645,0,0.0,0,0.0,25,9,amoniaco|liquido,3.7759154209998087,100,4040,91,9,,2026-09-03T18:48:09,41bef26273
E01_PM,Calibracion de la probabilidad de mutacion,large,12,30,55,3,53000.0,PM=0.2,40,100,,1.0,0.2,3,True,A,0.5,nogood,8,0.15,,,,,,1818,17,True,5.214858394605511,276387.4949140921,44000.0,185421.40921409213,46966.08570000001,0.0,276387.4949140921,0,0.0,0,0.0,17,8,amoniaco|liquido,2.8969989140000507,100,4040,96,4,,2026-09-03T18:48:12,41bef26273
E01_PM,Calibracion de la probabilidad de mutacion,large,12,30,55,3,53000.0,PM=0.2,40,100,,1.0,0.2,3,True,A,0.5,nogood,8,0.15,,,,,,1919,18,True,5.160424565109679,273502.501950813,44300.0,184880.081300813,44322.420650000015,0.0,273502.501950813,0,0.0,0,0.0,23,8,amoniaco|liquido,2.7993620819997886,100,4040,98,2,,2026-09-03T18:48:15,41bef26273
E01_PM,Calibracion de la probabilidad de mutacion,large,12,30,55,3,53000.0,PM=0.2,40,100,,1.0,0.2,3,True,A,0.5,nogood,8,0.15,,,,,,2020,19,True,5.239504121294166,277693.7184285908,49400.0,187907.8590785908,40385.85935000001,0.0,277693.7184285908,0,0.0,0,0.0,17,9,amoniaco|liquido,2.7177078899999287,100,4040,95,5,,2026-09-03T18:48:18,41bef26273
