exp_id,calibracion,instancia,P,J,K,M,HTotal,id_config,tam_poblacion,n_generaciones,tiempo_max,prob_cruce,prob_mutacion,k_torneo,elitismo,tipo_init,frac_semilla,pool_tipo,pool_n,pool_sigma,m_ref,w_visita,w_capacidad,w_camiones,w_produccion,semilla,rep,factible,lcoh,coste_total,capex,opex,transporte,penalizacion,fitness,viol_visita,viol_capacidad,viol_camiones,viol_produccion,n_camiones,n_plantas_abiertas,modos_usados,tiempo_s,generaciones_ejec,evaluaciones,gen_mejor,gen_estancamiento,error,timestamp,hash_config
E06_NG,Calibracion combinada de tamano de poblacion y generaciones,small,4,8,16,3,22400.0,N=20_G=50,20,50,,0.6,0.2,3,True,A,0.5,nogood,8,0.15,,,,,,101,0,False,,102901.65608170732,15900.0,73073.17073170732,13928.485349999999,5201443.390243912,5304345.046325619,0,0.0,0,520.144,8,3,liquido,0.19991272700008267,50,1020,8,42,,2026-09-04T08:11:27,44407fc9fe
E06_NG,Calibracion combinada de tamano de poblacion y generaciones,small,4,8,16,3,22400.0,N=20_G=50,20,50,,0.6,0.2,3,True,A,0.5,nogood,8,0.15,,,,,,202,1,True,4.733907650969077,106039.53138170733,21100.0,73073.17073170733,11866.360650000002,0.0,106039.53138170733,0,0.0,0,0.0,8,4,liquido,0.20536493899999186,50,1020,36,14,,2026-09-04T08:11:28,44407fc9fe
E06_NG,Calibracion combinada de tamano de poblacion y generaciones,small,4,8,16,3,22400.0,N=20_G=50,20,50,,0.6,0.2,3,True,A,0.5,nogood,8,0.15,,,,,,303,2,False,,105005.37433170731,15900.0,73073.17073170732,16032.203599999999,5201443.390243912,5306448.764575619,0,0.0,0,520.144,8,3,liquido,0.19928296499983844,50,1020,17,33,,2026-09-04T08:11:28,44407fc9fe
E06_NG,Calibracion combinada de tamano de poblacion y generaciones,small,4,8,16,3,22400.0,N=20_G=50,20,50,,0.6,0.2,3,True,A,0.5,nogood,8,0.15,,,,,,404,3,False,,101849.30023170731,15900.0,73073.17073170732,12876.129500000001,5201443.390243912,5303292.690475619,0,0.0,0,520.144,8,3,liquido,0.20086181300030148,50,1020,5,45,,2026-09-04T08:11:28,44407fc9fe
E06_NG,Calibracion combinada de tamano de poblacion y generaciones,small,4,8,16,3,22400.0,N=20_G=50,20,50,,0.6,0.2,3,True,A,0.5,nogood,8,0.15,,,,,,505,4,True,4.696648846091028,105204.93415243903,21100.0,72390.24390243903,11714.69025,0.0,105204.93415243903,0,0.0,0,0.0,8,4,liquido,0.22956289700050547,50,1020,31,19,,2026-09-04T08:11:28,44407fc9fe
E06_NG,Calibracion combinada de tamano de poblacion y generaciones,small,4,8,16,3,22400.0,N=20_G=50,20,50,,0.6,0.2,3,True,A,0.5,nogood,8,0.15,,,,,,606,5,False,,102603.40449390246,15600.0,71024.39024390245,15979.01425,10704256.780487813,10806860.184981715,0,0.0,0,1070.426,8,3,liquido,0.1945850940001037,50,1020,13,37,,2026-09-04T08:11:28,44407fc9fe
E06_NG,Calibracion combinada de tamano de poblacion y generaciones,small,4,8,16,3,22400.0,N=20_G=50,20,50,,0.6,0.2,3,True,A,0.5,nogood,8,0.15,,,,,,707,6,True,4.650258609483886,104165.79285243903,21100.0,72390.24390243903,10675.548950000002,0.0,104165.79285243903,0,0.0,0,0.0,8,4,liquido,0.20611376399938308,50,1020,43,7,,2026-09-04T08:11:29,44407fc9fe
E06_NG,Calibracion combinada de tamano de poblacion y generaciones,small,4,8,16,3,22400.0,N=20_G=50,20,50,,0.6,0.2,3,True,A,0.5,nogood,8,0.15,,,,,,808,7,False,,104221.08348170732,15900.0,73073.17073170732,15247.91275,5201443.390243912,5305664.47372562,0,0.0,0,520.144,8,3,liquido,0.193816556999991,50,1020,33,17,,2026-09-04T08:11:29,44407fc9fe
E06_NG,Calibracion combinada de tamano de poblacion y generaciones,small,4,8,16,3,22400.0,N=20_G=50,20,50,,0.6,0.2,3,True,A,0.5,nogood,8,0.15,,,,,,909,8,True,4.632003291594077,103756.87373170732,21100.0,73073.17073170733,9583.703,0.0,103756.87373170732,0,0.0,0,0.0,8,4,liquido,0.20470723699963855,50,1020,14,36,,2026-09-04T08:11:29,44407fc9fe
E06_NG,Calibracion combinada de tamano de poblacion y generaciones,small,4,8,16,3,22400.0,N=20_G=50,20,50,,0.6,0.2,3,True,A,0.5,nogood,8,0.15,,,,,,1010,9,False,,105949.42748170732,15900.0,73073.17073170732,16976.25675,5201443.390243912,5307392.817725619,0,0.0,0,520.144,8,3,liquido,0.23173881999991863,50,1020,14,36,,2026-09-04T08:11:29,44407fc9fe
E06_NG,Calibracion combinada de tamano de poblacion y generaciones,small,4,8,16,3,22400.0,N=20_G=50,20,50,,0.6,0.2,3,True,A,0.5,nogood,8,0.15,,,,,,1111,10,True,4.753574419751742,106480.06700243903,21100.0,72390.24390243903,12989.823099999998,0.0,106480.06700243903,0,0.0,0,0.0,8,4,liquido,0.20105072900059895,50,1020,47,3,,2026-09-04T08:11:29,44407fc9fe
E06_NG,Calibracion combinada de tamano de poblacion y generaciones,small,4,8,16,3,22400.0,N=20_G=50,20,50,,0.6,0.2,3,True,A,0.5,nogood,8,0.15,,,,,,1212,11,True,4.761926013501743,106667.14270243903,21100.0,72390.24390243903,13176.898799999999,0.0,106667.14270243903,0,0.0,0,0.0,8,4,liquido,0.20704360299987457,50,1020,43,7,,2026-09-04T08:11:30,44407fc9fe
E06_NG,Calibracion combinada de tamano de poblacion y generaciones,small,4,8,16,3,22400.0,N=20_G=50,20,50,,0.6,0.2,3,True,A,0.5,nogood,8,0.15,,,,,,1313,12,True,4.787966880879791,107250.45813170733,21100.0,73073.17073170733,13077.287399999997,0.0,107250.45813170733,0,0.0,0,0.0,8,4,liquido,0.20019319399943925,50,1020,41,9,,2026-09-04T08:11:30,44407fc9fe
E06_NG,Calibracion combinada de tamano de poblacion y generaciones,small,4,8,16,3,22400.0,N=20_G=50,20,50,,0.6,0.2,3,True,A,0.5,nogood,8,0.15,,,,,,1414,13,True,4.589244453233886,102799.07575243904,21100.0,72390.24390243903,9308.83185,0.0,102799.07575243904,0,0.0,0,0.0,8,4,liquido,0.19751254499988136,50,1020,44,6,,2026-09-04T08:11:30,44407fc9fe
E06_NG,Calibracion combinada de tamano de poblacion y generaciones,small,4,8,16,3,22400.0,N=20_G=50,20,50,,0.6,0.2,3,True,A,0.5,nogood,8,0.15,,,,,,1515,14,True,4.836300721091028,108333.13615243904,21100.0,72390.24390243903,14842.89225,0.0,108333.13615243904,0,0.0,0,0.0,8,4,liquido,0.22350256299978355,50,1020,50,0,,2026-09-04T08:11:30,44407fc9fe
E06_NG,Calibracion combinada de tamano de poblacion y generaciones,small,4,8,16,3,22400.0,N=20_G=50,20,50,,0.6,0.2,3,True,A,0.5,nogood,8,0.15,,,,,,1616,15,True,4.7187342947517426,105699.64820243903,21100.0,72390.24390243903,12209.4043,0.0,105699.64820243903,0,0.0,0,0.0,8,4,liquido,0.2017999730005613,50,1020,49,1,,2026-09-04T08:11:30,44407fc9fe
E06_NG,Calibracion combinada de tamano de poblacion y generaciones,small,4,8,16,3,22400.0,N=20_G=50,20,50,,0.6,0.2,3,True,A,0.5,nogood,8,0.15,,,,,,1717,16,False,,104234.49043170732,15900.0,73073.17073170732,15261.3197,5502813.3902439,5607047.880675607,0,0.0,0,550.281,8,3,liquido,0.19786560099964845,50,1020,7,43,,2026-09-04T08:11:31,44407fc9fe
E06_NG,Calibracion combinada de tamano de poblacion y generaciones,small,4,8,16,3,22400.0,N=20_G=50,20,50,,0.6,0.2,3,True,A,0.5,nogood,8,0.15,,,,,,1818,17,True,4.688956615254791,105032.62818170733,21100.0,73073.17073170733,10859.45745,0.0,105032.62818170733,0,0.0,0,0.0,8,4,liquido,0.1965861889993903,50,1020,45,5,,2026-09-04T08:11:31,44407fc9fe
E06_NG,Calibracion combinada de tamano de poblacion y generaciones,small,4,8,16,3,22400.0,N=20_G=50,20,50,,0.6,0.2,3,True,A,0.5,nogood,8,0.15,,,,,,1919,18,False,,105149.14708170731,15900.0,73073.17073170732,16175.976349999999,5201443.390243912,5306592.53732562,0,0.0,0,520.144,8,3,liquido,0.20164175299942144,50,1020,16,34,,2026-09-04T08:11:31,44407fc9fe
E06_NG,Calibracion combinada de tamano de poblacion y generaciones,small,4,8,16,3,22400.0,N=20_G=50,20,50,,0.6,0.2,3,True,A,0.5,nogood,8,0.15,,,,,,2020,19,False,,103253.59083170732,15900.0,73073.17073170732,14280.4201,5201443.390243912,5304696.981075619,0,0.0,0,520.144,8,3,liquido,0.2225929879996329,50,1020,21,29,,2026-09-04T08:11:31,44407fc9fe
E06_NG,Calibracion combinada de tamano de poblacion y generaciones,small,4,8,16,3,22400.0,N=20_G=100,20,100,,0.6,0.2,3,True,A,0.5,nogood,8,0.15,,,,,,101,0,False,,102901.65608170732,15900.0,73073.17073170732,13928.485349999999,5201443.390243912,5304345.046325619,0,0.0,0,520.144,8,3,liquido,0.40370815899950685,100,2020,8,92,,2026-09-04T08:11:32,8e2f1e85f8
E06_NG,Calibracion combinada de tamano de poblacion y generaciones,small,4,8,16,3,22400.0,N=20_G=100,20,100,,0.6,0.2,3,True,A,0.5,nogood,8,0.15,,,,,,202,1,True,4.733907650969077,106039.53138170733,21100.0,73073.17073170733,11866.360650000002,0.0,106039.53138170733,0,0.0,0,0.0,8,4,liquido,0.41930144100024336,100,2020,36,64,,2026-09-04T08:11:32,8e2f1e85f8
E06_NG,Calibracion combinada de tamano de poblacion y generaciones,small,4,8,16,3,22400.0,N=20_G=100,20,100,,0.6,0.2,3,True,A,0.5,nogood,8,0.15,,,,,,303,2,False,,105005.37433170731,15900.0,73073.17073170732,16032.203599999999,5201443.390243912,5306448.764575619,0,0.0,0,520.144,8,3,liquido,0.4155897130003723,100,2020,17,83,,2026-09-04T08:11:33,8e2f1e85f8
E06_NG,Calibracion combinada de tamano de poblacion y generaciones,small,4,8,16,3,22400.0,N=20_G=100,20,100,,0.6,0.2,3,True,A,0.5,nogood,8,0.15,,,,,,404,3,False,,101849.30023170731,15900.0,73073.17073170732,12876.129500000001,5201443.390243912,5303292.690475619,0,0.0,0,520.144,8,3,liquido,0.39937348700004804,100,2020,5,95,,2026-09-04T08:11:33,8e2f1e85f8
E06_NG,Calibracion combinada de tamano de poblacion y generaciones,small,4,8,16,3,22400.0,N=20_G=100,20,100,,0.6,0.2,3,True,A,0.5,nogood,8,0.15,,,,,,505,4,True,4.696648846091028,105204.93415243903,21100.0,72390.24390243903,11714.69025,0.0,105204.93415243903,0,0.0,0,0.0,8,4,liquido,0.44280140199953166,100,2020,31,69,,2026-09-04T08:11:33,8e2f1e85f8
E06_NG,Calibracion combinada de tamano de poblacion y generaciones,small,4,8,16,3,22400.0,N=20_G=100,20,100,,0.6,0.2,3,True,A,0.5,nogood,8,0.15,,,,,,606,5,False,,102603.40449390246,15600.0,71024.39024390245,15979.01425,10704256.780487813,10806860.184981715,0,0.0,0,1070.426,8,3,liquido,0.40421230100037064,100,2020,13,87,,2026-09-04T08:11:34,8e2f1e85f8
E06_NG,Calibracion combinada de tamano de poblacion y generaciones,small,4,8,16,3,22400.0,N=20_G=100,20,100,,0.6,0.2,3,True,A,0.5,nogood,8,0.15,,,,,,707,6,True,4.650258609483886,104165.79285243903,21100.0,72390.24390243903,10675.548950000002,0.0,104165.79285243903,0,0.0,0,0.0,8,4,liquido,0.4110503539995989,100,2020,43,57,,2026-09-04T08:11:34,8e2f1e85f8
E06_NG,Calibracion combinada de tamano de poblacion y generaciones,small,4,8,16,3,22400.0,N=20_G=100,20,100,,0.6,0.2,3,True,A,0.5,nogood,8,0.15,,,,,,808,7,False,,104221.08348170732,15900.0,73073.17073170732,15247.91275,5201443.390243912,5305664.47372562,0,0.0,0,520.144,8,3,liquido,0.4051741720004429,100,2020,33,67,,2026-09-04T08:11:35,8e2f1e85f8
E06_NG,Calibracion combinada de tamano de poblacion y generaciones,small,4,8,16,3,22400.0,N=20_G=100,20,100,,0.6,0.2,3,True,A,0.5,nogood,8,0.15,,,,,,909,8,True,4.632003291594077,103756.87373170732,21100.0,73073.17073170733,9583.703,0.0,103756.87373170732,0,0.0,0,0.0,8,4,liquido,0.40539402599915775,100,2020,14,86,,2026-09-04T08:11:35,8e2f1e85f8
E06_NG,Calibracion combinada de tamano de poblacion y generaciones,small,4,8,16,3,22400.0,N=20_G=100,20,100,,0.6,0.2,3,True,A,0.5,nogood,8,0.15,,,,,,1010,9,False,,105877.87688170731,15900.0,73073.17073170732,16904.706149999998,5201443.390243912,5307321.26712562,0,0.0,0,520.144,8,3,liquido,0.4252214730004198,100,2020,54,46,,2026-09-04T08:11:35,8e2f1e85f8
E06_NG,Calibracion combinada de tamano de poblacion y generaciones,small,4,8,16,3,22400.0,N=20_G=100,20,100,,0.6,0.2,3,True,A,0.5,nogood,8,0.15,,,,,,1111,10,True,4.707986838469077,105458.90518170733,21100.0,73073.17073170733,11285.734449999998,0.0,105458.90518170733,0,0.0,0,0.0,8,4,liquido,0.4009319079996203,100,2020,100,0,,2026-09-04T08:11:36,8e2f1e85f8
E06_NG,Calibracion combinada de tamano de poblacion y generaciones,small,4,8,16,3,22400.0,N=20_G=100,20,100,,0.6,0.2,3,True,A,0.5,nogood,8,0.15,,,,,,1212,11,True,4.673885669751742,104695.03900243904,21100.0,72390.24390243903,11204.795100000003,0.0,104695.03900243904,0,0.0,0,0.0,8,4,liquido,0.4119351130002542,100,2020,64,36,,2026-09-04T08:11:36,8e2f1e85f8
E06_NG,Calibracion combinada de tamano de poblacion y generaciones,small,4,8,16,3,22400.0,N=20_G=100,20,100,,0.6,0.2,3,True,A,0.5,nogood,8,0.15,,,,,,1313,12,True,4.7179488706446,105682.05470243903,21100.0,72390.24390243903,12191.8108,0.0,105682.05470243903,0,0.0,0,0.0,8,4,liquido,0.6582733270006429,100,2020,63,37,,2026-09-04T08:11:37,8e2f1e85f8
E06_NG,Calibracion combinada de tamano de poblacion y generaciones,small,4,8,16,3,22400.0,N=20_G=100,20,100,,0.6,0.2,3,True,A,0.5,nogood,8,0.15,,,,,,1414,13,True,4.589244453233886,102799.07575243904,21100.0,72390.24390243903,9308.83185,0.0,102799.07575243904,0,0.0,0,0.0,8,4,liquido,0.7435263669995038,100,2020,44,56,,2026-09-04T08:11:38,8e2f1e85f8
E06_NG,Calibracion combinada de tamano de poblacion y generaciones,small,4,8,16,3,22400.0,N=20_G=100,20,100,,0.6,0.2,3,True,A,0.5,nogood,8,0.15,,,,,,1515,14,True,4.784550822844077,107173.93843170733,21100.0,73073.17073170733,13000.767699999999,0.0,107173.93843170733,0,0.0,0,0.0,8,4,liquido,0.7467236029997366,100,2020,80,20,,2026-09-04T08:11:38,8e2f1e85f8
E06_NG,Calibracion combinada de tamano de poblacion y generaciones,small,4,8,16,3,22400.0,N=20_G=100,20,100,,0.6,0.2,3,True,A,0.5,nogood,8,0.15,,,,,,1616,15,True,4.645696925522649,104063.61113170734,21100.0,73073.17073170733,9890.440400000001,0.0,104063.61113170734,0,0.0,0,0.0,8,4,liquido,0.7599377320002532,100,2020,97,3,,2026-09-04T08:11:39,8e2f1e85f8
E06_NG,Calibracion combinada de tamano de poblacion y generaciones,small,4,8,16,3,22400.0,N=20_G=100,20,100,,0.6,0.2,3,True,A,0.5,nogood,8,0.15,,,,,,1717,16,False,,104234.49043170732,15900.0,73073.17073170732,15261.3197,5502813.3902439,5607047.880675607,0,0.0,0,550.281,8,3,liquido,0.7237621410004067,100,2020,7,93,,2026-09-04T08:11:40,8e2f1e85f8
E06_NG,Calibracion combinada de tamano de poblacion y generaciones,small,4,8,16,3,22400.0,N=20_G=100,20,100,,0.6,0.2,3,True,A,0.5,nogood,8,0.15,,,,,,1818,17,True,4.6632796362696,104457.46385243903,21100.0,72390.24390243903,10967.21995,0.0,104457.46385243903,0,0.0,0,0.0,8,4,liquido,0.7443882589996065,100,2020,54,46,,2026-09-04T08:11:41,8e2f1e85f8
E06_NG,Calibracion combinada de tamano de poblacion y generaciones,small,4,8,16,3,22400.0,N=20_G=100,20,100,,0.6,0.2,3,True,A,0.5,nogood,8,0.15,,,,,,1919,18,False,,104882.80443170732,15900.0,73073.17073170732,15909.6337,5201443.390243912,5306326.19467562,0,0.0,0,520.144,8,3,liquido,0.6174552780003069,100,2020,87,13,,2026-09-04T08:11:41,8e2f1e85f8
E06_NG,Calibracion combinada de tamano de poblacion y generaciones,small,4,8,16,3,22400.0,N=20_G=100,20,100,,0.6,0.2,3,True,A,0.5,nogood,8,0.15,,,,,,2020,19,False,,103253.59083170732,15900.0,73073.17073170732,14280.4201,5201443.390243912,5304696.981075619,0,0.0,0,520.144,8,3,liquido,0.39067273199998453,100,2020,21,79,,2026-09-04T08:11:42,8e2f1e85f8
E06_NG,Calibracion combinada de tamano de poblacion y generaciones,small,4,8,16,3,22400.0,N=20_G=200,20,200,,0.6,0.2,3,True,A,0.5,nogood,8,0.15,,,,,,101,0,False,,102901.65608170732,15900.0,73073.17073170732,13928.485349999999,5201443.390243912,5304345.046325619,0,0.0,0,520.144,8,3,liquido,0.8135967749994961,200,4020,8,192,,2026-09-04T08:11:43,6b5d7271f6
E06_NG,Calibracion combinada de tamano de poblacion y generaciones,small,4,8,16,3,22400.0,N=20_G=200,20,200,,0.6,0.2,3,True,A,0.5,nogood,8,0.15,,,,,,202,1,True,4.689290305912457,105040.10285243903,21100.0,72390.24390243903,11549.85895,0.0,105040.10285243903,0,0.0,0,0.0,8,4,liquido,0.8212318070000038,200,4020,177,23,,2026-09-04T08:11:43,6b5d7271f6
E06_NG,Calibracion combinada de tamano de poblacion y generaciones,small,4,8,16,3,22400.0,N=20_G=200,20,200,,0.6,0.2,3,True,A,0.5,nogood,8,0.15,,,,,,303,2,False,,105005.37433170731,15900.0,73073.17073170732,16032.203599999999,5201443.390243912,5306448.764575619,0,0.0,0,520.144,8,3,liquido,0.8020264759998099,200,4020,17,183,,2026-09-04T08:11:44,6b5d7271f6
E06_NG,Calibracion combinada de tamano de poblacion y generaciones,small,4,8,16,3,22400.0,N=20_G=200,20,200,,0.6,0.2,3,True,A,0.5,nogood,8,0.15,,,,,,404,3,False,,101849.30023170731,15900.0,73073.17073170732,12876.129500000001,5201443.390243912,5303292.690475619,0,0.0,0,520.144,8,3,liquido,0.7796317499996803,200,4020,5,195,,2026-09-04T08:11:45,6b5d7271f6
E06_NG,Calibracion combinada de tamano de poblacion y generaciones,small,4,8,16,3,22400.0,N=20_G=200,20,200,,0.6,0.2,3,True,A,0.5,nogood,8,0.15,,,,,,505,4,True,4.696648846091028,105204.93415243903,21100.0,72390.24390243903,11714.69025,0.0,105204.93415243903,0,0.0,0,0.0,8,4,liquido,0.83669684600045,200,4020,31,169,,2026-09-04T08:11:46,6b5d7271f6
E06_NG,Calibracion combinada de tamano de poblacion y generaciones,small,4,8,16,3,22400.0,N=20_G=200,20,200,,0.6,0.2,3,True,A,0.5,nogood,8,0.15,,,,,,606,5,False,,102432.22029390246,15600.0,71024.39024390245,15807.83005,10704256.780487813,10806689.000781715,0,0.0,0,1070.426,8,3,liquido,0.8063169209999614,200,4020,162,38,,2026-09-04T08:11:47,6b5d7271f6
E06_NG,Calibracion combinada de tamano de poblacion y generaciones,small,4,8,16,3,22400.0,N=20_G=200,20,200,,0.6,0.2,3,True,A,0.5,nogood,8,0.15,,,,,,707,6,True,4.650258609483886,104165.79285243903,21100.0,72390.24390243903,10675.548950000002,0.0,104165.79285243903,0,0.0,0,0.0,8,4,liquido,0.8246088050000253,200,4020,43,157,,2026-09-04T08:11:47,6b5d7271f6
E06_NG,Calibracion combinada de tamano de poblacion y generaciones,small,4,8,16,3,22400.0,N=20_G=200,20,200,,0.6,0.2,3,True,A,0.5,nogood,8,0.15,,,,,,808,7,False,,104221.08348170732,15900.0,73073.17073170732,15247.91275,5201443.390243912,5305664.47372562,0,0.0,0,520.144,8,3,liquido,0.797962553000616,200,4020,33,167,,2026-09-04T08:11:48,6b5d7271f6
E06_NG,Calibracion combinada de tamano de poblacion y generaciones,small,4,8,16,3,22400.0,N=20_G=200,20,200,,0.6,0.2,3,True,A,0.5,nogood,8,0.15,,,,,,909,8,True,4.632003291594077,103756.87373170732,21100.0,73073.17073170733,9583.703,0.0,103756.87373170732,0,0.0,0,0.0,8,4,liquido,0.8104839410007116,200,4020,14,186,,2026-09-04T08:11:49,6b5d7271f6
E06_NG,Calibracion combinada de tamano de poblacion y generaciones,small,4,8,16,3,22400.0,N=20_G=200,20,200,,0.6,0.2,3,True,A,0.5,nogood,8,0.15,,,,,,1010,9,False,,104136.10003170732,15900.0,73073.17073170732,15162.929300000002,5201443.390243912,5305579.49027562,0,0.0,0,520.144,8,3,liquido,0.9164079299998775,200,4020,189,11,,2026-09-04T08:11:50,6b5d7271f6
E06_NG,Calibracion combinada de tamano de poblacion y generaciones,small,4,8,16,3,22400.0,N=20_G=200,20,200,,0.6,0.2,3,True,A,0.5,nogood,8,0.15,,,,,,1111,10,True,4.632003291594077,103756.87373170732,21100.0,73073.17073170733,9583.703,0.0,103756.87373170732,0,0.0,0,0.0,8,4,liquido,1.0055490550003015,200,4020,131,69,,2026-09-04T08:11:51,6b5d7271f6
E06_NG,Calibracion combinada de tamano de poblacion y generaciones,small,4,8,16,3,22400.0,N=20_G=200,20,200,,0.6,0.2,3,True,A,0.5,nogood,8,0.15,,,,,,1212,11,True,4.673885669751742,104695.03900243904,21100.0,72390.24390243903,11204.795100000003,0.0,104695.03900243904,0,0.0,0,0.0,8,4,liquido,1.5808542169997963,200,4020,64,136,,2026-09-04T08:11:53,6b5d7271f6
E06_NG,Calibracion combinada de tamano de poblacion y generaciones,small,4,8,16,3,22400.0,N=20_G=200,20,200,,0.6,0.2,3,True,A,0.5,nogood,8,0.15,,,,,,1313,12,True,4.6708262848976485,104626.50878170732,21100.0,73073.17073170733,10453.338049999998,0.0,104626.50878170732,0,0.0,0,0.0,8,4,liquido,1.4811734730001263,200,4020,181,19,,2026-09-04T08:11:54,6b5d7271f6
E06_NG,Calibracion combinada de tamano de poblacion y generaciones,small,4,8,16,3,22400.0,N=20_G=200,20,200,,0.6,0.2,3,True,A,0.5,nogood,8,0.15,,,,,,1414,13,True,4.589244453233886,102799.07575243904,21100.0,72390.24390243903,9308.83185,0.0,102799.07575243904,0,0.0,0,0.0,8,4,liquido,1.5131567680000444,200,4020,44,156,,2026-09-04T08:11:56,6b5d7271f6
E06_NG,Calibracion combinada de tamano de poblacion y generaciones,small,4,8,16,3,22400.0,N=20_G=200,20,200,,0.6,0.2,3,True,A,0.5,nogood,8,0.15,,,,,,1515,14,True,4.7087975348976485,105477.06478170733,21100.0,73073.17073170733,11303.89405,0.0,105477.06478170733,0,0.0,0,0.0,8,4,liquido,1.043145568,200,4020,198,2,,2026-09-04T08:11:57,6b5d7271f6
E06_NG,Calibracion combinada de tamano de poblacion y generaciones,small,4,8,16,3,22400.0,N=20_G=200,20,200,,0.6,0.2,3,True,A,0.5,nogood,8,0.15,,,,,,1616,15,True,4.6045534210583625,103141.99663170733,21100.0,73073.17073170733,8968.825900000002,0.0,103141.99663170733,0,0.0,0,0.0,8,4,liquido,0.8170702650004387,200,4020,103,97,,2026-09-04T08:11:57,6b5d7271f6
E06_NG,Calibracion combinada de tamano de poblacion y generaciones,small,4,8,16,3,22400.0,N=20_G=200,20,200,,0.6,0.2,3,True,A,0.5,nogood,8,0.15,,,,,,1717,16,False,,104234.49043170732,15900.0,73073.17073170732,15261.3197,5502813.3902439,5607047.880675607,0,0.0,0,550.281,8,3,liquido,0.8077408039998772,200,4020,7,193,,2026-09-04T08:11:58,6b5d7271f6
E06_NG,Calibracion combinada de tamano de poblacion y generaciones,small,4,8,16,3,22400.0,N=20_G=200,20,200,,0.6,0.2,3,True,A,0.5,nogood,8,0.15,,,,,,1818,17,True,4.6632796362696,104457.46385243903,21100.0,72390.24390243903,10967.21995,0.0,104457.46385243903,0,0.0,0,0.0,8,4,liquido,0.8154244529996504,200,4020,54,146,,2026-09-04T08:11:59,6b5d7271f6
E06_NG,Calibracion combinada de tamano de poblacion y generaciones,small,4,8,16,3,22400.0,N=20_G=200,20,200,,0.6,0.2,3,True,A,0.5,nogood,8,0.15,,,,,,1919,18,False,,103355.86808170732,15900.0,73073.17073170732,14382.697350000002,5201443.390243912,5304799.25832562,0,0.0,0,520.144,8,3,liquido,0.8057984799997939,200,4020,103,97,,2026-09-04T08:12:00,6b5d7271f6
E06_NG,Calibracion combinada de tamano de poblacion y generaciones,small,4,8,16,3,22400.0,N=20_G=200,20,200,,0.6,0.2,3,True,A,0.5,nogood,8,0.15,,,,,,2020,19,False,,103253.59083170732,15900.0,73073.17073170732,14280.4201,5201443.390243912,5304696.981075619,0,0.0,0,520.144,8,3,liquido,0.9452026159997331,200,4020,21,179,,2026-09-04T08:12:01,6b5d7271f6
E06_NG,Calibracion combinada de tamano de poblacion y generaciones,small,4,8,16,3,22400.0,N=40_G=50,40,50,,0.6,0.2,3,True,A,0.5,nogood,8,0.15,,,,,,101,0,False,,102901.65608170732,15900.0,73073.17073170732,13928.485349999999,5201443.390243912,5304345.046325619,0,0.0,0,520.144,8,3,liquido,0.40327635499943426,50,2040,6,44,,2026-09-04T08:12:01,74b7e68250
E06_NG,Calibracion combinada de tamano de poblacion y generaciones,small,4,8,16,3,22400.0,N=40_G=50,40,50,,0.6,0.2,3,True,A,0.5,nogood,8,0.15,,,,,,202,1,True,4.713842088469077,105590.06278170733,21100.0,73073.17073170733,11416.89205,0.0,105590.06278170733,0,0.0,0,0.0,8,4,liquido,0.406198527000015,50,2040,34,16,,2026-09-04T08:12:02,74b7e68250
E06_NG,Calibracion combinada de tamano de poblacion y generaciones,small,4,8,16,3,22400.0,N=40_G=50,40,50,,0.6,0.2,3,True,A,0.5,nogood,8,0.15,,,,,,303,2,True,4.657681982251742,104332.07640243904,21100.0,72390.24390243903,10841.832499999999,0.0,104332.07640243904,0,0.0,0,0.0,8,4,liquido,0.41852892500082817,50,2040,49,1,,2026-09-04T08:12:02,74b7e68250
E06_NG,Calibracion combinada de tamano de poblacion y generaciones,small,4,8,16,3,22400.0,N=40_G=50,40,50,,0.6,0.2,3,True,A,0.5,nogood,8,0.15,,,,,,404,3,True,4.677708480019599,104780.66995243903,21100.0,72390.24390243903,11290.42605,0.0,104780.66995243903,0,0.0,0,0.0,8,4,liquido,0.4101347790001455,50,2040,50,0,,2026-09-04T08:12:02,74b7e68250
E06_NG,Calibracion combinada de tamano de poblacion y generaciones,small,4,8,16,3,22400.0,N=40_G=50,40,50,,0.6,0.2,3,True,A,0.5,nogood,8,0.15,,,,,,505,4,True,4.732032296058363,105997.52343170733,21100.0,73073.17073170733,11824.352700000005,0.0,105997.52343170733,0,0.0,0,0.0,8,4,liquido,0.42030807100036327,50,2040,50,0,,2026-09-04T08:12:03,74b7e68250
E06_NG,Calibracion combinada de tamano de poblacion y generaciones,small,4,8,16,3,22400.0,N=40_G=50,40,50,,0.6,0.2,3,True,A,0.5,nogood,8,0.15,,,,,,606,5,True,4.665605816147648,104509.57028170733,21100.0,73073.17073170733,10336.39955,0.0,104509.57028170733,0,0.0,0,0.0,8,4,liquido,0.4094079970000166,50,2040,26,24,,2026-09-04T08:12:03,74b7e68250
E06_NG,Calibracion combinada de tamano de poblacion y generaciones,small,4,8,16,3,22400.0,N=40_G=50,40,50,,0.6,0.2,3,True,A,0.5,nogood,8,0.15,,,,,,707,6,False,,104094.86168170732,15900.0,73073.17073170732,15121.690950000002,5201443.390243912,5305538.251925619,0,0.0,0,520.144,8,3,liquido,0.4044239369995921,50,2040,9,41,,2026-09-04T08:12:04,74b7e68250
E06_NG,Calibracion combinada de tamano de poblacion y generaciones,small,4,8,16,3,22400.0,N=40_G=50,40,50,,0.6,0.2,3,True,A,0.5,nogood,8,0.15,,,,,,808,7,True,4.691832156358885,105097.04030243903,21100.0,72390.24390243903,11606.796399999997,0.0,105097.04030243903,0,0.0,0,0.0,8,4,liquido,0.42075719999957073,50,2040,32,18,,2026-09-04T08:12:04,74b7e68250
E06_NG,Calibracion combinada de tamano de poblacion y generaciones,small,4,8,16,3,22400.0,N=40_G=50,40,50,,0.6,0.2,3,True,A,0.5,nogood,8,0.15,,,,,,909,8,False,,102434.06673170731,15900.0,73073.17073170732,13460.896,5201443.390243912,5303877.456975619,0,0.0,0,520.144,8,3,liquido,0.3898095110007489,50,2040,15,35,,2026-09-04T08:12:05,74b7e68250
E06_NG,Calibracion combinada de tamano de poblacion y generaciones,small,4,8,16,3,22400.0,N=40_G=50,40,50,,0.6,0.2,3,True,A,0.5,nogood,8,0.15,,,,,,1010,9,False,,101209.83848170732,15900.0,73073.17073170732,12236.66775,5201443.390243912,5302653.22872562,0,0.0,0,520.144,8,3,liquido,0.40706620499986457,50,2040,19,31,,2026-09-04T08:12:05,74b7e68250
E06_NG,Calibracion combinada de tamano de poblacion y generaciones,small,4,8,16,3,22400.0,N=40_G=50,40,50,,0.6,0.2,3,True,A,0.5,nogood,8,0.15,,,,,,1111,10,False,,99966.58113170732,15900.0,73073.17073170732,10993.4104,5201443.390243912,5301409.971375619,0,0.0,0,520.144,8,3,liquido,0.39941695499965135,50,2040,12,38,,2026-09-04T08:12:05,74b7e68250
E06_NG,Calibracion combinada de tamano de poblacion y generaciones,small,4,8,16,3,22400.0,N=40_G=50,40,50,,0.6,0.2,3,True,A,0.5,nogood,8,0.15,,,,,,1212,11,True,4.651656267966028,104197.10040243903,21100.0,72390.24390243903,10706.8565,0.0,104197.10040243903,0,0.0,0,0.0,8,4,liquido,0.39939898299962806,50,2040,37,13,,2026-09-04T08:12:06,74b7e68250
E06_NG,Calibracion combinada de tamano de poblacion y generaciones,small,4,8,16,3,22400.0,N=40_G=50,40,50,,0.6,0.2,3,True,A,0.5,nogood,8,0.15,,,,,,1313,12,True,4.731560711236934,105986.95993170733,21100.0,73073.17073170733,11813.789200000001,0.0,105986.95993170733,0,0.0,0,0.0,8,4,liquido,0.5504535629997918,50,2040,46,4,,2026-09-04T08:12:06,74b7e68250
E06_NG,Calibracion combinada de tamano de poblacion y generaciones,small,4,8,16,3,22400.0,N=40_G=50,40,50,,0.6,0.2,3,True,A,0.5,nogood,8,0.15,,,,,,1414,13,True,4.651656267966028,104197.10040243903,21100.0,72390.24390243903,10706.8565,0.0,104197.10040243903,0,0.0,0,0.0,8,4,liquido,0.7352978740000253,50,2040,25,25,,2026-09-04T08:12:07,74b7e68250
E06_NG,Calibracion combinada de tamano de poblacion y generaciones,small,4,8,16,3,22400.0,N=40_G=50,40,50,,0.6,0.2,3,True,A,0.5,nogood,8,0.15,,,,,,1515,14,True,4.734402691147649,106050.62028170732,21100.0,73073.17073170733,11877.449549999998,0.0,106050.62028170732,0,0.0,0,0.0,8,4,liquido,0.8207958240000153,50,2040,37,13,,2026-09-04T08:12:08,74b7e68250
E06_NG,Calibracion combinada de tamano de poblacion y generaciones,small,4,8,16,3,22400.0,N=40_G=50,40,50,,0.6,0.2,3,True,A,0.5,nogood,8,0.15,,,,,,1616,15,False,,104949.29158170732,15900.0,73073.17073170732,15976.120850000001,5502813.3902439,5607762.681825607,0,0.0,0,550.281,8,3,liquido,0.7345960880002167,50,2040,17,33,,2026-09-04T08:12:09,74b7e68250
E06_NG,Calibracion combinada de tamano de poblacion y generaciones,small,4,8,16,3,22400.0,N=40_G=50,40,50,,0.6,0.2,3,True,A,0.5,nogood,8,0.15,,,,,,1717,16,False,,104882.8044317073,15900.0,73073.17073170732,15909.633699999998,5201443.390243912,5306326.19467562,0,0.0,0,520.144,8,3,liquido,0.9832437989998652,50,2040,25,25,,2026-09-04T08:12:10,74b7e68250
E06_NG,Calibracion combinada de tamano de poblacion y generaciones,small,4,8,16,3,22400.0,N=40_G=50,40,50,,0.6,0.2,3,True,A,0.5,nogood,8,0.15,,,,,,1818,17,True,4.6045534210583625,103141.99663170733,21100.0,73073.17073170733,8968.8259,0.0,103141.99663170733,0,0.0,0,0.0,8,4,liquido,0.7734657980008706,50,2040,46,4,,2026-09-04T08:12:10,74b7e68250
E06_NG,Calibracion combinada de tamano de poblacion y generaciones,small,4,8,16,3,22400.0,N=40_G=50,40,50,,0.6,0.2,3,True,A,0.5,nogood,8,0.15,,,,,,1919,18,False,,101634.10453170731,15900.0,73073.17073170732,12660.933799999999,5201443.390243912,5303077.494775619,0,0.0,0,520.144,8,3,liquido,0.6121967469998708,50,2040,18,32,,2026-09-04T08:12:11,74b7e68250
E06_NG,Calibracion combinada de tamano de poblacion y generaciones,small,4,8,16,3,22400.0,N=40_G=50,40,50,,0.6,0.2,3,True,A,0.5,nogood,8,0.15,,,,,,2020,19,True,4.681518128647649,104866.00608170732,21100.0,73073.17073170733,10692.83535,0.0,104866.00608170732,0,0.0,0,0.0,8,4,liquido,0.4288094680005088,50,2040,21,29,,2026-09-04T08:12:11,74b7e68250
E06_NG,Calibracion combinada de tamano de poblacion y generaciones,small,4,8,16,3,22400.0,N=40_G=100,40,100,,0.6,0.2,3,True,A,0.5,nogood,8,0.15,,,,,,101,0,False,,102901.65608170732,15900.0,73073.17073170732,13928.485349999999,5201443.390243912,5304345.046325619,0,0.0,0,520.144,8,3,liquido,0.796222318999753,100,4040,6,94,,2026-09-04T08:12:12,68b8deca34
E06_NG,Calibracion combinada de tamano de poblacion y generaciones,small,4,8,16,3,22400.0,N=40_G=100,40,100,,0.6,0.2,3,True,A,0.5,nogood,8,0.15,,,,,,202,1,True,4.6708262848976485,104626.50878170732,21100.0,73073.17073170733,10453.338049999998,0.0,104626.50878170732,0,0.0,0,0.0,8,4,liquido,0.8242446119993474,100,4040,57,43,,2026-09-04T08:12:13,68b8deca34
E06_NG,Calibracion combinada de tamano de poblacion y generaciones,small,4,8,16,3,22400.0,N=40_G=100,40,100,,0.6,0.2,3,True,A,0.5,nogood,8,0.15,,,,,,303,2,True,4.6128332746624565,103327.46535243903,21100.0,72390.24390243903,9837.22145,0.0,103327.46535243903,0,0.0,0,0.0,8,4,liquido,0.828019956999924,100,4040,63,37,,2026-09-04T08:12:14,68b8deca34
E06_NG,Calibracion combinada de tamano de poblacion y generaciones,small,4,8,16,3,22400.0,N=40_G=100,40,100,,0.6,0.2,3,True,A,0.5,nogood,8,0.15,,,,,,404,3,True,4.642371302754792,103989.11718170733,21100.0,73073.17073170733,9815.946449999998,0.0,103989.11718170733,0,0.0,0,0.0,8,4,liquido,0.828194233999966,100,4040,55,45,,2026-09-04T08:12:15,68b8deca34
E06_NG,Calibracion combinada de tamano de poblacion y generaciones,small,4,8,16,3,22400.0,N=40_G=100,40,100,,0.6,0.2,3,True,A,0.5,nogood,8,0.15,,,,,,505,4,True,4.6580591675196,104340.52535243903,21100.0,72390.24390243903,10850.28145,0.0,104340.52535243903,0,0.0,0,0.0,8,4,liquido,0.8237766259999262,100,4040,53,47,,2026-09-04T08:12:16,68b8deca34
E06_NG,Calibracion combinada de tamano de poblacion y generaciones,small,4,8,16,3,22400.0,N=40_G=100,40,100,,0.6,0.2,3,True,A,0.5,nogood,8,0.15,,,,,,606,5,True,4.6045534210583625,103141.99663170733,21100.0,73073.17073170733,8968.825900000002,0.0,103141.99663170733,0,0.0,0,0.0,8,4,liquido,0.8056511259992476,100,4040,79,21,,2026-09-04T08:12:16,68b8deca34
E06_NG,Calibracion combinada de tamano de poblacion y generaciones,small,4,8,16,3,22400.0,N=40_G=100,40,100,,0.6,0.2,3,True,A,0.5,nogood,8,0.15,,,,,,707,6,False,,104094.86168170732,15900.0,73073.17073170732,15121.690950000002,5201443.390243912,5305538.251925619,0,0.0,0,520.144,8,3,liquido,0.8127899620003518,100,4040,9,91,,2026-09-04T08:12:17,68b8deca34
E06_NG,Calibracion combinada de tamano de poblacion y generaciones,small,4,8,16,3,22400.0,N=40_G=100,40,100,,0.6,0.2,3,True,A,0.5,nogood,8,0.15,,,,,,808,7,True,4.6045534210583625,103141.99663170733,21100.0,73073.17073170733,8968.825900000002,0.0,103141.99663170733,0,0.0,0,0.0,8,4,liquido,0.8211793790005686,100,4040,79,21,,2026-09-04T08:12:18,68b8deca34
E06_NG,Calibracion combinada de tamano de poblacion y generaciones,small,4,8,16,3,22400.0,N=40_G=100,40,100,,0.6,0.2,3,True,A,0.5,nogood,8,0.15,,,,,,909,8,False,,102434.06673170731,15900.0,73073.17073170732,13460.896,5201443.390243912,5303877.456975619,0,0.0,0,520.144,8,3,liquido,0.8019600369998443,100,4040,15,85,,2026-09-04T08:12:19,68b8deca34
E06_NG,Calibracion combinada de tamano de poblacion y generaciones,small,4,8,16,3,22400.0,N=40_G=100,40,100,,0.6,0.2,3,True,A,0.5,nogood,8,0.15,,,,,,1010,9,False,,101209.83848170732,15900.0,73073.17073170732,12236.66775,5201443.390243912,5302653.22872562,0,0.0,0,520.144,8,3,liquido,0.791308045999358,100,4040,19,81,,2026-09-04T08:12:20,68b8deca34
E06_NG,Calibracion combinada de tamano de poblacion y generaciones,small,4,8,16,3,22400.0,N=40_G=100,40,100,,0.6,0.2,3,True,A,0.5,nogood,8,0.15,,,,,,1111,10,False,,99966.58113170732,15900.0,73073.17073170732,10993.4104,5201443.390243912,5301409.971375619,0,0.0,0,520.144,8,3,liquido,0.8033470190002845,100,4040,12,88,,2026-09-04T08:12:20,68b8deca34
E06_NG,Calibracion combinada de tamano de poblacion y generaciones,small,4,8,16,3,22400.0,N=40_G=100,40,100,,0.6,0.2,3,True,A,0.5,nogood,8,0.15,,,,,,1212,11,True,4.650258609483886,104165.79285243903,21100.0,72390.24390243903,10675.54895,0.0,104165.79285243903,0,0.0,0,0.0,8,4,liquido,1.141864104999513,100,4040,75,25,,2026-09-04T08:12:22,68b8deca34
E06_NG,Calibracion combinada de tamano de poblacion y generaciones,small,4,8,16,3,22400.0,N=40_G=100,40,100,,0.6,0.2,3,True,A,0.5,nogood,8,0.15,,,,,,1313,12,True,4.696648846091028,105204.93415243903,21100.0,72390.24390243903,11714.69025,0.0,105204.93415243903,0,0.0,0,0.0,8,4,liquido,1.4868851979999818,100,4040,63,37,,2026-09-04T08:12:23,68b8deca34
E06_NG,Calibracion combinada de tamano de poblacion y generaciones,small,4,8,16,3,22400.0,N=40_G=100,40,100,,0.6,0.2,3,True,A,0.5,nogood,8,0.15,,,,,,1414,13,True,4.651656267966028,104197.10040243903,21100.0,72390.24390243903,10706.8565,0.0,104197.10040243903,0,0.0,0,0.0,8,4,liquido,1.4771948260004137,100,4040,25,75,,2026-09-04T08:12:24,68b8deca34
E06_NG,Calibracion combinada de tamano de poblacion y generaciones,small,4,8,16,3,22400.0,N=40_G=100,40,100,,0.6,0.2,3,True,A,0.5,nogood,8,0.15,,,,,,1515,14,True,4.616694323769599,103413.95285243903,21100.0,72390.24390243903,9923.708950000002,0.0,103413.95285243903,0,0.0,0,0.0,8,4,liquido,1.276306544000363,100,4040,88,12,,2026-09-04T08:12:26,68b8deca34
E06_NG,Calibracion combinada de tamano de poblacion y generaciones,small,4,8,16,3,22400.0,N=40_G=100,40,100,,0.6,0.2,3,True,A,0.5,nogood,8,0.15,,,,,,1616,15,False,,104949.29158170732,15900.0,73073.17073170732,15976.120850000001,5502813.3902439,5607762.681825607,0,0.0,0,550.281,8,3,liquido,0.8200477760001377,100,4040,17,83,,2026-09-04T08:12:27,68b8deca34
E06_NG,Calibracion combinada de tamano de poblacion y generaciones,small,4,8,16,3,22400.0,N=40_G=100,40,100,,0.6,0.2,3,True,A,0.5,nogood,8,0.15,,,,,,1717,16,False,,104882.8044317073,15900.0,73073.17073170732,15909.633699999998,5201443.390243912,5306326.19467562,0,0.0,0,520.144,8,3,liquido,0.7990650929996264,100,4040,25,75,,2026-09-04T08:12:27,68b8deca34
E06_NG,Calibracion combinada de tamano de poblacion y generaciones,small,4,8,16,3,22400.0,N=40_G=100,40,100,,0.6,0.2,3,True,A,0.5,nogood,8,0.15,,,,,,1818,17,True,4.6045534210583625,103141.99663170733,21100.0,73073.17073170733,8968.8259,0.0,103141.99663170733,0,0.0,0,0.0,8,4,liquido,0.8356045199998334,100,4040,46,54,,2026-09-04T08:12:28,68b8deca34
E06_NG,Calibracion combinada de tamano de poblacion y generaciones,small,4,8,16,3,22400.0,N=40_G=100,40,100,,0.6,0.2,3,True,A,0.5,nogood,8,0.15,,,,,,1919,18,False,,101634.10453170731,15900.0,73073.17073170732,12660.933799999999,5201443.390243912,5303077.494775619,0,0.0,0,520.144,8,3,liquido,0.7904117769994627,100,4040,18,82,,2026-09-04T08:12:29,68b8deca34
E06_NG,Calibracion combinada de tamano de poblacion y generaciones,small,4,8,16,3,22400.0,N=40_G=100,40,100,,0.6,0.2,3,True,A,0.5,nogood,8,0.15,,,,,,2020,19,True,4.6045534210583625,103141.99663170733,21100.0,73073.17073170733,8968.8259,0.0,103141.99663170733,0,0.0,0,0.0,8,4,liquido,0.8465034500004549,100,4040,79,21,,2026-09-04T08:12:30,68b8deca34
E06_NG,Calibracion combinada de tamano de poblacion y generaciones,small,4,8,16,3,22400.0,N=40_G=200,40,200,,0.6,0.2,3,True,A,0.5,nogood,8,0.15,,,,,,101,0,False,,102901.65608170732,15900.0,73073.17073170732,13928.485349999999,5201443.390243912,5304345.046325619,0,0.0,0,520.144,8,3,liquido,1.6421128990004945,200,8040,6,194,,2026-09-04T08:12:32,1a49b09b3d
E06_NG,Calibracion combinada de tamano de poblacion y generaciones,small,4,8,16,3,22400.0,N=40_G=200,40,200,,0.6,0.2,3,True,A,0.5,nogood,8,0.15,,,,,,202,1,True,4.6708262848976485,104626.50878170732,21100.0,73073.17073170733,10453.338049999998,0.0,104626.50878170732,0,0.0,0,0.0,8,4,liquido,1.6502543910000895,200,8040,57,143,,2026-09-04T08:12:33,1a49b09b3d
E06_NG,Calibracion combinada de tamano de poblacion y generaciones,small,4,8,16,3,22400.0,N=40_G=200,40,200,,0.6,0.2,3,True,A,0.5,nogood,8,0.15,,,,,,303,2,True,4.6128332746624565,103327.46535243903,21100.0,72390.24390243903,9837.22145,0.0,103327.46535243903,0,0.0,0,0.0,8,4,liquido,1.6966293229997973,200,8040,63,137,,2026-09-04T08:12:35,1a49b09b3d
E06_NG,Calibracion combinada de tamano de poblacion y generaciones,small,4,8,16,3,22400.0,N=40_G=200,40,200,,0.6,0.2,3,True,A,0.5,nogood,8,0.15,,,,,,404,3,True,4.616694323769599,103413.95285243903,21100.0,72390.24390243903,9923.708949999998,0.0,103413.95285243903,0,0.0,0,0.0,8,4,liquido,2.513453297000524,200,8040,121,79,,2026-09-04T08:12:37,1a49b09b3d
E06_NG,Calibracion combinada de tamano de poblacion y generaciones,small,4,8,16,3,22400.0,N=40_G=200,40,200,,0.6,0.2,3,True,A,0.5,nogood,8,0.15,,,,,,505,4,True,4.650296848323171,104166.64940243903,21100.0,72390.24390243903,10676.405499999999,0.0,104166.64940243903,0,0.0,0,0.0,8,4,liquido,2.9262957549999555,200,8040,190,10,,2026-09-04T08:12:40,1a49b09b3d
E06_NG,Calibracion combinada de tamano de poblacion y generaciones,small,4,8,16,3,22400.0,N=40_G=200,40,200,,0.6,0.2,3,True,A,0.5,nogood,8,0.15,,,,,,606,5,True,4.6045534210583625,103141.99663170733,21100.0,73073.17073170733,8968.825900000002,0.0,103141.99663170733,0,0.0,0,0.0,8,4,liquido,1.6510139479996724,200,8040,79,121,,2026-09-04T08:12:42,1a49b09b3d
E06_NG,Calibracion combinada de tamano de poblacion y generaciones,small,4,8,16,3,22400.0,N=40_G=200,40,200,,0.6,0.2,3,True,A,0.5,nogood,8,0.15,,,,,,707,6,False,,102122.75613170731,15900.0,73073.17073170732,13149.585400000002,5201443.390243912,5303566.14637562,0,0.0,0,520.144,8,3,liquido,1.6333914369997728,200,8040,137,63,,2026-09-04T08:12:44,1a49b09b3d
E06_NG,Calibracion combinada de tamano de poblacion y generaciones,small,4,8,16,3,22400.0,N=40_G=200,40,200,,0.6,0.2,3,True,A,0.5,nogood,8,0.15,,,,,,808,7,True,4.6045534210583625,103141.99663170733,21100.0,73073.17073170733,8968.825900000002,0.0,103141.99663170733,0,0.0,0,0.0,8,4,liquido,1.6520700569999462,200,8040,79,121,,2026-09-04T08:12:45,1a49b09b3d
E06_NG,Calibracion combinada de tamano de poblacion y generaciones,small,4,8,16,3,22400.0,N=40_G=200,40,200,,0.6,0.2,3,True,A,0.5,nogood,8,0.15,,,,,,909,8,False,,102434.06673170731,15900.0,73073.17073170732,13460.896,5201443.390243912,5303877.456975619,0,0.0,0,520.144,8,3,liquido,1.5839554399999543,200,8040,15,185,,2026-09-04T08:12:47,1a49b09b3d
E06_NG,Calibracion combinada de tamano de poblacion y generaciones,small,4,8,16,3,22400.0,N=40_G=200,40,200,,0.6,0.2,3,True,A,0.5,nogood,8,0.15,,,,,,1010,9,False,,101209.83848170732,15900.0,73073.17073170732,12236.66775,5201443.390243912,5302653.22872562,0,0.0,0,520.144,8,3,liquido,1.6133856979995471,200,8040,19,181,,2026-09-04T08:12:48,1a49b09b3d
E06_NG,Calibracion combinada de tamano de poblacion y generaciones,small,4,8,16,3,22400.0,N=40_G=200,40,200,,0.6,0.2,3,True,A,0.5,nogood,8,0.15,,,,,,1111,10,False,,99966.58113170732,15900.0,73073.17073170732,10993.4104,5201443.390243912,5301409.971375619,0,0.0,0,520.144,8,3,liquido,1.5887496790001023,200,8040,12,188,,2026-09-04T08:12:50,1a49b09b3d
E06_NG,Calibracion combinada de tamano de poblacion y generaciones,small,4,8,16,3,22400.0,N=40_G=200,40,200,,0.6,0.2,3,True,A,0.5,nogood,8,0.15,,,,,,1212,11,True,4.589244453233886,102799.07575243904,21100.0,72390.24390243903,9308.831850000002,0.0,102799.07575243904,0,0.0,0,0.0,8,4,liquido,2.862411823999537,200,8040,191,9,,2026-09-04T08:12:53,1a49b09b3d
E06_NG,Calibracion combinada de tamano de poblacion y generaciones,small,4,8,16,3,22400.0,N=40_G=200,40,200,,0.6,0.2,3,True,A,0.5,nogood,8,0.15,,,,,,1313,12,True,4.6744576831446,104707.85210243904,21100.0,72390.24390243903,11217.6082,0.0,104707.85210243904,0,0.0,0,0.0,8,4,liquido,2.592943144999481,200,8040,121,79,,2026-09-04T08:12:56,1a49b09b3d
E06_NG,Calibracion combinada de tamano de poblacion y generaciones,small,4,8,16,3,22400.0,N=40_G=200,40,200,,0.6,0.2,3,True,A,0.5,nogood,8,0.15,,,,,,1414,13,True,4.6128332746624565,103327.46535243903,21100.0,72390.24390243903,9837.22145,0.0,103327.46535243903,0,0.0,0,0.0,8,4,liquido,1.6565635209999527,200,8040,128,72,,2026-09-04T08:12:57,1a49b09b3d
E06_NG,Calibracion combinada de tamano de poblacion y generaciones,small,4,8,16,3,22400.0,N=40_G=200,40,200,,0.6,0.2,3,True,A,0.5,nogood,8,0.15,,,,,,1515,14,True,4.616694323769599,103413.95285243903,21100.0,72390.24390243903,9923.708950000002,0.0,103413.95285243903,0,0.0,0,0.0,8,4,liquido,1.651703143999839,200,8040,88,112,,2026-09-04T08:12:59,1a49b09b3d
E06_NG,Calibracion combinada de tamano de poblacion y generaciones,small,4,8,16,3,22400.0,N=40_G=200,40,200,,0.6,0.2,3,True,A,0.5,nogood,8,0.15,,,,,,1616,15,False,,103422.35523170732,15900.0,73073.17073170732,14449.184500000001,5502813.3902439,5606235.745475607,0,0.0,0,550.281,8,3,liquido,1.5942979430001287,200,8040,101,99,,2026-09-04T08:13:00,1a49b09b3d
E06_NG,Calibracion combinada de tamano de poblacion y generaciones,small,4,8,16,3,22400.0,N=40_G=200,40,200,,0.6,0.2,3,True,A,0.5,nogood,8,0.15,,,,,,1717,16,False,,104882.8044317073,15900.0,73073.17073170732,15909.633699999998,5201443.390243912,5306326.19467562,0,0.0,0,520.144,8,3,liquido,1.5946039689997633,200,8040,25,175,,2026-09-04T08:13:02,1a49b09b3d
E06_NG,Calibracion combinada de tamano de poblacion y generaciones,small,4,8,16,3,22400.0,N=40_G=200,40,200,,0.6,0.2,3,True,A,0.5,nogood,8,0.15,,,,,,1818,17,True,4.6045534210583625,103141.99663170733,21100.0,73073.17073170733,8968.8259,0.0,103141.99663170733,0,0.0,0,0.0,8,4,liquido,1.6630318170000464,200,8040,46,154,,2026-09-04T08:13:04,1a49b09b3d
E06_NG,Calibracion combinada de tamano de poblacion y generaciones,small,4,8,16,3,22400.0,N=40_G=200,40,200,,0.6,0.2,3,True,A,0.5,nogood,8,0.15,,,,,,1919,18,False,,101634.10453170731,15900.0,73073.17073170732,12660.933799999999,5201443.390243912,5303077.494775619,0,0.0,0,520.144,8,3,liquido,1.9312756200006334,200,8040,18,182,,2026-09-04T08:13:06,1a49b09b3d
E06_NG,Calibracion combinada de tamano de poblacion y generaciones,small,4,8,16,3,22400.0,N=40_G=200,40,200,,0.6,0.2,3,True,A,0.5,nogood,8,0.15,,,,,,2020,19,True,4.6045534210583625,103141.99663170733,21100.0,73073.17073170733,8968.8259,0.0,103141.99663170733,0,0.0,0,0.0,8,4,liquido,2.9647563869993974,200,8040,79,121,,2026-09-04T08:13:09,1a49b09b3d
E06_NG,Calibracion combinada de tamano de poblacion y generaciones,small,4,8,16,3,22400.0,N=80_G=50,80,50,,0.6,0.2,3,True,A,0.5,nogood,8,0.15,,,,,,101,0,False,,102901.65608170732,15900.0,73073.17073170732,13928.485349999999,5201443.390243912,5304345.046325619,0,0.0,0,520.144,8,3,liquido,1.2594153120007832,50,4080,8,42,,2026-09-04T08:13:10,2e0eedb823
E06_NG,Calibracion combinada de tamano de poblacion y generaciones,small,4,8,16,3,22400.0,N=80_G=50,80,50,,0.6,0.2,3,True,A,0.5,nogood,8,0.15,,,,,,202,1,True,4.608414470165505,103228.48413170733,21100.0,73073.17073170733,9055.3134,0.0,103228.48413170733,0,0.0,0,0.0,8,4,liquido,0.8299579469994569,50,4080,44,6,,2026-09-04T08:13:11,2e0eedb823
E06_NG,Calibracion combinada de tamano de poblacion y generaciones,small,4,8,16,3,22400.0,N=80_G=50,80,50,,0.6,0.2,3,True,A,0.5,nogood,8,0.15,,,,,,303,2,False,,102901.65608170732,15900.0,73073.17073170732,13928.485349999999,5201443.390243912,5304345.046325619,0,0.0,0,520.144,8,3,liquido,0.8160275400005048,50,4080,20,30,,2026-09-04T08:13:12,2e0eedb823
E06_NG,Calibracion combinada de tamano de poblacion y generaciones,small,4,8,16,3,22400.0,N=80_G=50,80,50,,0.6,0.2,3,True,A,0.5,nogood,8,0.15,,,,,,404,3,True,4.68164798894817,104868.91495243902,21100.0,72390.24390243903,11378.671049999997,0.0,104868.91495243902,0,0.0,0,0.0,8,4,liquido,0.8179659759998685,50,4080,32,18,,2026-09-04T08:13:12,2e0eedb823
E06_NG,Calibracion combinada de tamano de poblacion y generaciones,small,4,8,16,3,22400.0,N=80_G=50,80,50,,0.6,0.2,3,True,A,0.5,nogood,8,0.15,,,,,,505,4,True,4.6045534210583625,103141.99663170733,21100.0,73073.17073170733,8968.825900000002,0.0,103141.99663170733,0,0.0,0,0.0,8,4,liquido,0.8390841860000364,50,4080,42,8,,2026-09-04T08:13:13,2e0eedb823
E06_NG,Calibracion combinada de tamano de poblacion y generaciones,small,4,8,16,3,22400.0,N=80_G=50,80,50,,0.6,0.2,3,True,A,0.5,nogood,8,0.15,,,,,,606,5,True,4.6045534210583625,103141.99663170733,21100.0,73073.17073170733,8968.8259,0.0,103141.99663170733,0,0.0,0,0.0,8,4,liquido,0.8443015350003407,50,4080,47,3,,2026-09-04T08:13:14,2e0eedb823
E06_NG,Calibracion combinada de tamano de poblacion y generaciones,small,4,8,16,3,22400.0,N=80_G=50,80,50,,0.6,0.2,3,True,A,0.5,nogood,8,0.15,,,,,,707,6,True,4.6128332746624565,103327.46535243903,21100.0,72390.24390243903,9837.22145,0.0,103327.46535243903,0,0.0,0,0.0,8,4,liquido,0.8208751390002362,50,4080,44,6,,2026-09-04T08:13:15,2e0eedb823
E06_NG,Calibracion combinada de tamano de poblacion y generaciones,small,4,8,16,3,22400.0,N=80_G=50,80,50,,0.6,0.2,3,True,A,0.5,nogood,8,0.15,,,,,,808,7,False,,100810.16078170732,15900.0,73073.17073170732,11836.990050000002,5201443.390243912,5302253.55102562,0,0.0,0,520.144,8,3,liquido,0.7990928729996085,50,4080,16,34,,2026-09-04T08:13:16,2e0eedb823
E06_NG,Calibracion combinada de tamano de poblacion y generaciones,small,4,8,16,3,22400.0,N=80_G=50,80,50,,0.6,0.2,3,True,A,0.5,nogood,8,0.15,,,,,,909,8,False,,100255.62513170732,15900.0,73073.17073170732,11282.454399999999,5201443.390243912,5301699.01537562,0,0.0,0,520.144,8,3,liquido,0.7905430500004513,50,4080,28,22,,2026-09-04T08:13:16,2e0eedb823
E06_NG,Calibracion combinada de tamano de poblacion y generaciones,small,4,8,16,3,22400.0,N=80_G=50,80,50,,0.6,0.2,3,True,A,0.5,nogood,8,0.15,,,,,,1010,9,True,4.6045534210583625,103141.99663170733,21100.0,73073.17073170733,8968.825900000002,0.0,103141.99663170733,0,0.0,0,0.0,8,4,liquido,0.8145472890000747,50,4080,29,21,,2026-09-04T08:13:17,2e0eedb823
E06_NG,Calibracion combinada de tamano de poblacion y generaciones,small,4,8,16,3,22400.0,N=80_G=50,80,50,,0.6,0.2,3,True,A,0.5,nogood,8,0.15,,,,,,1111,10,False,,101870.56598170732,15900.0,73073.17073170732,12897.39525,5201443.390243912,5303313.95622562,0,0.0,0,520.144,8,3,liquido,0.810740005000298,50,4080,40,10,,2026-09-04T08:13:18,2e0eedb823
E06_NG,Calibracion combinada de tamano de poblacion y generaciones,small,4,8,16,3,22400.0,N=80_G=50,80,50,,0.6,0.2,3,True,A,0.5,nogood,8,0.15,,,,,,1212,11,True,4.650258609483886,104165.79285243903,21100.0,72390.24390243903,10675.54895,0.0,104165.79285243903,0,0.0,0,0.0,8,4,liquido,0.8269809240000541,50,4080,38,12,,2026-09-04T08:13:19,2e0eedb823
E06_NG,Calibracion combinada de tamano de poblacion y generaciones,small,4,8,16,3,22400.0,N=80_G=50,80,50,,0.6,0.2,3,True,A,0.5,nogood,8,0.15,,,,,,1313,12,True,4.647745139808363,104109.49113170733,21100.0,73073.17073170733,9936.3204,0.0,104109.49113170733,0,0.0,0,0.0,8,4,liquido,0.878631841999777,50,4080,45,5,,2026-09-04T08:13:20,2e0eedb823
E06_NG,Calibracion combinada de tamano de poblacion y generaciones,small,4,8,16,3,22400.0,N=80_G=50,80,50,,0.6,0.2,3,True,A,0.5,nogood,8,0.15,,,,,,1414,13,True,4.589244453233886,102799.07575243904,21100.0,72390.24390243903,9308.831849999999,0.0,102799.07575243904,0,0.0,0,0.0,8,4,liquido,1.4890665479997551,50,4080,35,15,,2026-09-04T08:13:21,2e0eedb823
E06_NG,Calibracion combinada de tamano de poblacion y generaciones,small,4,8,16,3,22400.0,N=80_G=50,80,50,,0.6,0.2,3,True,A,0.5,nogood,8,0.15,,,,,,1515,14,True,4.656974274662457,104316.22375243904,21100.0,72390.24390243903,10825.97985,0.0,104316.22375243904,0,0.0,0,0.0,8,4,liquido,1.466851969000345,50,4080,46,4,,2026-09-04T08:13:23,2e0eedb823
E06_NG,Calibracion combinada de tamano de poblacion y generaciones,small,4,8,16,3,22400.0,N=80_G=50,80,50,,0.6,0.2,3,True,A,0.5,nogood,8,0.15,,,,,,1616,15,True,4.589244453233886,102799.07575243904,21100.0,72390.24390243903,9308.83185,0.0,102799.07575243904,0,0.0,0,0.0,8,4,liquido,1.5406924880007864,50,4080,43,7,,2026-09-04T08:13:24,2e0eedb823
E06_NG,Calibracion combinada de tamano de poblacion y generaciones,small,4,8,16,3,22400.0,N=80_G=50,80,50,,0.6,0.2,3,True,A,0.5,nogood,8,0.15,,,,,,1717,16,True,4.6045534210583625,103141.99663170733,21100.0,73073.17073170733,8968.825900000002,0.0,103141.99663170733,0,0.0,0,0.0,8,4,liquido,0.8448008289997233,50,4080,46,4,,2026-09-04T08:13:25,2e0eedb823
E06_NG,Calibracion combinada de tamano de poblacion y generaciones,small,4,8,16,3,22400.0,N=80_G=50,80,50,,0.6,0.2,3,True,A,0.5,nogood,8,0.15,,,,,,1818,17,True,4.700407619719077,105289.13068170733,21100.0,73073.17073170733,11115.95995,0.0,105289.13068170733,0,0.0,0,0.0,8,4,liquido,0.7952786269997887,50,4080,46,4,,2026-09-04T08:13:26,2e0eedb823
E06_NG,Calibracion combinada de tamano de poblacion y generaciones,small,4,8,16,3,22400.0,N=80_G=50,80,50,,0.6,0.2,3,True,A,0.5,nogood,8,0.15,,,,,,1919,18,True,4.589244453233886,102799.07575243904,21100.0,72390.24390243903,9308.831850000002,0.0,102799.07575243904,0,0.0,0,0.0,8,4,liquido,0.8346929600002113,50,4080,50,0,,2026-09-04T08:13:27,2e0eedb823
E06_NG,Calibracion combinada de tamano de poblacion y generaciones,small,4,8,16,3,22400.0,N=80_G=50,80,50,,0.6,0.2,3,True,A,0.5,nogood,8,0.15,,,,,,2020,19,True,4.614921432219077,103374.24008170734,21100.0,73073.17073170733,9201.069350000002,0.0,103374.24008170734,0,0.0,0,0.0,8,4,liquido,0.8233199630003583,50,4080,47,3,,2026-09-04T08:13:28,2e0eedb823
E06_NG,Calibracion combinada de tamano de poblacion y generaciones,small,4,8,16,3,22400.0,N=80_G=100,80,100,,0.6,0.2,3,True,A,0.5,nogood,8,0.15,,,,,,101,0,False,,101488.34858170731,15900.0,73073.17073170732,12515.17785,5201443.390243912,5302931.738825619,0,0.0,0,520.144,8,3,liquido,1.6007914359997812,100,8080,64,36,,2026-09-04T08:13:29,588ab987cf
E06_NG,Calibracion combinada de tamano de poblacion y generaciones,small,4,8,16,3,22400.0,N=80_G=100,80,100,,0.6,0.2,3,True,A,0.5,nogood,8,0.15,,,,,,202,1,True,4.608414470165505,103228.48413170733,21100.0,73073.17073170733,9055.3134,0.0,103228.48413170733,0,0.0,0,0.0,8,4,liquido,1.6462754800004404,100,8080,44,56,,2026-09-04T08:13:31,588ab987cf
E06_NG,Calibracion combinada de tamano de poblacion y generaciones,small,4,8,16,3,22400.0,N=80_G=100,80,100,,0.6,0.2,3,True,A,0.5,nogood,8,0.15,,,,,,303,2,False,,102901.65608170732,15900.0,73073.17073170732,13928.485349999999,5201443.390243912,5304345.046325619,0,0.0,0,520.144,8,3,liquido,1.6207424329995774,100,8080,20,80,,2026-09-04T08:13:33,588ab987cf
E06_NG,Calibracion combinada de tamano de poblacion y generaciones,small,4,8,16,3,22400.0,N=80_G=100,80,100,,0.6,0.2,3,True,A,0.5,nogood,8,0.15,,,,,,404,3,True,4.68164798894817,104868.91495243902,21100.0,72390.24390243903,11378.671049999997,0.0,104868.91495243902,0,0.0,0,0.0,8,4,liquido,1.6716833469999983,100,8080,32,68,,2026-09-04T08:13:34,588ab987cf
E06_NG,Calibracion combinada de tamano de poblacion y generaciones,small,4,8,16,3,22400.0,N=80_G=100,80,100,,0.6,0.2,3,True,A,0.5,nogood,8,0.15,,,,,,505,4,True,4.6045534210583625,103141.99663170733,21100.0,73073.17073170733,8968.825900000002,0.0,103141.99663170733,0,0.0,0,0.0,8,4,liquido,2.9544802299997173,100,8080,42,58,,2026-09-04T08:13:37,588ab987cf
E06_NG,Calibracion combinada de tamano de poblacion y generaciones,small,4,8,16,3,22400.0,N=80_G=100,80,100,,0.6,0.2,3,True,A,0.5,nogood,8,0.15,,,,,,606,5,True,4.6045534210583625,103141.99663170733,21100.0,73073.17073170733,8968.8259,0.0,103141.99663170733,0,0.0,0,0.0,8,4,liquido,2.55052816099942,100,8080,47,53,,2026-09-04T08:13:40,588ab987cf
E06_NG,Calibracion combinada de tamano de poblacion y generaciones,small,4,8,16,3,22400.0,N=80_G=100,80,100,,0.6,0.2,3,True,A,0.5,nogood,8,0.15,,,,,,707,6,True,4.6128332746624565,103327.46535243903,21100.0,72390.24390243903,9837.22145,0.0,103327.46535243903,0,0.0,0,0.0,8,4,liquido,1.6441203459999087,100,8080,44,56,,2026-09-04T08:13:41,588ab987cf
E06_NG,Calibracion combinada de tamano de poblacion y generaciones,small,4,8,16,3,22400.0,N=80_G=100,80,100,,0.6,0.2,3,True,A,0.5,nogood,8,0.15,,,,,,808,7,False,,100810.16078170732,15900.0,73073.17073170732,11836.990050000002,5201443.390243912,5302253.55102562,0,0.0,0,520.144,8,3,liquido,1.5783386279999831,100,8080,16,84,,2026-09-04T08:13:43,588ab987cf
E06_NG,Calibracion combinada de tamano de poblacion y generaciones,small,4,8,16,3,22400.0,N=80_G=100,80,100,,0.6,0.2,3,True,A,0.5,nogood,8,0.15,,,,,,909,8,False,,100255.62513170732,15900.0,73073.17073170732,11282.454399999999,5201443.390243912,5301699.01537562,0,0.0,0,520.144,8,3,liquido,1.63158649900015,100,8080,28,72,,2026-09-04T08:13:45,588ab987cf
E06_NG,Calibracion combinada de tamano de poblacion y generaciones,small,4,8,16,3,22400.0,N=80_G=100,80,100,,0.6,0.2,3,True,A,0.5,nogood,8,0.15,,,,,,1010,9,True,4.6045534210583625,103141.99663170733,21100.0,73073.17073170733,8968.825900000002,0.0,103141.99663170733,0,0.0,0,0.0,8,4,liquido,1.6414861849998488,100,8080,29,71,,2026-09-04T08:13:46,588ab987cf
E06_NG,Calibracion combinada de tamano de poblacion y generaciones,small,4,8,16,3,22400.0,N=80_G=100,80,100,,0.6,0.2,3,True,A,0.5,nogood,8,0.15,,,,,,1111,10,False,,101870.56598170732,15900.0,73073.17073170732,12897.39525,5201443.390243912,5303313.95622562,0,0.0,0,520.144,8,3,liquido,1.5854186389997267,100,8080,40,60,,2026-09-04T08:13:48,588ab987cf
E06_NG,Calibracion combinada de tamano de poblacion y generaciones,small,4,8,16,3,22400.0,N=80_G=100,80,100,,0.6,0.2,3,True,A,0.5,nogood,8,0.15,,,,,,1212,11,True,4.650258609483886,104165.79285243903,21100.0,72390.24390243903,10675.54895,0.0,104165.79285243903,0,0.0,0,0.0,8,4,liquido,1.917863865000072,100,8080,38,62,,2026-09-04T08:13:50,588ab987cf
E06_NG,Calibracion combinada de tamano de poblacion y generaciones,small,4,8,16,3,22400.0,N=80_G=100,80,100,,0.6,0.2,3,True,A,0.5,nogood,8,0.15,,,,,,1313,12,True,4.6128332746624565,103327.46535243903,21100.0,72390.24390243903,9837.221450000003,0.0,103327.46535243903,0,0.0,0,0.0,8,4,liquido,2.9649451189998217,100,8080,72,28,,2026-09-04T08:13:53,588ab987cf
E06_NG,Calibracion combinada de tamano de poblacion y generaciones,small,4,8,16,3,22400.0,N=80_G=100,80,100,,0.6,0.2,3,True,A,0.5,nogood,8,0.15,,,,,,1414,13,True,4.589244453233886,102799.07575243904,21100.0,72390.24390243903,9308.831849999999,0.0,102799.07575243904,0,0.0,0,0.0,8,4,liquido,2.1708986380008355,100,8080,35,65,,2026-09-04T08:13:55,588ab987cf
E06_NG,Calibracion combinada de tamano de poblacion y generaciones,small,4,8,16,3,22400.0,N=80_G=100,80,100,,0.6,0.2,3,True,A,0.5,nogood,8,0.15,,,,,,1515,14,True,4.6128332746624565,103327.46535243903,21100.0,72390.24390243903,9837.22145,0.0,103327.46535243903,0,0.0,0,0.0,8,4,liquido,1.6273503449992859,100,8080,65,35,,2026-09-04T08:13:56,588ab987cf
E06_NG,Calibracion combinada de tamano de poblacion y generaciones,small,4,8,16,3,22400.0,N=80_G=100,80,100,,0.6,0.2,3,True,A,0.5,nogood,8,0.15,,,,,,1616,15,True,4.589244453233886,102799.07575243904,21100.0,72390.24390243903,9308.83185,0.0,102799.07575243904,0,0.0,0,0.0,8,4,liquido,1.6535458319995087,100,8080,43,57,,2026-09-04T08:13:58,588ab987cf
E06_NG,Calibracion combinada de tamano de poblacion y generaciones,small,4,8,16,3,22400.0,N=80_G=100,80,100,,0.6,0.2,3,True,A,0.5,nogood,8,0.15,,,,,,1717,16,True,4.6045534210583625,103141.99663170733,21100.0,73073.17073170733,8968.825900000002,0.0,103141.99663170733,0,0.0,0,0.0,8,4,liquido,1.6135181769996052,100,8080,46,54,,2026-09-04T08:14:00,588ab987cf
E06_NG,Calibracion combinada de tamano de poblacion y generaciones,small,4,8,16,3,22400.0,N=80_G=100,80,100,,0.6,0.2,3,True,A,0.5,nogood,8,0.15,,,,,,1818,17,True,4.6045534210583625,103141.99663170733,21100.0,73073.17073170733,8968.825900000002,0.0,103141.99663170733,0,0.0,0,0.0,8,4,liquido,1.6416047000002436,100,8080,65,35,,2026-09-04T08:14:01,588ab987cf
E06_NG,Calibracion combinada de tamano de poblacion y generaciones,small,4,8,16,3,22400.0,N=80_G=100,80,100,,0.6,0.2,3,True,A,0.5,nogood,8,0.15,,,,,,1919,18,True,4.589244453233886,102799.07575243904,21100.0,72390.24390243903,9308.831850000002,0.0,102799.07575243904,0,0.0,0,0.0,8,4,liquido,1.6598552709992873,100,8080,50,50,,2026-09-04T08:14:03,588ab987cf
E06_NG,Calibracion combinada de tamano de poblacion y generaciones,small,4,8,16,3,22400.0,N=80_G=100,80,100,,0.6,0.2,3,True,A,0.5,nogood,8,0.15,,,,,,2020,19,True,4.589244453233886,102799.07575243904,21100.0,72390.24390243903,9308.831849999999,0.0,102799.07575243904,0,0.0,0,0.0,8,4,liquido,2.324816923999606,100,8080,51,49,,2026-09-04T08:14:05,588ab987cf
E06_NG,Calibracion combinada de tamano de poblacion y generaciones,small,4,8,16,3,22400.0,N=80_G=200,80,200,,0.6,0.2,3,True,A,0.5,nogood,8,0.15,,,,,,101,0,False,,101488.34858170731,15900.0,73073.17073170732,12515.17785,5201443.390243912,5302931.738825619,0,0.0,0,520.144,8,3,liquido,4.607523394999589,200,16080,64,136,,2026-09-04T08:14:10,48a51c0094
E06_NG,Calibracion combinada de tamano de poblacion y generaciones,small,4,8,16,3,22400.0,N=80_G=200,80,200,,0.6,0.2,3,True,A,0.5,nogood,8,0.15,,,,,,202,1,True,4.608414470165505,103228.48413170733,21100.0,73073.17073170733,9055.3134,0.0,103228.48413170733,0,0.0,0,0.0,8,4,liquido,3.2780721969993465,200,16080,44,156,,2026-09-04T08:14:13,48a51c0094
E06_NG,Calibracion combinada de tamano de poblacion y generaciones,small,4,8,16,3,22400.0,N=80_G=200,80,200,,0.6,0.2,3,True,A,0.5,nogood,8,0.15,,,,,,303,2,False,,101488.34858170731,15900.0,73073.17073170732,12515.177849999998,5201443.390243912,5302931.738825619,0,0.0,0,520.144,8,3,liquido,3.1971883450005407,200,16080,126,74,,2026-09-04T08:14:16,48a51c0094
E06_NG,Calibracion combinada de tamano de poblacion y generaciones,small,4,8,16,3,22400.0,N=80_G=200,80,200,,0.6,0.2,3,True,A,0.5,nogood,8,0.15,,,,,,404,3,True,4.673885669751742,104695.03900243904,21100.0,72390.24390243903,11204.7951,0.0,104695.03900243904,0,0.0,0,0.0,8,4,liquido,4.210403440999471,200,16080,199,1,,2026-09-04T08:14:21,48a51c0094
E06_NG,Calibracion combinada de tamano de poblacion y generaciones,small,4,8,16,3,22400.0,N=80_G=200,80,200,,0.6,0.2,3,True,A,0.5,nogood,8,0.15,,,,,,505,4,True,4.6045534210583625,103141.99663170733,21100.0,73073.17073170733,8968.825900000002,0.0,103141.99663170733,0,0.0,0,0.0,8,4,liquido,4.454197583999303,200,16080,42,158,,2026-09-04T08:14:25,48a51c0094
E06_NG,Calibracion combinada de tamano de poblacion y generaciones,small,4,8,16,3,22400.0,N=80_G=200,80,200,,0.6,0.2,3,True,A,0.5,nogood,8,0.15,,,,,,606,5,True,4.6045534210583625,103141.99663170733,21100.0,73073.17073170733,8968.8259,0.0,103141.99663170733,0,0.0,0,0.0,8,4,liquido,3.2710963669997,200,16080,47,153,,2026-09-04T08:14:28,48a51c0094
E06_NG,Calibracion combinada de tamano de poblacion y generaciones,small,4,8,16,3,22400.0,N=80_G=200,80,200,,0.6,0.2,3,True,A,0.5,nogood,8,0.15,,,,,,707,6,True,4.6128332746624565,103327.46535243903,21100.0,72390.24390243903,9837.22145,0.0,103327.46535243903,0,0.0,0,0.0,8,4,liquido,3.2737384609999935,200,16080,44,156,,2026-09-04T08:14:32,48a51c0094
E06_NG,Calibracion combinada de tamano de poblacion y generaciones,small,4,8,16,3,22400.0,N=80_G=200,80,200,,0.6,0.2,3,True,A,0.5,nogood,8,0.15,,,,,,808,7,False,,100074.90973170732,15900.0,73073.17073170732,11101.739000000001,5201443.390243912,5301518.29997562,0,0.0,0,520.144,8,3,liquido,4.509056390000296,200,16080,111,89,,2026-09-04T08:14:36,48a51c0094
E06_NG,Calibracion combinada de tamano de poblacion y generaciones,small,4,8,16,3,22400.0,N=80_G=200,80,200,,0.6,0.2,3,True,A,0.5,nogood,8,0.15,,,,,,909,8,False,,100255.62513170732,15900.0,73073.17073170732,11282.454399999999,5201443.390243912,5301699.01537562,0,0.0,0,520.144,8,3,liquido,4.009969333000299,200,16080,28,172,,2026-09-04T08:14:40,48a51c0094
E06_NG,Calibracion combinada de tamano de poblacion y generaciones,small,4,8,16,3,22400.0,N=80_G=200,80,200,,0.6,0.2,3,True,A,0.5,nogood,8,0.15,,,,,,1010,9,True,4.6045534210583625,103141.99663170733,21100.0,73073.17073170733,8968.825900000002,0.0,103141.99663170733,0,0.0,0,0.0,8,4,liquido,3.2770244519997505,200,16080,29,171,,2026-09-04T08:14:44,48a51c0094
E06_NG,Calibracion combinada de tamano de poblacion y generaciones,small,4,8,16,3,22400.0,N=80_G=200,80,200,,0.6,0.2,3,True,A,0.5,nogood,8,0.15,,,,,,1111,10,False,,100881.80758170731,15900.0,73073.17073170732,11908.636849999999,5201443.390243912,5302325.197825619,0,0.0,0,520.144,8,3,liquido,3.1923708709991843,200,16080,136,64,,2026-09-04T08:14:47,48a51c0094
E06_NG,Calibracion combinada de tamano de poblacion y generaciones,small,4,8,16,3,22400.0,N=80_G=200,80,200,,0.6,0.2,3,True,A,0.5,nogood,8,0.15,,,,,,1212,11,True,4.650258609483886,104165.79285243903,21100.0,72390.24390243903,10675.54895,0.0,104165.79285243903,0,0.0,0,0.0,8,4,liquido,4.874844422000024,200,16080,38,162,,2026-09-04T08:14:52,48a51c0094
E06_NG,Calibracion combinada de tamano de poblacion y generaciones,small,4,8,16,3,22400.0,N=80_G=200,80,200,,0.6,0.2,3,True,A,0.5,nogood,8,0.15,,,,,,1313,12,True,4.6128332746624565,103327.46535243903,21100.0,72390.24390243903,9837.221450000003,0.0,103327.46535243903,0,0.0,0,0.0,8,4,liquido,3.7929929350002567,200,16080,72,128,,2026-09-04T08:14:55,48a51c0094
E06_NG,Calibracion combinada de tamano de poblacion y generaciones,small,4,8,16,3,22400.0,N=80_G=200,80,200,,0.6,0.2,3,True,A,0.5,nogood,8,0.15,,,,,,1414,13,True,4.589244453233886,102799.07575243904,21100.0,72390.24390243903,9308.831849999999,0.0,102799.07575243904,0,0.0,0,0.0,8,4,liquido,3.288760206999541,200,16080,35,165,,2026-09-04T08:14:59,48a51c0094
E06_NG,Calibracion combinada de tamano de poblacion y generaciones,small,4,8,16,3,22400.0,N=80_G=200,80,200,,0.6,0.2,3,True,A,0.5,nogood,8,0.15,,,,,,1515,14,True,4.6128332746624565,103327.46535243903,21100.0,72390.24390243903,9837.22145,0.0,103327.46535243903,0,0.0,0,0.0,8,4,liquido,3.2829523840000547,200,16080,65,135,,2026-09-04T08:15:02,48a51c0094
E06_NG,Calibracion combinada de tamano de poblacion y generaciones,small,4,8,16,3,22400.0,N=80_G=200,80,200,,0.6,0.2,3,True,A,0.5,nogood,8,0.15,,,,,,1616,15,True,4.589244453233886,102799.07575243904,21100.0,72390.24390243903,9308.83185,0.0,102799.07575243904,0,0.0,0,0.0,8,4,liquido,5.373303338000369,200,16080,43,157,,2026-09-04T08:15:07,48a51c0094
E06_NG,Calibracion combinada de tamano de poblacion y generaciones,small,4,8,16,3,22400.0,N=80_G=200,80,200,,0.6,0.2,3,True,A,0.5,nogood,8,0.15,,,,,,1717,16,True,4.6045534210583625,103141.99663170733,21100.0,73073.17073170733,8968.825900000002,0.0,103141.99663170733,0,0.0,0,0.0,8,4,liquido,3.316008224000143,200,16080,46,154,,2026-09-04T08:15:11,48a51c0094
E06_NG,Calibracion combinada de tamano de poblacion y generaciones,small,4,8,16,3,22400.0,N=80_G=200,80,200,,0.6,0.2,3,True,A,0.5,nogood,8,0.15,,,,,,1818,17,True,4.6045534210583625,103141.99663170733,21100.0,73073.17073170733,8968.825900000002,0.0,103141.99663170733,0,0.0,0,0.0,8,4,liquido,3.2740304359995207,200,16080,65,135,,2026-09-04T08:15:14,48a51c0094
E06_NG,Calibracion combinada de tamano de poblacion y generaciones,small,4,8,16,3,22400.0,N=80_G=200,80,200,,0.6,0.2,3,True,A,0.5,nogood,8,0.15,,,,,,1919,18,True,4.589244453233886,102799.07575243904,21100.0,72390.24390243903,9308.831850000002,0.0,102799.07575243904,0,0.0,0,0.0,8,4,liquido,3.280760571000428,200,16080,50,150,,2026-09-04T08:15:17,48a51c0094
E06_NG,Calibracion combinada de tamano de poblacion y generaciones,small,4,8,16,3,22400.0,N=80_G=200,80,200,,0.6,0.2,3,True,A,0.5,nogood,8,0.15,,,,,,2020,19,True,4.589244453233886,102799.07575243904,21100.0,72390.24390243903,9308.831849999999,0.0,102799.07575243904,0,0.0,0,0.0,8,4,liquido,5.390512879999733,200,16080,51,149,,2026-09-04T08:15:23,48a51c0094
E06_NG,Calibracion combinada de tamano de poblacion y generaciones,medium,8,18,34,3,38600.0,N=20_G=50,20,50,,0.6,0.2,3,True,A,0.5,nogood,8,0.15,,,,,,101,0,True,5.135897632338486,198245.64860826556,38400.0,132655.82655826557,27189.822050000002,0.0,198245.64860826556,0,0.0,0,0.0,14,7,amoniaco|liquido,0.39106898799946066,50,1020,49,1,,2026-09-04T08:15:23,44407fc9fe
E06_NG,Calibracion combinada de tamano de poblacion y generaciones,medium,8,18,34,3,38600.0,N=20_G=50,20,50,,0.6,0.2,3,True,A,0.5,nogood,8,0.15,,,,,,202,1,True,5.095731168190179,196695.22309214092,32900.0,131659.21409214093,32136.009000000002,0.0,196695.22309214092,0,0.0,0,0.0,14,6,amoniaco|liquido,0.39936618499996257,50,1020,43,7,,2026-09-04T08:15:23,44407fc9fe
E06_NG,Calibracion combinada de tamano de poblacion y generaciones,medium,8,18,34,3,38600.0,N=20_G=50,20,50,,0.6,0.2,3,True,A,0.5,nogood,8,0.15,,,,,,303,2,True,4.792079701208982,184974.2764666667,26900.0,133166.6666666667,24907.609800000002,0.0,184974.2764666667,0,0.0,0,0.0,15,5,amoniaco|liquido,0.3679648649995215,50,1020,42,8,,2026-09-04T08:15:24,44407fc9fe
E06_NG,Calibracion combinada de tamano de poblacion y generaciones,medium,8,18,34,3,38600.0,N=20_G=50,20,50,,0.6,0.2,3,True,A,0.5,nogood,8,0.15,,,,,,404,3,True,5.026433681477035,194020.34010501354,32600.0,133135.50135501355,28284.838750000006,0.0,194020.34010501354,0,0.0,0,0.0,13,6,amoniaco|liquido,0.3506265000005442,50,1020,48,2,,2026-09-04T08:15:24,44407fc9fe
E06_NG,Calibracion combinada de tamano de poblacion y generaciones,medium,8,18,34,3,38600.0,N=20_G=50,20,50,,0.6,0.2,3,True,A,0.5,nogood,8,0.15,,,,,,505,4,False,,184441.08766585367,27400.0,130536.58536585367,26504.502300000004,3466176.609756112,3650617.6974219657,0,0.0,0,346.618,18,5,liquido,0.38847580699984974,50,1020,48,2,,2026-09-04T08:15:25,44407fc9fe
E06_NG,Calibracion combinada de tamano de poblacion y generaciones,medium,8,18,34,3,38600.0,N=20_G=50,20,50,,0.6,0.2,3,True,A,0.5,nogood,8,0.15,,,,,,606,5,True,4.825042829394667,186246.65321463416,27700.0,131341.46341463417,27205.189799999996,0.0,186246.65321463416,0,0.0,0,0.0,15,5,liquido,0.366810907999934,50,1020,50,0,,2026-09-04T08:15:25,44407fc9fe
E06_NG,Calibracion combinada de tamano de poblacion y generaciones,medium,8,18,34,3,38600.0,N=20_G=50,20,50,,0.6,0.2,3,True,A,0.5,nogood,8,0.15,,,,,,707,6,False,,189344.94927045208,26900.0,132137.57712045207,30307.372150000007,1444655.7151012167,1634000.6643716688,0,100.0,0,44.466,13,5,amoniaco|comprimido|liquido,0.3721232649995727,50,1020,43,7,,2026-09-04T08:15:25,44407fc9fe
E06_NG,Calibracion combinada de tamano de poblacion y generaciones,medium,8,18,34,3,38600.0,N=20_G=50,20,50,,0.6,0.2,3,True,A,0.5,nogood,8,0.15,,,,,,808,7,True,5.030888905177135,194192.3117398374,28000.0,133373.9837398374,32818.328,0.0,194192.3117398374,0,0.0,0,0.0,15,5,amoniaco|liquido,0.3696677540001474,50,1020,50,0,,2026-09-04T08:15:26,44407fc9fe
E06_NG,Calibracion combinada de tamano de poblacion y generaciones,medium,8,18,34,3,38600.0,N=20_G=50,20,50,,0.6,0.2,3,True,A,0.5,nogood,8,0.15,,,,,,909,8,True,4.846396895218137,187070.92015542008,27400.0,133700.54200542008,25970.378150000004,0.0,187070.92015542008,0,0.0,0,0.0,14,5,amoniaco|liquido,0.3655596959997638,50,1020,49,1,,2026-09-04T08:15:26,44407fc9fe
E06_NG,Calibracion combinada de tamano de poblacion y generaciones,medium,8,18,34,3,38600.0,N=20_G=50,20,50,,0.6,0.2,3,True,A,0.5,nogood,8,0.15,,,,,,1010,9,True,5.276075516909587,203656.51495271004,38100.0,134850.27100271004,30706.243949999996,0.0,203656.51495271004,0,0.0,0,0.0,15,7,amoniaco|liquido,0.41197610500057635,50,1020,47,3,,2026-09-04T08:15:26,44407fc9fe
E06_NG,Calibracion combinada de tamano de poblacion y generaciones,medium,8,18,34,3,38600.0,N=20_G=50,20,50,,0.6,0.2,3,True,A,0.5,nogood,8,0.15,,,,,,1111,10,False,,192365.77940420056,27200.0,136755.42005420054,28410.35935,5502813.3902439,5695179.169648101,0,0.0,0,550.281,12,5,amoniaco|liquido,0.35177871399992,50,1020,50,0,,2026-09-04T08:15:27,44407fc9fe
E06_NG,Calibracion combinada de tamano de poblacion y generaciones,medium,8,18,34,3,38600.0,N=20_G=50,20,50,,0.6,0.2,3,True,A,0.5,nogood,8,0.15,,,,,,1212,11,True,4.940309390243902,190695.94246341463,27700.0,132146.34146341463,30849.601000000006,0.0,190695.94246341463,0,0.0,0,0.0,16,5,liquido,0.3709658030002174,50,1020,48,2,,2026-09-04T08:15:27,44407fc9fe
E06_NG,Calibracion combinada de tamano de poblacion y generaciones,medium,8,18,34,3,38600.0,N=20_G=50,20,50,,0.6,0.2,3,True,A,0.5,nogood,8,0.15,,,,,,1313,12,False,,188772.6502695122,27100.0,128121.95121951221,33550.699049999996,14214352.170731727,14403124.82100124,0,0.0,0,1421.435,15,5,liquido,0.3802015589999428,50,1020,37,13,,2026-09-04T08:15:28,44407fc9fe
E06_NG,Calibracion combinada de tamano de poblacion y generaciones,medium,8,18,34,3,38600.0,N=20_G=50,20,50,,0.6,0.2,3,True,A,0.5,nogood,8,0.15,,,,,,1414,13,True,4.890467601769942,188772.0494283198,26900.0,132447.8319783198,29424.217450000004,0.0,188772.0494283198,0,0.0,0,0.0,13,5,amoniaco|liquido,0.3442889620000642,50,1020,50,0,,2026-09-04T08:15:28,44407fc9fe
E06_NG,Calibracion combinada de tamano de poblacion y generaciones,medium,8,18,34,3,38600.0,N=20_G=50,20,50,,0.6,0.2,3,True,A,0.5,nogood,8,0.15,,,,,,1515,14,True,4.9071535750558155,189416.1279971545,27200.0,134294.71544715448,27921.412549999997,0.0,189416.1279971545,0,0.0,0,0.0,15,5,amoniaco|liquido,0.38556956899992656,50,1020,50,0,,2026-09-04T08:15:28,44407fc9fe
E06_NG,Calibracion combinada de tamano de poblacion y generaciones,medium,8,18,34,3,38600.0,N=20_G=50,20,50,,0.6,0.2,3,True,A,0.5,nogood,8,0.15,,,,,,1616,15,True,5.0049286581574615,193190.24620487803,32600.0,128780.48780487805,31809.758400000002,0.0,193190.24620487803,0,0.0,0,0.0,16,6,liquido,0.3967306959993948,50,1020,47,3,,2026-09-04T08:15:29,44407fc9fe
E06_NG,Calibracion combinada de tamano de poblacion y generaciones,medium,8,18,34,3,38600.0,N=20_G=50,20,50,,0.6,0.2,3,True,A,0.5,nogood,8,0.15,,,,,,1717,16,True,5.096732160053077,196733.86137804878,33200.0,131487.80487804877,32046.056500000002,0.0,196733.86137804878,0,0.0,0,0.0,16,6,amoniaco|liquido,0.38890455899945664,50,1020,47,3,,2026-09-04T08:15:29,44407fc9fe
E06_NG,Calibracion combinada de tamano de poblacion y generaciones,medium,8,18,34,3,38600.0,N=20_G=50,20,50,,0.6,0.2,3,True,A,0.5,nogood,8,0.15,,,,,,1818,17,True,4.959661803516015,191442.94561571817,32600.0,134181.57181571817,24661.3738,0.0,191442.94561571817,0,0.0,0,0.0,11,6,amoniaco|liquido,0.36542238499987434,50,1020,50,0,,2026-09-04T08:15:29,44407fc9fe
E06_NG,Calibracion combinada de tamano de poblacion y generaciones,medium,8,18,34,3,38600.0,N=20_G=50,20,50,,0.6,0.2,3,True,A,0.5,nogood,8,0.15,,,,,,1919,18,True,4.910346857102237,189539.38868414634,33200.0,130463.41463414635,25875.974050000004,0.0,189539.38868414634,0,0.0,0,0.0,15,6,liquido,0.3731549789999917,50,1020,50,0,,2026-09-04T08:15:30,44407fc9fe
E06_NG,Calibracion combinada de tamano de poblacion y generaciones,medium,8,18,34,3,38600.0,N=20_G=50,20,50,,0.6,0.2,3,True,A,0.5,nogood,8,0.15,,,,,,2020,19,True,4.988900248529143,192571.54959322492,27700.0,136999.32249322493,27872.2271,0.0,192571.54959322492,0,0.0,0,0.0,14,5,amoniaco|liquido,0.36272452299999713,50,1020,50,0,,2026-09-04T08:15:30,44407fc9fe
E06_NG,Calibracion combinada de tamano de poblacion y generaciones,medium,8,18,34,3,38600.0,N=20_G=100,20,100,,0.6,0.2,3,True,A,0.5,nogood,8,0.15,,,,,,101,0,True,4.7764267656493535,184370.07315406503,27200.0,133650.40650406503,23519.66665,0.0,184370.07315406503,0,0.0,0,0.0,14,5,amoniaco|liquido,0.7575386580001577,100,2020,98,2,,2026-09-04T08:15:31,8e2f1e85f8
E06_NG,Calibracion combinada de tamano de poblacion y generaciones,medium,8,18,34,3,38600.0,N=20_G=100,20,100,,0.6,0.2,3,True,A,0.5,nogood,8,0.15,,,,,,202,1,True,5.020873684650435,193805.72422750678,32900.0,132317.7506775068,28587.973550000002,0.0,193805.72422750678,0,0.0,0,0.0,13,6,amoniaco|liquido,0.7470573349992264,100,2020,95,5,,2026-09-04T08:15:32,8e2f1e85f8
E06_NG,Calibracion combinada de tamano de poblacion y generaciones,medium,8,18,34,3,38600.0,N=20_G=100,20,100,,0.6,0.2,3,True,A,0.5,nogood,8,0.15,,,,,,303,2,True,4.722667239314349,182294.95543753388,26900.0,131838.75338753388,23556.20205,0.0,182294.95543753388,0,0.0,0,0.0,14,5,amoniaco|liquido,1.0897610989995883,100,2020,99,1,,2026-09-04T08:15:33,8e2f1e85f8
E06_NG,Calibracion combinada de tamano de poblacion y generaciones,medium,8,18,34,3,38600.0,N=20_G=100,20,100,,0.6,0.2,3,True,A,0.5,nogood,8,0.15,,,,,,404,3,True,4.936593924884508,190552.52550054202,32600.0,131420.054200542,26532.471300000005,0.0,190552.52550054202,0,0.0,0,0.0,14,6,amoniaco|liquido,1.3359397929998522,100,2020,91,9,,2026-09-04T08:15:34,8e2f1e85f8
E06_NG,Calibracion combinada de tamano de poblacion y generaciones,medium,8,18,34,3,38600.0,N=20_G=100,20,100,,0.6,0.2,3,True,A,0.5,nogood,8,0.15,,,,,,505,4,False,,186808.24729756097,27400.0,130609.75609756098,28798.4912,774131.7317073299,960939.9790048909,0,0.0,0,77.413,17,5,liquido,1.4091816850004761,100,2020,89,11,,2026-09-04T08:15:36,8e2f1e85f8
E06_NG,Calibracion combinada de tamano de poblacion y generaciones,medium,8,18,34,3,38600.0,N=20_G=100,20,100,,0.6,0.2,3,True,A,0.5,nogood,8,0.15,,,,,,606,5,True,4.750976346518387,183387.68697560974,27700.0,131097.56097560975,24590.125999999997,0.0,183387.68697560974,0,0.0,0,0.0,15,5,liquido,1.3534340080004768,100,2020,73,27,,2026-09-04T08:15:37,8e2f1e85f8
E06_NG,Calibracion combinada de tamano de poblacion y generaciones,medium,8,18,34,3,38600.0,N=20_G=100,20,100,,0.6,0.2,3,True,A,0.5,nogood,8,0.15,,,,,,707,6,True,4.87838357641785,188305.60604972902,26900.0,131289.972899729,30115.63315,0.0,188305.60604972902,0,0.0,0,0.0,13,5,amoniaco|liquido,0.7130669900006978,100,2020,82,18,,2026-09-04T08:15:38,8e2f1e85f8
E06_NG,Calibracion combinada de tamano de poblacion y generaciones,medium,8,18,34,3,38600.0,N=20_G=100,20,100,,0.6,0.2,3,True,A,0.5,nogood,8,0.15,,,,,,808,7,True,4.914660931062809,189705.9119390244,28000.0,133243.9024390244,28462.0095,0.0,189705.9119390244,0,0.0,0,0.0,14,5,liquido,0.7441074540001864,100,2020,99,1,,2026-09-04T08:15:38,8e2f1e85f8
E06_NG,Calibracion combinada de tamano de poblacion y generaciones,medium,8,18,34,3,38600.0,N=20_G=100,20,100,,0.6,0.2,3,True,A,0.5,nogood,8,0.15,,,,,,909,8,True,4.843391459984976,186954.91035542008,27400.0,133700.54200542008,25854.368350000004,0.0,186954.91035542008,0,0.0,0,0.0,13,5,amoniaco|liquido,0.7142821850002292,100,2020,56,44,,2026-09-04T08:15:39,8e2f1e85f8
E06_NG,Calibracion combinada de tamano de poblacion y generaciones,medium,8,18,34,3,38600.0,N=20_G=100,20,100,,0.6,0.2,3,True,A,0.5,nogood,8,0.15,,,,,,1010,9,True,4.863831265449261,187743.88684634148,32900.0,129414.63414634147,25429.252700000005,0.0,187743.88684634148,0,0.0,0,0.0,15,6,liquido,0.7625602799998887,100,2020,97,3,,2026-09-04T08:15:40,8e2f1e85f8
E06_NG,Calibracion combinada de tamano de poblacion y generaciones,medium,8,18,34,3,38600.0,N=20_G=100,20,100,,0.6,0.2,3,True,A,0.5,nogood,8,0.15,,,,,,1111,10,True,4.894994610184367,188946.79195311654,27200.0,138165.31165311654,23581.480300000003,0.0,188946.79195311654,0,0.0,0,0.0,11,5,amoniaco|liquido,0.7145125709994318,100,2020,97,3,,2026-09-04T08:15:41,8e2f1e85f8
E06_NG,Calibracion combinada de tamano de poblacion y generaciones,medium,8,18,34,3,38600.0,N=20_G=100,20,100,,0.6,0.2,3,True,A,0.5,nogood,8,0.15,,,,,,1212,11,True,4.842310948660433,186913.2026182927,27700.0,131926.8292682927,27286.373349999998,0.0,186913.2026182927,0,0.0,0,0.0,15,5,liquido,0.7416419080000196,100,2020,90,10,,2026-09-04T08:15:41,8e2f1e85f8
E06_NG,Calibracion combinada de tamano de poblacion y generaciones,medium,8,18,34,3,38600.0,N=20_G=100,20,100,,0.6,0.2,3,True,A,0.5,nogood,8,0.15,,,,,,1313,12,False,,187126.12007548581,27100.0,129368.50602548581,30657.614050000004,13796900.398028065,13984026.518103551,0,100.0,0,1279.69,14,5,amoniaco|comprimido|liquido,0.7393868369999836,100,2020,99,1,,2026-09-04T08:15:42,8e2f1e85f8
E06_NG,Calibracion combinada de tamano de poblacion y generaciones,medium,8,18,34,3,38600.0,N=20_G=100,20,100,,0.6,0.2,3,True,A,0.5,nogood,8,0.15,,,,,,1414,13,True,4.788589196045185,184839.54296734417,26900.0,132691.73441734415,25247.80855000001,0.0,184839.54296734417,0,0.0,0,0.0,14,5,amoniaco|liquido,0.7185025569997379,100,2020,74,26,,2026-09-04T08:15:43,8e2f1e85f8
E06_NG,Calibracion combinada de tamano de poblacion y generaciones,medium,8,18,34,3,38600.0,N=20_G=100,20,100,,0.6,0.2,3,True,A,0.5,nogood,8,0.15,,,,,,1515,14,True,4.783355754581069,184637.53212682926,27200.0,129292.68292682926,28144.849200000004,0.0,184637.53212682926,0,0.0,0,0.0,17,5,liquido,0.7771937640000033,100,2020,85,15,,2026-09-04T08:15:44,8e2f1e85f8
E06_NG,Calibracion combinada de tamano de poblacion y generaciones,medium,8,18,34,3,38600.0,N=20_G=100,20,100,,0.6,0.2,3,True,A,0.5,nogood,8,0.15,,,,,,1616,15,True,4.894602223208644,188931.64581585367,32600.0,128536.58536585367,27795.060450000004,0.0,188931.64581585367,0,0.0,0,0.0,15,6,liquido,0.8042360740000731,100,2020,98,2,,2026-09-04T08:15:44,8e2f1e85f8
E06_NG,Calibracion combinada de tamano de poblacion y generaciones,medium,8,18,34,3,38600.0,N=20_G=100,20,100,,0.6,0.2,3,True,A,0.5,nogood,8,0.15,,,,,,1717,16,True,4.874906138822191,188171.3769585366,27400.0,130365.8536585366,30405.5233,0.0,188171.3769585366,0,0.0,0,0.0,16,5,liquido,0.7705885180002952,100,2020,100,0,,2026-09-04T08:15:45,8e2f1e85f8
E06_NG,Calibracion combinada de tamano de poblacion y generaciones,medium,8,18,34,3,38600.0,N=20_G=100,20,100,,0.6,0.2,3,True,A,0.5,nogood,8,0.15,,,,,,1818,17,True,4.901358821699875,189192.4505176152,32600.0,133151.76151761517,23440.689000000006,0.0,189192.4505176152,0,0.0,0,0.0,12,6,amoniaco|liquido,0.7154944969997814,100,2020,100,0,,2026-09-04T08:15:46,8e2f1e85f8
E06_NG,Calibracion combinada de tamano de poblacion y generaciones,medium,8,18,34,3,38600.0,N=20_G=100,20,100,,0.6,0.2,3,True,A,0.5,nogood,8,0.15,,,,,,1919,18,True,4.750127957001137,183354.9391402439,27200.0,129439.0243902439,26715.91475,0.0,183354.9391402439,0,0.0,0,0.0,15,5,liquido,0.7659544470006949,100,2020,77,23,,2026-09-04T08:15:47,8e2f1e85f8
E06_NG,Calibracion combinada de tamano de poblacion y generaciones,medium,8,18,34,3,38600.0,N=20_G=100,20,100,,0.6,0.2,3,True,A,0.5,nogood,8,0.15,,,,,,2020,19,True,4.927920741736523,190217.7406310298,27700.0,137048.1029810298,25469.63765,0.0,190217.7406310298,0,0.0,0,0.0,14,5,amoniaco|liquido,1.0901212790004138,100,2020,82,18,,2026-09-04T08:15:48,8e2f1e85f8
E06_NG,Calibracion combinada de tamano de poblacion y generaciones,medium,8,18,34,3,38600.0,N=20_G=200,20,200,,0.6,0.2,3,True,A,0.5,nogood,8,0.15,,,,,,101,0,True,4.629885056552509,178713.56318292685,27200.0,130268.29268292684,21245.270500000006,0.0,178713.56318292685,0,0.0,0,0.0,14,5,liquido,2.736887941000532,200,4020,171,29,,2026-09-04T08:15:50,6b5d7271f6
E06_NG,Calibracion combinada de tamano de poblacion y generaciones,medium,8,18,34,3,38600.0,N=20_G=200,20,200,,0.6,0.2,3,True,A,0.5,nogood,8,0.15,,,,,,202,1,True,4.785990223141947,184739.22261327915,27700.0,134291.32791327915,22747.894700000004,0.0,184739.22261327915,0,0.0,0,0.0,14,5,amoniaco|liquido,1.9860839049997594,200,4020,196,4,,2026-09-04T08:15:52,6b5d7271f6
E06_NG,Calibracion combinada de tamano de poblacion y generaciones,medium,8,18,34,3,38600.0,N=20_G=200,20,200,,0.6,0.2,3,True,A,0.5,nogood,8,0.15,,,,,,303,2,True,4.688425961354032,180973.2421082656,26900.0,131155.8265582656,22917.41555,0.0,180973.2421082656,0,0.0,0,0.0,14,5,amoniaco|liquido,1.4796382200001972,200,4020,107,93,,2026-09-04T08:15:54,6b5d7271f6
E06_NG,Calibracion combinada de tamano de poblacion y generaciones,medium,8,18,34,3,38600.0,N=20_G=200,20,200,,0.6,0.2,3,True,A,0.5,nogood,8,0.15,,,,,,404,3,True,4.9124516962733615,189620.63547615177,32600.0,131517.61517615177,25503.020300000007,0.0,189620.63547615177,0,0.0,0,0.0,14,6,amoniaco|liquido,1.4527724899999157,200,4020,148,52,,2026-09-04T08:15:55,6b5d7271f6
E06_NG,Calibracion combinada de tamano de poblacion y generaciones,medium,8,18,34,3,38600.0,N=20_G=200,20,200,,0.6,0.2,3,True,A,0.5,nogood,8,0.15,,,,,,505,4,False,,185718.84522073172,27400.0,130317.07317073172,28001.772050000003,323394.60975610564,509113.4549768374,0,0.0,0,32.339,14,5,liquido,1.5350718520003284,200,4020,193,7,,2026-09-04T08:15:57,6b5d7271f6
E06_NG,Calibracion combinada de tamano de poblacion y generaciones,medium,8,18,34,3,38600.0,N=20_G=200,20,200,,0.6,0.2,3,True,A,0.5,nogood,8,0.15,,,,,,606,5,True,4.750976346518387,183387.68697560974,27700.0,131097.56097560975,24590.125999999997,0.0,183387.68697560974,0,0.0,0,0.0,15,5,liquido,1.4776318919994083,200,4020,73,127,,2026-09-04T08:15:58,6b5d7271f6
E06_NG,Calibracion combinada de tamano de poblacion y generaciones,medium,8,18,34,3,38600.0,N=20_G=200,20,200,,0.6,0.2,3,True,A,0.5,nogood,8,0.15,,,,,,707,6,True,4.6589389572152715,179835.0437485095,26900.0,131094.8509485095,21840.192800000004,0.0,179835.0437485095,0,0.0,0,0.0,13,5,amoniaco|liquido,1.40195215499989,200,4020,197,3,,2026-09-04T08:16:00,6b5d7271f6
E06_NG,Calibracion combinada de tamano de poblacion y generaciones,medium,8,18,34,3,38600.0,N=20_G=200,20,200,,0.6,0.2,3,True,A,0.5,nogood,8,0.15,,,,,,808,7,True,4.77187927179606,184194.5398913279,28000.0,134279.13279132792,21915.407099999997,0.0,184194.5398913279,0,0.0,0,0.0,15,5,amoniaco|liquido,1.4843457389997639,200,4020,182,18,,2026-09-04T08:16:01,6b5d7271f6
E06_NG,Calibracion combinada de tamano de poblacion y generaciones,medium,8,18,34,3,38600.0,N=20_G=200,20,200,,0.6,0.2,3,True,A,0.5,nogood,8,0.15,,,,,,909,8,True,4.820666727077103,186077.73566517615,27400.0,133261.51761517616,25416.218050000007,0.0,186077.73566517615,0,0.0,0,0.0,14,5,amoniaco|liquido,2.3584415069999523,200,4020,122,78,,2026-09-04T08:16:04,6b5d7271f6
E06_NG,Calibracion combinada de tamano de poblacion y generaciones,medium,8,18,34,3,38600.0,N=20_G=200,20,200,,0.6,0.2,3,True,A,0.5,nogood,8,0.15,,,,,,1010,9,True,4.532507573960571,174954.79235487804,26900.0,128780.48780487805,19274.30455,0.0,174954.79235487804,0,0.0,0,0.0,15,5,liquido,2.7524846289998095,200,4020,187,13,,2026-09-04T08:16:06,6b5d7271f6
E06_NG,Calibracion combinada de tamano de poblacion y generaciones,medium,8,18,34,3,38600.0,N=20_G=200,20,200,,0.6,0.2,3,True,A,0.5,nogood,8,0.15,,,,,,1111,10,True,4.766160048482104,183973.7778714092,27200.0,134092.1409214092,22681.636949999993,0.0,183973.7778714092,0,0.0,0,0.0,13,5,amoniaco|liquido,1.396304631000021,200,4020,199,1,,2026-09-04T08:16:08,6b5d7271f6
E06_NG,Calibracion combinada de tamano de poblacion y generaciones,medium,8,18,34,3,38600.0,N=20_G=200,20,200,,0.6,0.2,3,True,A,0.5,nogood,8,0.15,,,,,,1212,11,True,4.808428446985972,185605.33805365852,27700.0,131585.36585365853,26319.9722,0.0,185605.33805365852,0,0.0,0,0.0,16,5,liquido,1.4922698359996502,200,4020,200,0,,2026-09-04T08:16:09,6b5d7271f6
E06_NG,Calibracion combinada de tamano de poblacion y generaciones,medium,8,18,34,3,38600.0,N=20_G=200,20,200,,0.6,0.2,3,True,A,0.5,nogood,8,0.15,,,,,,1313,12,False,,187053.0848085366,27100.0,128365.8536585366,31587.231150000007,6573884.390243911,6760937.475052448,0,0.0,0,657.388,14,5,liquido,1.4745985560002737,200,4020,115,85,,2026-09-04T08:16:11,6b5d7271f6
E06_NG,Calibracion combinada de tamano de poblacion y generaciones,medium,8,18,34,3,38600.0,N=20_G=200,20,200,,0.6,0.2,3,True,A,0.5,nogood,8,0.15,,,,,,1414,13,True,4.637735888032352,179016.60527804878,26900.0,129487.80487804879,22628.800400000004,0.0,179016.60527804878,0,0.0,0,0.0,15,5,liquido,1.4396767349999209,200,4020,173,27,,2026-09-04T08:16:12,6b5d7271f6
E06_NG,Calibracion combinada de tamano de poblacion y generaciones,medium,8,18,34,3,38600.0,N=20_G=200,20,200,,0.6,0.2,3,True,A,0.5,nogood,8,0.15,,,,,,1515,14,True,4.681598264564641,180709.69301219512,27200.0,129951.21951219512,23558.473499999996,0.0,180709.69301219512,0,0.0,0,0.0,16,5,liquido,1.527316334999341,200,4020,173,27,,2026-09-04T08:16:14,6b5d7271f6
E06_NG,Calibracion combinada de tamano de poblacion y generaciones,medium,8,18,34,3,38600.0,N=20_G=200,20,200,,0.6,0.2,3,True,A,0.5,nogood,8,0.15,,,,,,1616,15,True,4.59524016845697,177376.27050243903,26600.0,126390.24390243902,24386.02660000001,0.0,177376.27050243903,0,0.0,0,0.0,15,5,liquido,1.5497051530001045,200,4020,192,8,,2026-09-04T08:16:15,6b5d7271f6
E06_NG,Calibracion combinada de tamano de poblacion y generaciones,medium,8,18,34,3,38600.0,N=20_G=200,20,200,,0.6,0.2,3,True,A,0.5,nogood,8,0.15,,,,,,1717,16,True,4.8455038395993935,187036.4482085366,27400.0,130365.8536585366,29270.59455,0.0,187036.4482085366,0,0.0,0,0.0,14,5,liquido,1.9247623440005555,200,4020,106,94,,2026-09-04T08:16:17,6b5d7271f6
E06_NG,Calibracion combinada de tamano de poblacion y generaciones,medium,8,18,34,3,38600.0,N=20_G=200,20,200,,0.6,0.2,3,True,A,0.5,nogood,8,0.15,,,,,,1818,17,True,4.7698154775790895,184114.87743455285,32600.0,132528.45528455285,18986.422150000006,0.0,184114.87743455285,0,0.0,0,0.0,12,6,amoniaco|liquido,2.637418809000337,200,4020,157,43,,2026-09-04T08:16:20,6b5d7271f6
E06_NG,Calibracion combinada de tamano de poblacion y generaciones,medium,8,18,34,3,38600.0,N=20_G=200,20,200,,0.6,0.2,3,True,A,0.5,nogood,8,0.15,,,,,,1919,18,True,4.731973505307721,182654.17730487805,27200.0,129780.48780487805,25673.6895,0.0,182654.17730487805,0,0.0,0,0.0,15,5,liquido,2.025462007999522,200,4020,157,43,,2026-09-04T08:16:22,6b5d7271f6
E06_NG,Calibracion combinada de tamano de poblacion y generaciones,medium,8,18,34,3,38600.0,N=20_G=200,20,200,,0.6,0.2,3,True,A,0.5,nogood,8,0.15,,,,,,2020,19,True,4.887754197803895,188667.31203523034,27700.0,133803.52303523035,27163.789,0.0,188667.31203523034,0,0.0,0,0.0,13,5,amoniaco|liquido,1.4540100580006765,200,4020,187,13,,2026-09-04T08:16:23,6b5d7271f6
E06_NG,Calibracion combinada de tamano de poblacion y generaciones,medium,8,18,34,3,38600.0,N=40_G=50,40,50,,0.6,0.2,3,True,A,0.5,nogood,8,0.15,,,,,,101,0,True,4.851421842032099,187264.88310243902,26600.0,126390.24390243902,34274.639200000005,0.0,187264.88310243902,0,0.0,0,0.0,15,5,liquido,0.7381412249997084,50,2040,46,4,,2026-09-04T08:16:24,74b7e68250
E06_NG,Calibracion combinada de tamano de poblacion y generaciones,medium,8,18,34,3,38600.0,N=40_G=50,40,50,,0.6,0.2,3,True,A,0.5,nogood,8,0.15,,,,,,202,1,True,4.881280969687715,188417.4454299458,26900.0,131707.9945799458,29809.45085,0.0,188417.4454299458,0,0.0,0,0.0,14,5,amoniaco|liquido,0.7319716319998406,50,2040,48,2,,2026-09-04T08:16:25,74b7e68250
E06_NG,Calibracion combinada de tamano de poblacion y generaciones,medium,8,18,34,3,38600.0,N=40_G=50,40,50,,0.6,0.2,3,True,A,0.5,nogood,8,0.15,,,,,,303,2,True,4.780270309237963,184518.43393658538,27200.0,130853.65853658537,26464.775400000002,0.0,184518.43393658538,0,0.0,0,0.0,14,5,liquido,0.7521182370001043,50,2040,45,5,,2026-09-04T08:16:26,74b7e68250
E06_NG,Calibracion combinada de tamano de poblacion y generaciones,medium,8,18,34,3,38600.0,N=40_G=50,40,50,,0.6,0.2,3,True,A,0.5,nogood,8,0.15,,,,,,404,3,True,5.07699423005392,195971.9772800813,27700.0,133813.00813008132,34458.969150000004,0.0,195971.9772800813,0,0.0,0,0.0,16,5,amoniaco|liquido,0.7954524480001055,50,2040,44,6,,2026-09-04T08:16:26,74b7e68250
E06_NG,Calibracion combinada de tamano de poblacion y generaciones,medium,8,18,34,3,38600.0,N=40_G=50,40,50,,0.6,0.2,3,True,A,0.5,nogood,8,0.15,,,,,,505,4,True,5.0323553056082115,194248.91479647695,28000.0,136769.64769647695,29479.267100000005,0.0,194248.91479647695,0,0.0,0,0.0,13,5,amoniaco|liquido,0.7015989139999874,50,2040,49,1,,2026-09-04T08:16:27,74b7e68250
E06_NG,Calibracion combinada de tamano de poblacion y generaciones,medium,8,18,34,3,38600.0,N=40_G=50,40,50,,0.6,0.2,3,True,A,0.5,nogood,8,0.15,,,,,,606,5,True,5.126368119676481,197877.8094195122,38400.0,129121.9512195122,30355.8582,0.0,197877.8094195122,0,0.0,0,0.0,16,7,liquido,0.9157803710004373,50,2040,47,3,,2026-09-04T08:16:28,74b7e68250
E06_NG,Calibracion combinada de tamano de poblacion y generaciones,medium,8,18,34,3,38600.0,N=40_G=50,40,50,,0.6,0.2,3,True,A,0.5,nogood,8,0.15,,,,,,707,6,True,4.907232319302273,189419.16752506775,27700.0,134677.50677506777,27041.660749999995,0.0,189419.16752506775,0,0.0,0,0.0,14,5,amoniaco|liquido,0.7257883570000558,50,2040,49,1,,2026-09-04T08:16:29,74b7e68250
E06_NG,Calibracion combinada de tamano de poblacion y generaciones,medium,8,18,34,3,38600.0,N=40_G=50,40,50,,0.6,0.2,3,True,A,0.5,nogood,8,0.15,,,,,,808,7,True,4.828833220832105,186392.96232411926,26900.0,133692.41192411925,25800.5504,0.0,186392.96232411926,0,0.0,0,0.0,12,5,amoniaco|liquido,0.7505468970002767,50,2040,50,0,,2026-09-04T08:16:30,74b7e68250
E06_NG,Calibracion combinada de tamano de poblacion y generaciones,medium,8,18,34,3,38600.0,N=40_G=50,40,50,,0.6,0.2,3,True,A,0.5,nogood,8,0.15,,,,,,909,8,True,4.678693140243903,180597.55521341466,27400.0,131146.34146341466,22051.213750000003,0.0,180597.55521341466,0,0.0,0,0.0,14,5,liquido,0.7399921890000769,50,2040,48,2,,2026-09-04T08:16:30,74b7e68250
E06_NG,Calibracion combinada de tamano de poblacion y generaciones,medium,8,18,34,3,38600.0,N=40_G=50,40,50,,0.6,0.2,3,True,A,0.5,nogood,8,0.15,,,,,,1010,9,True,4.830480955417949,186456.5648791328,32900.0,131827.9132791328,21728.6516,0.0,186456.5648791328,0,0.0,0,0.0,16,6,amoniaco|liquido,0.7572237929998664,50,2040,50,0,,2026-09-04T08:16:31,74b7e68250
E06_NG,Calibracion combinada de tamano de poblacion y generaciones,medium,8,18,34,3,38600.0,N=40_G=50,40,50,,0.6,0.2,3,True,A,0.5,nogood,8,0.15,,,,,,1111,10,True,4.9605620762633915,191477.69614376692,27200.0,132919.37669376694,31358.319449999995,0.0,191477.69614376692,0,0.0,0,0.0,15,5,amoniaco|liquido,1.234347524000441,50,2040,49,1,,2026-09-04T08:16:32,74b7e68250
E06_NG,Calibracion combinada de tamano de poblacion y generaciones,medium,8,18,34,3,38600.0,N=40_G=50,40,50,,0.6,0.2,3,True,A,0.5,nogood,8,0.15,,,,,,1212,11,True,4.837139889798082,186713.59974620596,27200.0,132559.62059620596,26953.979150000006,0.0,186713.59974620596,0,0.0,0,0.0,14,5,amoniaco|liquido,1.3523105270005544,50,2040,49,1,,2026-09-04T08:16:34,74b7e68250
E06_NG,Calibracion combinada de tamano de poblacion y generaciones,medium,8,18,34,3,38600.0,N=40_G=50,40,50,,0.6,0.2,3,True,A,0.5,nogood,8,0.15,,,,,,1313,12,True,4.733272676699383,182704.3253205962,26900.0,132712.0596205962,23092.2657,0.0,182704.3253205962,0,0.0,0,0.0,14,5,amoniaco|liquido,1.419546715999786,50,2040,47,3,,2026-09-04T08:16:35,74b7e68250
E06_NG,Calibracion combinada de tamano de poblacion y generaciones,medium,8,18,34,3,38600.0,N=40_G=50,40,50,,0.6,0.2,3,True,A,0.5,nogood,8,0.15,,,,,,1414,13,True,4.7509462564134965,183386.52549756097,26900.0,128609.75609756098,27876.769400000005,0.0,183386.52549756097,0,0.0,0,0.0,16,5,liquido,1.2135173359993132,50,2040,50,0,,2026-09-04T08:16:36,74b7e68250
E06_NG,Calibracion combinada de tamano de poblacion y generaciones,medium,8,18,34,3,38600.0,N=40_G=50,40,50,,0.6,0.2,3,True,A,0.5,nogood,8,0.15,,,,,,1515,14,True,4.950593732181221,191092.91806219512,32900.0,129951.21951219512,28241.698550000012,0.0,191092.91806219512,0,0.0,0,0.0,16,6,liquido,0.7761350949995176,50,2040,48,2,,2026-09-04T08:16:37,74b7e68250
E06_NG,Calibracion combinada de tamano de poblacion y generaciones,medium,8,18,34,3,38600.0,N=40_G=50,40,50,,0.6,0.2,3,True,A,0.5,nogood,8,0.15,,,,,,1616,15,True,4.9992600225578165,192971.4368707317,32600.0,130317.07317073172,30054.3637,0.0,192971.4368707317,0,0.0,0,0.0,14,6,liquido,0.7627706909997869,50,2040,49,1,,2026-09-04T08:16:38,74b7e68250
E06_NG,Calibracion combinada de tamano de poblacion y generaciones,medium,8,18,34,3,38600.0,N=40_G=50,40,50,,0.6,0.2,3,True,A,0.5,nogood,8,0.15,,,,,,1717,16,True,4.79626440504725,185135.80603482385,32400.0,131238.48238482384,21497.323650000002,0.0,185135.80603482385,0,0.0,0,0.0,14,6,amoniaco|liquido,0.7497258060002423,50,2040,50,0,,2026-09-04T08:16:39,74b7e68250
E06_NG,Calibracion combinada de tamano de poblacion y generaciones,medium,8,18,34,3,38600.0,N=40_G=50,40,50,,0.6,0.2,3,True,A,0.5,nogood,8,0.15,,,,,,1818,17,True,4.75932540045916,183709.96045772356,26600.0,130235.77235772357,26874.18810000001,0.0,183709.96045772356,0,0.0,0,0.0,14,5,amoniaco|liquido,0.7435410129992306,50,2040,49,1,,2026-09-04T08:16:39,74b7e68250
E06_NG,Calibracion combinada de tamano de poblacion y generaciones,medium,8,18,34,3,38600.0,N=40_G=50,40,50,,0.6,0.2,3,True,A,0.5,nogood,8,0.15,,,,,,1919,18,True,4.678414830191527,180586.81244539295,27200.0,132929.53929539295,20457.273150000008,0.0,180586.81244539295,0,0.0,0,0.0,14,5,amoniaco|liquido,0.7203788039996653,50,2040,42,8,,2026-09-04T08:16:40,74b7e68250
E06_NG,Calibracion combinada de tamano de poblacion y generaciones,medium,8,18,34,3,38600.0,N=40_G=50,40,50,,0.6,0.2,3,True,A,0.5,nogood,8,0.15,,,,,,2020,19,True,4.787934513585239,184814.27222439024,26900.0,128902.43902439025,29011.833200000005,0.0,184814.27222439024,0,0.0,0,0.0,14,5,liquido,0.7406646809995436,50,2040,48,2,,2026-09-04T08:16:41,74b7e68250
E06_NG,Calibracion combinada de tamano de poblacion y generaciones,medium,8,18,34,3,38600.0,N=40_G=100,40,100,,0.6,0.2,3,True,A,0.5,nogood,8,0.15,,,,,,101,0,True,4.790409895835966,184909.82197926828,26600.0,126682.9268292683,31626.89515,0.0,184909.82197926828,0,0.0,0,0.0,14,5,liquido,1.5001729060004436,100,4040,78,22,,2026-09-04T08:16:42,68b8deca34
E06_NG,Calibracion combinada de tamano de poblacion y generaciones,medium,8,18,34,3,38600.0,N=40_G=100,40,100,,0.6,0.2,3,True,A,0.5,nogood,8,0.15,,,,,,202,1,True,4.625869335099063,178558.55633482384,26900.0,131488.48238482384,20170.073949999998,0.0,178558.55633482384,0,0.0,0,0.0,14,5,amoniaco|liquido,1.4704344100000526,100,4040,93,7,,2026-09-04T08:16:44,68b8deca34
E06_NG,Calibracion combinada de tamano de poblacion y generaciones,medium,8,18,34,3,38600.0,N=40_G=100,40,100,,0.6,0.2,3,True,A,0.5,nogood,8,0.15,,,,,,303,2,True,4.615931667445976,178174.96236341467,27200.0,130146.34146341465,20828.620899999998,0.0,178174.96236341467,0,0.0,0,0.0,16,5,liquido,1.526395362000585,100,4040,96,4,,2026-09-04T08:16:45,68b8deca34
E06_NG,Calibracion combinada de tamano de poblacion y generaciones,medium,8,18,34,3,38600.0,N=40_G=100,40,100,,0.6,0.2,3,True,A,0.5,nogood,8,0.15,,,,,,404,3,True,4.865752806296249,187818.05832303522,27700.0,133852.30352303523,26265.754800000002,0.0,187818.05832303522,0,0.0,0,0.0,13,5,amoniaco|liquido,2.162430948000292,100,4040,99,1,,2026-09-04T08:16:47,68b8deca34
E06_NG,Calibracion combinada de tamano de poblacion y generaciones,medium,8,18,34,3,38600.0,N=40_G=100,40,100,,0.6,0.2,3,True,A,0.5,nogood,8,0.15,,,,,,505,4,True,4.797227963670894,185172.9993976965,28000.0,135964.7696476965,21208.229749999995,0.0,185172.9993976965,0,0.0,0,0.0,13,5,amoniaco|liquido,2.69137803600006,100,4040,79,21,,2026-09-04T08:16:50,68b8deca34
E06_NG,Calibracion combinada de tamano de poblacion y generaciones,medium,8,18,34,3,38600.0,N=40_G=100,40,100,,0.6,0.2,3,True,A,0.5,nogood,8,0.15,,,,,,606,5,True,4.825917985214204,186280.43422926828,32900.0,128682.9268292683,24697.5074,0.0,186280.43422926828,0,0.0,0,0.0,15,6,liquido,1.8732283339995774,100,4040,93,7,,2026-09-04T08:16:52,68b8deca34
E06_NG,Calibracion combinada de tamano de poblacion y generaciones,medium,8,18,34,3,38600.0,N=40_G=100,40,100,,0.6,0.2,3,True,A,0.5,nogood,8,0.15,,,,,,707,6,True,4.872437183671033,188076.07528970187,27700.0,135018.97018970188,25357.105099999997,0.0,188076.07528970187,0,0.0,0,0.0,14,5,amoniaco|liquido,1.4366526080002586,100,4040,85,15,,2026-09-04T08:16:53,68b8deca34
E06_NG,Calibracion combinada de tamano de poblacion y generaciones,medium,8,18,34,3,38600.0,N=40_G=100,40,100,,0.6,0.2,3,True,A,0.5,nogood,8,0.15,,,,,,808,7,True,4.612380676639707,178037.8941182927,26900.0,128926.8292682927,22211.064850000002,0.0,178037.8941182927,0,0.0,0,0.0,14,5,liquido,1.443168877000062,100,4040,100,0,,2026-09-04T08:16:55,68b8deca34
E06_NG,Calibracion combinada de tamano de poblacion y generaciones,medium,8,18,34,3,38600.0,N=40_G=100,40,100,,0.6,0.2,3,True,A,0.5,nogood,8,0.15,,,,,,909,8,True,4.628123673322381,178645.5737902439,27400.0,129439.02439024391,21806.5494,0.0,178645.5737902439,0,0.0,0,0.0,15,5,liquido,1.4610290479995456,100,4040,85,15,,2026-09-04T08:16:56,68b8deca34
E06_NG,Calibracion combinada de tamano de poblacion y generaciones,medium,8,18,34,3,38600.0,N=40_G=100,40,100,,0.6,0.2,3,True,A,0.5,nogood,8,0.15,,,,,,1010,9,True,4.599920810772008,177556.9432957995,26900.0,130994.57994579947,19662.363350000007,0.0,177556.9432957995,0,0.0,0,0.0,15,5,amoniaco|liquido,1.51069514000028,100,4040,100,0,,2026-09-04T08:16:58,68b8deca34
E06_NG,Calibracion combinada de tamano de poblacion y generaciones,medium,8,18,34,3,38600.0,N=40_G=100,40,100,,0.6,0.2,3,True,A,0.5,nogood,8,0.15,,,,,,1111,10,True,4.787768996924891,184807.8832813008,27200.0,131008.13008130081,26599.75320000001,0.0,184807.8832813008,0,0.0,0,0.0,15,5,amoniaco|liquido,1.457075430000259,100,4040,99,1,,2026-09-04T08:16:59,68b8deca34
E06_NG,Calibracion combinada de tamano de poblacion y generaciones,medium,8,18,34,3,38600.0,N=40_G=100,40,100,,0.6,0.2,3,True,A,0.5,nogood,8,0.15,,,,,,1212,11,True,4.632405926910008,178810.8687787263,27200.0,132262.8726287263,19347.99615,0.0,178810.8687787263,0,0.0,0,0.0,15,5,amoniaco|liquido,1.4337245269998675,100,4040,99,1,,2026-09-04T08:17:01,68b8deca34
E06_NG,Calibracion combinada de tamano de poblacion y generaciones,medium,8,18,34,3,38600.0,N=40_G=100,40,100,,0.6,0.2,3,True,A,0.5,nogood,8,0.15,,,,,,1313,12,True,4.645900806489321,179331.7711304878,26900.0,130878.0487804878,21553.722350000004,0.0,179331.7711304878,0,0.0,0,0.0,15,5,amoniaco|liquido,2.708124540999961,100,4040,94,6,,2026-09-04T08:17:04,68b8deca34
E06_NG,Calibracion combinada de tamano de poblacion y generaciones,medium,8,18,34,3,38600.0,N=40_G=100,40,100,,0.6,0.2,3,True,A,0.5,nogood,8,0.15,,,,,,1414,13,True,4.520169288923291,174478.53455243903,26900.0,128390.24390243903,19188.290650000006,0.0,174478.53455243903,0,0.0,0,0.0,16,5,liquido,2.3669655609992333,100,4040,83,17,,2026-09-04T08:17:06,68b8deca34
E06_NG,Calibracion combinada de tamano de poblacion y generaciones,medium,8,18,34,3,38600.0,N=40_G=100,40,100,,0.6,0.2,3,True,A,0.5,nogood,8,0.15,,,,,,1515,14,True,4.821335111051434,186103.53528658536,32900.0,129853.65853658537,23349.876750000003,0.0,186103.53528658536,0,0.0,0,0.0,16,6,liquido,1.5330271599996195,100,4040,97,3,,2026-09-04T08:17:07,68b8deca34
E06_NG,Calibracion combinada de tamano de poblacion y generaciones,medium,8,18,34,3,38600.0,N=40_G=100,40,100,,0.6,0.2,3,True,A,0.5,nogood,8,0.15,,,,,,1616,15,True,4.887700201661822,188665.22778414632,32600.0,128463.41463414633,27601.81315,0.0,188665.22778414632,0,0.0,0,0.0,15,6,liquido,1.5116603100004795,100,4040,83,17,,2026-09-04T08:17:09,68b8deca34
E06_NG,Calibracion combinada de tamano de poblacion y generaciones,medium,8,18,34,3,38600.0,N=40_G=100,40,100,,0.6,0.2,3,True,A,0.5,nogood,8,0.15,,,,,,1717,16,True,4.600893029020458,177594.4709201897,32400.0,129897.0189701897,15297.451950000002,0.0,177594.4709201897,0,0.0,0,0.0,15,6,amoniaco|liquido,1.4855275170002642,100,4040,93,7,,2026-09-04T08:17:10,68b8deca34
E06_NG,Calibracion combinada de tamano de poblacion y generaciones,medium,8,18,34,3,38600.0,N=40_G=100,40,100,,0.6,0.2,3,True,A,0.5,nogood,8,0.15,,,,,,1818,17,True,4.746629450977294,183219.89680772356,26600.0,130235.77235772357,26384.124450000007,0.0,183219.89680772356,0,0.0,0,0.0,14,5,amoniaco|liquido,1.4629127799998969,100,4040,59,41,,2026-09-04T08:17:12,68b8deca34
E06_NG,Calibracion combinada de tamano de poblacion y generaciones,medium,8,18,34,3,38600.0,N=40_G=100,40,100,,0.6,0.2,3,True,A,0.5,nogood,8,0.15,,,,,,1919,18,True,4.5794761458745805,176767.7792307588,27200.0,133588.0758807588,15979.703350000003,0.0,176767.7792307588,0,0.0,0,0.0,14,5,amoniaco|liquido,1.4528595740002856,100,4040,73,27,,2026-09-04T08:17:13,68b8deca34
E06_NG,Calibracion combinada de tamano de poblacion y generaciones,medium,8,18,34,3,38600.0,N=40_G=100,40,100,,0.6,0.2,3,True,A,0.5,nogood,8,0.15,,,,,,2020,19,True,4.649957682389738,179488.3665402439,26900.0,127439.0243902439,25149.34215000001,0.0,179488.3665402439,0,0.0,0,0.0,15,5,liquido,1.5003387009992366,100,4040,90,10,,2026-09-04T08:17:15,68b8deca34
E06_NG,Calibracion combinada de tamano de poblacion y generaciones,medium,8,18,34,3,38600.0,N=40_G=200,40,200,,0.6,0.2,3,True,A,0.5,nogood,8,0.15,,,,,,101,0,True,4.790409895835966,184909.82197926828,26600.0,126682.9268292683,31626.89515,0.0,184909.82197926828,0,0.0,0,0.0,14,5,liquido,4.768564410000181,200,8040,78,122,,2026-09-04T08:17:20,1a49b09b3d
E06_NG,Calibracion combinada de tamano de poblacion y generaciones,medium,8,18,34,3,38600.0,N=40_G=200,40,200,,0.6,0.2,3,True,A,0.5,nogood,8,0.15,,,,,,202,1,True,4.582168831227095,176871.71688536587,26900.0,128658.53658536586,21313.1803,0.0,176871.71688536587,0,0.0,0,0.0,16,5,liquido,3.2007325730000957,200,8040,180,20,,2026-09-04T08:17:23,1a49b09b3d
E06_NG,Calibracion combinada de tamano de poblacion y generaciones,medium,8,18,34,3,38600.0,N=40_G=200,40,200,,0.6,0.2,3,True,A,0.5,nogood,8,0.15,,,,,,303,2,True,4.496971299570328,173583.09216341467,27200.0,130146.34146341465,16236.750700000006,0.0,173583.09216341467,0,0.0,0,0.0,15,5,liquido,2.953176132000408,200,8040,199,1,,2026-09-04T08:17:26,1a49b09b3d
E06_NG,Calibracion combinada de tamano de poblacion y generaciones,medium,8,18,34,3,38600.0,N=40_G=200,40,200,,0.6,0.2,3,True,A,0.5,nogood,8,0.15,,,,,,404,3,True,4.654114427271578,179648.81689268292,21700.0,129829.26829268293,28119.54859999999,0.0,179648.81689268292,0,0.0,0,0.0,14,4,liquido,2.923762669000098,200,8040,168,32,,2026-09-04T08:17:29,1a49b09b3d
E06_NG,Calibracion combinada de tamano de poblacion y generaciones,medium,8,18,34,3,38600.0,N=40_G=200,40,200,,0.6,0.2,3,True,A,0.5,nogood,8,0.15,,,,,,505,4,True,4.657708741125714,179787.55740745255,22000.0,135525.74525745257,22261.812149999998,0.0,179787.55740745255,0,0.0,0,0.0,12,4,amoniaco|liquido,3.9025406040000234,200,8040,145,55,,2026-09-04T08:17:33,1a49b09b3d
E06_NG,Calibracion combinada de tamano de poblacion y generaciones,medium,8,18,34,3,38600.0,N=40_G=200,40,200,,0.6,0.2,3,True,A,0.5,nogood,8,0.15,,,,,,606,5,True,4.442766322507267,171490.7800487805,26900.0,128804.87804878049,15785.902,0.0,171490.7800487805,0,0.0,0,0.0,18,5,liquido,4.1424141059997055,200,8040,199,1,,2026-09-04T08:17:37,1a49b09b3d
E06_NG,Calibracion combinada de tamano de poblacion y generaciones,medium,8,18,34,3,38600.0,N=40_G=200,40,200,,0.6,0.2,3,True,A,0.5,nogood,8,0.15,,,,,,707,6,True,4.845374728565511,187031.46452262872,27700.0,134287.26287262872,25044.201649999995,0.0,187031.46452262872,0,0.0,0,0.0,15,5,amoniaco|liquido,2.8913016250007786,200,8040,133,67,,2026-09-04T08:17:40,1a49b09b3d
E06_NG,Calibracion combinada de tamano de poblacion y generaciones,medium,8,18,34,3,38600.0,N=40_G=200,40,200,,0.6,0.2,3,True,A,0.5,nogood,8,0.15,,,,,,808,7,True,4.470919717016303,172577.50107682927,26900.0,128292.68292682926,17384.818150000003,0.0,172577.50107682927,0,0.0,0,0.0,16,5,liquido,2.9512897660006274,200,8040,156,44,,2026-09-04T08:17:43,1a49b09b3d
E06_NG,Calibracion combinada de tamano de poblacion y generaciones,medium,8,18,34,3,38600.0,N=40_G=200,40,200,,0.6,0.2,3,True,A,0.5,nogood,8,0.15,,,,,,909,8,True,4.628123673322381,178645.5737902439,27400.0,129439.02439024391,21806.5494,0.0,178645.5737902439,0,0.0,0,0.0,15,5,liquido,3.468129584000053,200,8040,85,115,,2026-09-04T08:17:46,1a49b09b3d
E06_NG,Calibracion combinada de tamano de poblacion y generaciones,medium,8,18,34,3,38600.0,N=40_G=200,40,200,,0.6,0.2,3,True,A,0.5,nogood,8,0.15,,,,,,1010,9,True,4.542394180051813,175336.41535,26900.0,128000.0,20436.415350000003,0.0,175336.41535,0,0.0,0,0.0,15,5,liquido,4.724251699999513,200,8040,176,24,,2026-09-04T08:17:51,1a49b09b3d
E06_NG,Calibracion combinada de tamano de poblacion y generaciones,medium,8,18,34,3,38600.0,N=40_G=200,40,200,,0.6,0.2,3,True,A,0.5,nogood,8,0.15,,,,,,1111,10,True,4.616728302129407,178205.7124621951,27200.0,129951.21951219512,21054.492949999996,0.0,178205.7124621951,0,0.0,0,0.0,15,5,liquido,2.909728386000097,200,8040,153,47,,2026-09-04T08:17:54,1a49b09b3d
E06_NG,Calibracion combinada de tamano de poblacion y generaciones,medium,8,18,34,3,38600.0,N=40_G=200,40,200,,0.6,0.2,3,True,A,0.5,nogood,8,0.15,,,,,,1212,11,True,4.560277447709114,176026.70948157183,27200.0,133218.15718157182,15608.552300000001,0.0,176026.70948157183,0,0.0,0,0.0,15,5,amoniaco|liquido,2.943800373999693,200,8040,183,17,,2026-09-04T08:17:57,1a49b09b3d
E06_NG,Calibracion combinada de tamano de poblacion y generaciones,medium,8,18,34,3,38600.0,N=40_G=200,40,200,,0.6,0.2,3,True,A,0.5,nogood,8,0.15,,,,,,1313,12,True,4.537270620778746,175138.6459620596,26900.0,132096.2059620596,16142.440000000002,0.0,175138.6459620596,0,0.0,0,0.0,13,5,amoniaco|liquido,2.9410982639992653,200,8040,191,9,,2026-09-04T08:18:00,1a49b09b3d
E06_NG,Calibracion combinada de tamano de poblacion y generaciones,medium,8,18,34,3,38600.0,N=40_G=200,40,200,,0.6,0.2,3,True,A,0.5,nogood,8,0.15,,,,,,1414,13,True,4.479397206021736,172904.732152439,26900.0,128390.24390243903,17614.488250000002,0.0,172904.732152439,0,0.0,0,0.0,15,5,liquido,5.059991363000336,200,8040,154,46,,2026-09-04T08:18:05,1a49b09b3d
E06_NG,Calibracion combinada de tamano de poblacion y generaciones,medium,8,18,34,3,38600.0,N=40_G=200,40,200,,0.6,0.2,3,True,A,0.5,nogood,8,0.15,,,,,,1515,14,True,4.691694587735372,181099.41108658537,32900.0,129853.65853658537,18345.75255,0.0,181099.41108658537,0,0.0,0,0.0,15,6,liquido,3.045965280999553,200,8040,148,52,,2026-09-04T08:18:08,1a49b09b3d
E06_NG,Calibracion combinada de tamano de poblacion y generaciones,medium,8,18,34,3,38600.0,N=40_G=200,40,200,,0.6,0.2,3,True,A,0.5,nogood,8,0.15,,,,,,1616,15,True,4.8814409001011,188423.61874390245,32600.0,128024.39024390244,27799.228499999997,0.0,188423.61874390245,0,0.0,0,0.0,15,6,liquido,3.0031931029998304,200,8040,166,34,,2026-09-04T08:18:11,1a49b09b3d
E06_NG,Calibracion combinada de tamano de poblacion y generaciones,medium,8,18,34,3,38600.0,N=40_G=200,40,200,,0.6,0.2,3,True,A,0.5,nogood,8,0.15,,,,,,1717,16,True,4.5925856663261575,177273.8067201897,32400.0,129897.0189701897,14976.787750000003,0.0,177273.8067201897,0,0.0,0,0.0,16,6,amoniaco|liquido,3.0053796090005562,200,8040,197,3,,2026-09-04T08:18:14,1a49b09b3d
E06_NG,Calibracion combinada de tamano de poblacion y generaciones,medium,8,18,34,3,38600.0,N=40_G=200,40,200,,0.6,0.2,3,True,A,0.5,nogood,8,0.15,,,,,,1818,17,True,4.746629450977294,183219.89680772356,26600.0,130235.77235772357,26384.124450000007,0.0,183219.89680772356,0,0.0,0,0.0,14,5,amoniaco|liquido,4.734101101000306,200,8040,59,141,,2026-09-04T08:18:19,1a49b09b3d
E06_NG,Calibracion combinada de tamano de poblacion y generaciones,medium,8,18,34,3,38600.0,N=40_G=200,40,200,,0.6,0.2,3,True,A,0.5,nogood,8,0.15,,,,,,1919,18,True,4.547619417642557,175538.1095210027,27200.0,132027.1002710027,16311.009250000001,0.0,175538.1095210027,0,0.0,0,0.0,15,5,amoniaco|liquido,3.166671783000311,200,8040,194,6,,2026-09-04T08:18:22,1a49b09b3d
E06_NG,Calibracion combinada de tamano de poblacion y generaciones,medium,8,18,34,3,38600.0,N=40_G=200,40,200,,0.6,0.2,3,True,A,0.5,nogood,8,0.15,,,,,,2020,19,True,4.556980191425502,175899.43538902438,26900.0,128243.90243902439,20755.532950000004,0.0,175899.43538902438,0,0.0,0,0.0,15,5,liquido,2.930991135000113,200,8040,180,20,,2026-09-04T08:18:25,1a49b09b3d
E06_NG,Calibracion combinada de tamano de poblacion y generaciones,medium,8,18,34,3,38600.0,N=80_G=50,80,50,,0.6,0.2,3,True,A,0.5,nogood,8,0.15,,,,,,101,0,True,4.877635441787073,188276.72805298102,27700.0,135810.29810298103,24766.42995,0.0,188276.72805298102,0,0.0,0,0.0,14,5,amoniaco|liquido,1.4662569259999145,50,4080,50,0,,2026-09-04T08:18:26,2e0eedb823
E06_NG,Calibracion combinada de tamano de poblacion y generaciones,medium,8,18,34,3,38600.0,N=80_G=50,80,50,,0.6,0.2,3,True,A,0.5,nogood,8,0.15,,,,,,202,1,True,4.727704719069885,182489.40215609755,32100.0,126975.60975609756,23413.792400000006,0.0,182489.40215609755,0,0.0,0,0.0,16,6,liquido,1.611110944999382,50,4080,50,0,,2026-09-04T08:18:28,2e0eedb823
E06_NG,Calibracion combinada de tamano de poblacion y generaciones,medium,8,18,34,3,38600.0,N=80_G=50,80,50,,0.6,0.2,3,True,A,0.5,nogood,8,0.15,,,,,,303,2,True,4.73100101323771,182616.6391109756,27200.0,129756.09756097561,25660.541550000005,0.0,182616.6391109756,0,0.0,0,0.0,15,5,liquido,1.6452587960002347,50,4080,49,1,,2026-09-04T08:18:29,2e0eedb823
E06_NG,Calibracion combinada de tamano de poblacion y generaciones,medium,8,18,34,3,38600.0,N=80_G=50,80,50,,0.6,0.2,3,True,A,0.5,nogood,8,0.15,,,,,,404,3,True,4.765218129912802,183937.41981463417,32900.0,129341.46341463416,21695.9564,0.0,183937.41981463417,0,0.0,0,0.0,15,6,liquido,2.8350193509995734,50,4080,47,3,,2026-09-04T08:18:32,2e0eedb823
E06_NG,Calibracion combinada de tamano de poblacion y generaciones,medium,8,18,34,3,38600.0,N=80_G=50,80,50,,0.6,0.2,3,True,A,0.5,nogood,8,0.15,,,,,,505,4,True,4.711112779887526,181848.95330365852,27400.0,129585.36585365854,24863.587450000003,0.0,181848.95330365852,0,0.0,0,0.0,16,5,liquido,2.3862244740003007,50,4080,44,6,,2026-09-04T08:18:35,2e0eedb823
E06_NG,Calibracion combinada de tamano de poblacion y generaciones,medium,8,18,34,3,38600.0,N=80_G=50,80,50,,0.6,0.2,3,True,A,0.5,nogood,8,0.15,,,,,,606,5,True,4.797424070895994,185180.56913658537,27200.0,128853.65853658537,29126.910599999992,0.0,185180.56913658537,0,0.0,0,0.0,15,5,liquido,1.5590475130002233,50,4080,47,3,,2026-09-04T08:18:36,2e0eedb823
E06_NG,Calibracion combinada de tamano de poblacion y generaciones,medium,8,18,34,3,38600.0,N=80_G=50,80,50,,0.6,0.2,3,True,A,0.5,nogood,8,0.15,,,,,,707,6,True,4.859910564191134,187592.54777777777,32900.0,131777.77777777778,22914.770000000004,0.0,187592.54777777777,0,0.0,0,0.0,15,6,amoniaco|liquido,1.4682001749997653,50,4080,47,3,,2026-09-04T08:18:38,2e0eedb823
E06_NG,Calibracion combinada de tamano de poblacion y generaciones,medium,8,18,34,3,38600.0,N=80_G=50,80,50,,0.6,0.2,3,True,A,0.5,nogood,8,0.15,,,,,,808,7,True,4.719117993270568,182157.95454024393,26900.0,128439.02439024391,26818.930150000004,0.0,182157.95454024393,0,0.0,0,0.0,15,5,liquido,1.5620723140000337,50,4080,50,0,,2026-09-04T08:18:39,2e0eedb823
E06_NG,Calibracion combinada de tamano de poblacion y generaciones,medium,8,18,34,3,38600.0,N=80_G=50,80,50,,0.6,0.2,3,True,A,0.5,nogood,8,0.15,,,,,,909,8,True,4.7073562906293445,181703.9528182927,27400.0,130926.8292682927,23377.123549999997,0.0,181703.9528182927,0,0.0,0,0.0,14,5,liquido,1.4786392779997186,50,4080,40,10,,2026-09-04T08:18:41,2e0eedb823
E06_NG,Calibracion combinada de tamano de poblacion y generaciones,medium,8,18,34,3,38600.0,N=80_G=50,80,50,,0.6,0.2,3,True,A,0.5,nogood,8,0.15,,,,,,1010,9,True,4.824911901729925,186241.5994067751,27700.0,134750.67750677507,23790.9219,0.0,186241.5994067751,0,0.0,0,0.0,14,5,amoniaco|liquido,1.6119164290003027,50,4080,49,1,,2026-09-04T08:18:42,2e0eedb823
E06_NG,Calibracion combinada de tamano de poblacion y generaciones,medium,8,18,34,3,38600.0,N=80_G=50,80,50,,0.6,0.2,3,True,A,0.5,nogood,8,0.15,,,,,,1111,10,True,4.662025507266525,179954.18458048784,27700.0,130878.04878048782,21376.135800000007,0.0,179954.18458048784,0,0.0,0,0.0,15,5,liquido,1.5018726430007519,50,4080,49,1,,2026-09-04T08:18:44,2e0eedb823
E06_NG,Calibracion combinada de tamano de poblacion y generaciones,medium,8,18,34,3,38600.0,N=80_G=50,80,50,,0.6,0.2,3,True,A,0.5,nogood,8,0.15,,,,,,1212,11,True,4.816953659417695,185934.41125352305,22000.0,134730.35230352305,29204.058949999995,0.0,185934.41125352305,0,0.0,0,0.0,12,4,amoniaco|liquido,2.5865852309998445,50,4080,49,1,,2026-09-04T08:18:46,2e0eedb823
E06_NG,Calibracion combinada de tamano de poblacion y generaciones,medium,8,18,34,3,38600.0,N=80_G=50,80,50,,0.6,0.2,3,True,A,0.5,nogood,8,0.15,,,,,,1313,12,True,4.936891318512434,190564.00489457996,32400.0,132049.45799457995,26114.546900000005,0.0,190564.00489457996,0,0.0,0,0.0,13,6,amoniaco|liquido,2.5986319160001585,50,4080,50,0,,2026-09-04T08:18:49,2e0eedb823
E06_NG,Calibracion combinada de tamano de poblacion y generaciones,medium,8,18,34,3,38600.0,N=80_G=50,80,50,,0.6,0.2,3,True,A,0.5,nogood,8,0.15,,,,,,1414,13,True,4.826635757224398,186308.14022886177,27700.0,137867.88617886178,20740.25405,0.0,186308.14022886177,0,0.0,0,0.0,11,5,amoniaco|liquido,1.4266941020005106,50,4080,48,2,,2026-09-04T08:18:50,2e0eedb823
E06_NG,Calibracion combinada de tamano de poblacion y generaciones,medium,8,18,34,3,38600.0,N=80_G=50,80,50,,0.6,0.2,3,True,A,0.5,nogood,8,0.15,,,,,,1515,14,True,4.705733777244197,181641.32380162601,26900.0,129260.16260162603,25481.161200000013,0.0,181641.32380162601,0,0.0,0,0.0,18,5,amoniaco|liquido,1.559309360000043,50,4080,50,0,,2026-09-04T08:18:52,2e0eedb823
E06_NG,Calibracion combinada de tamano de poblacion y generaciones,medium,8,18,34,3,38600.0,N=80_G=50,80,50,,0.6,0.2,3,True,A,0.5,nogood,8,0.15,,,,,,1616,15,True,4.764484221481529,183909.090949187,27200.0,132869.918699187,23839.172250000007,0.0,183909.090949187,0,0.0,0,0.0,15,5,amoniaco|liquido,1.5623323589998108,50,4080,49,1,,2026-09-04T08:18:54,2e0eedb823
E06_NG,Calibracion combinada de tamano de poblacion y generaciones,medium,8,18,34,3,38600.0,N=80_G=50,80,50,,0.6,0.2,3,True,A,0.5,nogood,8,0.15,,,,,,1717,16,True,4.8471731498694135,187100.88358495937,32600.0,132593.49593495936,21907.387650000004,0.0,187100.88358495937,0,0.0,0,0.0,14,6,amoniaco|liquido,1.4746231680001074,50,4080,49,1,,2026-09-04T08:18:55,2e0eedb823
E06_NG,Calibracion combinada de tamano de poblacion y generaciones,medium,8,18,34,3,38600.0,N=80_G=50,80,50,,0.6,0.2,3,True,A,0.5,nogood,8,0.15,,,,,,1818,17,True,4.830573675312777,186460.14386707317,26600.0,126731.70731707317,33128.43655,0.0,186460.14386707317,0,0.0,0,0.0,15,5,liquido,1.5292200939993563,50,4080,31,19,,2026-09-04T08:18:57,2e0eedb823
E06_NG,Calibracion combinada de tamano de poblacion y generaciones,medium,8,18,34,3,38600.0,N=80_G=50,80,50,,0.6,0.2,3,True,A,0.5,nogood,8,0.15,,,,,,1919,18,True,4.755162913156269,183549.288447832,27200.0,132319.78319783197,24029.505250000002,0.0,183549.288447832,0,0.0,0,0.0,14,5,amoniaco|liquido,1.4654687580004975,50,4080,46,4,,2026-09-04T08:18:58,2e0eedb823
E06_NG,Calibracion combinada de tamano de poblacion y generaciones,medium,8,18,34,3,38600.0,N=80_G=50,80,50,,0.6,0.2,3,True,A,0.5,nogood,8,0.15,,,,,,2020,19,True,4.676887050897258,180527.84016463414,26600.0,126341.46341463414,27586.376750000007,0.0,180527.84016463414,0,0.0,0,0.0,15,5,liquido,2.3892618090003452,50,4080,50,0,,2026-09-04T08:19:00,2e0eedb823
E06_NG,Calibracion combinada de tamano de poblacion y generaciones,medium,8,18,34,3,38600.0,N=80_G=100,80,100,,0.6,0.2,3,True,A,0.5,nogood,8,0.15,,,,,,101,0,True,4.792369612771529,184985.46705298102,27700.0,135810.29810298103,21475.168950000003,0.0,184985.46705298102,0,0.0,0,0.0,14,5,amoniaco|liquido,4.296616863000054,100,8080,91,9,,2026-09-04T08:19:05,588ab987cf
E06_NG,Calibracion combinada de tamano de poblacion y generaciones,medium,8,18,34,3,38600.0,N=80_G=100,80,100,,0.6,0.2,3,True,A,0.5,nogood,8,0.15,,,,,,202,1,True,4.611520804972829,178004.70307195123,26900.0,127512.19512195123,23592.507950000007,0.0,178004.70307195123,0,0.0,0,0.0,15,5,liquido,3.1295257450001372,100,8080,91,9,,2026-09-04T08:19:08,588ab987cf
E06_NG,Calibracion combinada de tamano de poblacion y generaciones,medium,8,18,34,3,38600.0,N=80_G=100,80,100,,0.6,0.2,3,True,A,0.5,nogood,8,0.15,,,,,,303,2,True,4.562413465942121,176109.15978536586,22000.0,131658.53658536586,22450.6232,0.0,176109.15978536586,0,0.0,0,0.0,14,4,liquido,3.1248806429994147,100,8080,100,0,,2026-09-04T08:19:11,588ab987cf
E06_NG,Calibracion combinada de tamano de poblacion y generaciones,medium,8,18,34,3,38600.0,N=80_G=100,80,100,,0.6,0.2,3,True,A,0.5,nogood,8,0.15,,,,,,404,3,True,4.526047667414381,174705.43996219512,27700.0,130951.21951219512,16054.220450000003,0.0,174705.43996219512,0,0.0,0,0.0,15,5,liquido,3.7305184679999,100,8080,90,10,,2026-09-04T08:19:15,588ab987cf
E06_NG,Calibracion combinada de tamano de poblacion y generaciones,medium,8,18,34,3,38600.0,N=80_G=100,80,100,,0.6,0.2,3,True,A,0.5,nogood,8,0.15,,,,,,505,4,True,4.644761038291419,179287.77607804877,27400.0,130487.80487804879,21399.9712,0.0,179287.77607804877,0,0.0,0,0.0,16,5,liquido,4.550239294999301,100,8080,79,21,,2026-09-04T08:19:19,588ab987cf
E06_NG,Calibracion combinada de tamano de poblacion y generaciones,medium,8,18,34,3,38600.0,N=80_G=100,80,100,,0.6,0.2,3,True,A,0.5,nogood,8,0.15,,,,,,606,5,True,4.659920409389612,179872.92780243902,27200.0,130390.24390243902,22282.683899999996,0.0,179872.92780243902,0,0.0,0,0.0,16,5,liquido,3.1278322090001893,100,8080,99,1,,2026-09-04T08:19:22,588ab987cf
E06_NG,Calibracion combinada de tamano de poblacion y generaciones,medium,8,18,34,3,38600.0,N=80_G=100,80,100,,0.6,0.2,3,True,A,0.5,nogood,8,0.15,,,,,,707,6,True,4.681334502843423,180699.5118097561,26900.0,128560.9756097561,25238.536200000002,0.0,180699.5118097561,0,0.0,0,0.0,17,5,liquido,3.0748443679995034,100,8080,91,9,,2026-09-04T08:19:25,588ab987cf
E06_NG,Calibracion combinada de tamano de poblacion y generaciones,medium,8,18,34,3,38600.0,N=80_G=100,80,100,,0.6,0.2,3,True,A,0.5,nogood,8,0.15,,,,,,808,7,True,4.592416720807532,177267.28542317075,26900.0,128707.31707317074,21659.968350000003,0.0,177267.28542317075,0,0.0,0,0.0,15,5,liquido,3.3793931989994235,100,8080,93,7,,2026-09-04T08:19:29,588ab987cf
E06_NG,Calibracion combinada de tamano de poblacion y generaciones,medium,8,18,34,3,38600.0,N=80_G=100,80,100,,0.6,0.2,3,True,A,0.5,nogood,8,0.15,,,,,,909,8,True,4.662197402723367,179960.81974512196,27400.0,129219.51219512196,23341.307549999998,0.0,179960.81974512196,0,0.0,0,0.0,15,5,liquido,4.707729583999935,100,8080,61,39,,2026-09-04T08:19:34,588ab987cf
E06_NG,Calibracion combinada de tamano de poblacion y generaciones,medium,8,18,34,3,38600.0,N=80_G=100,80,100,,0.6,0.2,3,True,A,0.5,nogood,8,0.15,,,,,,1010,9,True,4.815149568112249,185864.7733291328,27700.0,134327.9132791328,23836.86005,0.0,185864.7733291328,0,0.0,0,0.0,14,5,amoniaco|liquido,3.0695031440000093,100,8080,51,49,,2026-09-04T08:19:37,588ab987cf
E06_NG,Calibracion combinada de tamano de poblacion y generaciones,medium,8,18,34,3,38600.0,N=80_G=100,80,100,,0.6,0.2,3,True,A,0.5,nogood,8,0.15,,,,,,1111,10,True,4.654245682136989,179653.8833304878,27700.0,130878.0487804878,21075.83455,0.0,179653.8833304878,0,0.0,0,0.0,16,5,liquido,3.1036373549995915,100,8080,85,15,,2026-09-04T08:19:40,588ab987cf
E06_NG,Calibracion combinada de tamano de poblacion y generaciones,medium,8,18,34,3,38600.0,N=80_G=100,80,100,,0.6,0.2,3,True,A,0.5,nogood,8,0.15,,,,,,1212,11,True,4.788772076424871,184846.60215,22000.0,132000.0,30846.60215,0.0,184846.60215,0,0.0,0,0.0,14,4,liquido,2.9776440860005096,100,8080,75,25,,2026-09-04T08:19:43,588ab987cf
E06_NG,Calibracion combinada de tamano de poblacion y generaciones,medium,8,18,34,3,38600.0,N=80_G=100,80,100,,0.6,0.2,3,True,A,0.5,nogood,8,0.15,,,,,,1313,12,True,4.6802714140022745,180658.4765804878,32400.0,126878.0487804878,21380.427800000005,0.0,180658.4765804878,0,0.0,0,0.0,15,6,liquido,5.220574027999646,100,8080,97,3,,2026-09-04T08:19:48,588ab987cf
E06_NG,Calibracion combinada de tamano de poblacion y generaciones,medium,8,18,34,3,38600.0,N=80_G=100,80,100,,0.6,0.2,3,True,A,0.5,nogood,8,0.15,,,,,,1414,13,True,4.784884926004325,184696.55814376695,27700.0,137169.37669376694,19827.181450000004,0.0,184696.55814376695,0,0.0,0,0.0,12,5,amoniaco|liquido,2.916134349999993,100,8080,89,11,,2026-09-04T08:19:51,588ab987cf
E06_NG,Calibracion combinada de tamano de poblacion y generaciones,medium,8,18,34,3,38600.0,N=80_G=100,80,100,,0.6,0.2,3,True,A,0.5,nogood,8,0.15,,,,,,1515,14,True,4.557893788133452,175934.70022195124,26900.0,128512.19512195123,20522.5051,0.0,175934.70022195124,0,0.0,0,0.0,15,5,liquido,3.178129302999878,100,8080,97,3,,2026-09-04T08:19:54,588ab987cf
E06_NG,Calibracion combinada de tamano de poblacion y generaciones,medium,8,18,34,3,38600.0,N=80_G=100,80,100,,0.6,0.2,3,True,A,0.5,nogood,8,0.15,,,,,,1616,15,True,4.6090506716795145,177909.35592682927,27200.0,129292.68292682926,21416.672999999995,0.0,177909.35592682927,0,0.0,0,0.0,15,5,liquido,2.9628792880002948,100,8080,96,4,,2026-09-04T08:19:57,588ab987cf
E06_NG,Calibracion combinada de tamano de poblacion y generaciones,medium,8,18,34,3,38600.0,N=80_G=100,80,100,,0.6,0.2,3,True,A,0.5,nogood,8,0.15,,,,,,1717,16,True,4.751480743035371,183407.15668116533,32600.0,131653.11653116532,19154.040150000004,0.0,183407.15668116533,0,0.0,0,0.0,15,6,amoniaco|liquido,5.203126702000191,100,8080,96,4,,2026-09-04T08:20:02,588ab987cf
E06_NG,Calibracion combinada de tamano de poblacion y generaciones,medium,8,18,34,3,38600.0,N=80_G=100,80,100,,0.6,0.2,3,True,A,0.5,nogood,8,0.15,,,,,,1818,17,True,4.823472550960445,186186.04046707318,26600.0,126731.70731707317,32854.33315,0.0,186186.04046707318,0,0.0,0,0.0,15,5,liquido,3.034534371000518,100,8080,52,48,,2026-09-04T08:20:05,588ab987cf
E06_NG,Calibracion combinada de tamano de poblacion y generaciones,medium,8,18,34,3,38600.0,N=80_G=100,80,100,,0.6,0.2,3,True,A,0.5,nogood,8,0.15,,,,,,1919,18,True,4.567306734575312,176298.03995460705,27200.0,133070.46070460705,16027.579249999999,0.0,176298.03995460705,0,0.0,0,0.0,14,5,amoniaco|liquido,2.968599089000236,100,8080,98,2,,2026-09-04T08:20:08,588ab987cf
E06_NG,Calibracion combinada de tamano de poblacion y generaciones,medium,8,18,34,3,38600.0,N=80_G=100,80,100,,0.6,0.2,3,True,A,0.5,nogood,8,0.15,,,,,,2020,19,True,4.676810510741817,180524.88571463415,26600.0,126341.46341463414,27583.42230000001,0.0,180524.88571463415,0,0.0,0,0.0,15,5,liquido,3.09376888099996,100,8080,59,41,,2026-09-04T08:20:11,588ab987cf
E06_NG,Calibracion combinada de tamano de poblacion y generaciones,medium,8,18,34,3,38600.0,N=80_G=200,80,200,,0.6,0.2,3,True,A,0.5,nogood,8,0.15,,,,,,101,0,True,4.754770662773636,183534.14758306235,27700.0,135623.30623306235,20210.841350000002,0.0,183534.14758306235,0,0.0,0,0.0,13,5,amoniaco|liquido,8.052553706000253,200,16080,200,0,,2026-09-04T08:20:19,48a51c0094
E06_NG,Calibracion combinada de tamano de poblacion y generaciones,medium,8,18,34,3,38600.0,N=80_G=200,80,200,,0.6,0.2,3,True,A,0.5,nogood,8,0.15,,,,,,202,1,True,4.511119219828131,174129.20188536585,26900.0,127658.53658536586,19570.6653,0.0,174129.20188536585,0,0.0,0,0.0,15,5,liquido,6.118914513999698,200,16080,172,28,,2026-09-04T08:20:26,48a51c0094
E06_NG,Calibracion combinada de tamano de poblacion y generaciones,medium,8,18,34,3,38600.0,N=80_G=200,80,200,,0.6,0.2,3,True,A,0.5,nogood,8,0.15,,,,,,303,2,True,4.542622348066473,175345.22263536585,22000.0,131658.53658536586,21686.68605,0.0,175345.22263536585,0,0.0,0,0.0,14,4,liquido,8.300835422000091,200,16080,170,30,,2026-09-04T08:20:34,48a51c0094
E06_NG,Calibracion combinada de tamano de poblacion y generaciones,medium,8,18,34,3,38600.0,N=80_G=200,80,200,,0.6,0.2,3,True,A,0.5,nogood,8,0.15,,,,,,404,3,True,4.523136383577658,174593.06440609758,27700.0,131975.60975609758,14917.454650000001,0.0,174593.06440609758,0,0.0,0,0.0,15,5,liquido,6.09567752699968,200,16080,179,21,,2026-09-04T08:20:40,48a51c0094
E06_NG,Calibracion combinada de tamano de poblacion y generaciones,medium,8,18,34,3,38600.0,N=80_G=200,80,200,,0.6,0.2,3,True,A,0.5,nogood,8,0.15,,,,,,505,4,True,4.633160363168204,178839.99001829268,27400.0,130926.8292682927,20513.160749999995,0.0,178839.99001829268,0,0.0,0,0.0,15,5,liquido,8.307243643999755,200,16080,128,72,,2026-09-04T08:20:48,48a51c0094
E06_NG,Calibracion combinada de tamano de poblacion y generaciones,medium,8,18,34,3,38600.0,N=80_G=200,80,200,,0.6,0.2,3,True,A,0.5,nogood,8,0.15,,,,,,606,5,True,4.55713590787312,175905.44604390246,27200.0,130024.39024390244,18681.0558,0.0,175905.44604390246,0,0.0,0,0.0,15,5,liquido,6.09547976399972,200,16080,146,54,,2026-09-04T08:20:54,48a51c0094
E06_NG,Calibracion combinada de tamano de poblacion y generaciones,medium,8,18,34,3,38600.0,N=80_G=200,80,200,,0.6,0.2,3,True,A,0.5,nogood,8,0.15,,,,,,707,6,True,4.412275500031593,170313.8343012195,26900.0,128195.12195121951,15218.712350000002,0.0,170313.8343012195,0,0.0,0,0.0,16,5,liquido,8.22224730599919,200,16080,182,18,,2026-09-04T08:21:03,48a51c0094
E06_NG,Calibracion combinada de tamano de poblacion y generaciones,medium,8,18,34,3,38600.0,N=80_G=200,80,200,,0.6,0.2,3,True,A,0.5,nogood,8,0.15,,,,,,808,7,True,4.38811204015544,169381.12475,26900.0,128000.00000000001,14481.124749999999,0.0,169381.12475,0,0.0,0,0.0,15,5,liquido,6.1743123209998885,200,16080,189,11,,2026-09-04T08:21:09,48a51c0094
E06_NG,Calibracion combinada de tamano de poblacion y generaciones,medium,8,18,34,3,38600.0,N=80_G=200,80,200,,0.6,0.2,3,True,A,0.5,nogood,8,0.15,,,,,,909,8,True,4.598166271199292,177489.21806829268,27400.0,130926.8292682927,19162.388799999997,0.0,177489.21806829268,0,0.0,0,0.0,15,5,liquido,8.10423375299979,200,16080,163,37,,2026-09-04T08:21:17,48a51c0094
E06_NG,Calibracion combinada de tamano de poblacion y generaciones,medium,8,18,34,3,38600.0,N=80_G=200,80,200,,0.6,0.2,3,True,A,0.5,nogood,8,0.15,,,,,,1010,9,True,4.748845319081118,183305.42931653117,27700.0,136311.65311653118,19293.776200000004,0.0,183305.42931653117,0,0.0,0,0.0,14,5,amoniaco|liquido,5.987000267999974,200,16080,200,0,,2026-09-04T08:21:23,48a51c0094
E06_NG,Calibracion combinada de tamano de poblacion y generaciones,medium,8,18,34,3,38600.0,N=80_G=200,80,200,,0.6,0.2,3,True,A,0.5,nogood,8,0.15,,,,,,1111,10,True,4.619469587324656,178311.52607073172,27700.0,131317.07317073172,19294.4529,0.0,178311.52607073172,0,0.0,0,0.0,16,5,liquido,8.354774317000192,200,16080,126,74,,2026-09-04T08:21:31,48a51c0094
E06_NG,Calibracion combinada de tamano de poblacion y generaciones,medium,8,18,34,3,38600.0,N=80_G=200,80,200,,0.6,0.2,3,True,A,0.5,nogood,8,0.15,,,,,,1212,11,True,4.73652103168836,182829.7118231707,22000.0,131707.31707317074,29122.394749999992,0.0,182829.7118231707,0,0.0,0,0.0,14,4,liquido,5.836696739000217,200,16080,138,62,,2026-09-04T08:21:37,48a51c0094
E06_NG,Calibracion combinada de tamano de poblacion y generaciones,medium,8,18,34,3,38600.0,N=80_G=200,80,200,,0.6,0.2,3,True,A,0.5,nogood,8,0.15,,,,,,1313,12,True,4.552101594970302,175711.12156585365,26600.0,126536.58536585365,22574.5362,0.0,175711.12156585365,0,0.0,0,0.0,14,5,liquido,8.20384775599996,200,16080,135,65,,2026-09-04T08:21:45,48a51c0094
E06_NG,Calibracion combinada de tamano de poblacion y generaciones,medium,8,18,34,3,38600.0,N=80_G=200,80,200,,0.6,0.2,3,True,A,0.5,nogood,8,0.15,,,,,,1414,13,True,4.6756076111181315,180478.4537891599,27700.0,136598.9159891599,16179.537800000002,0.0,180478.4537891599,0,0.0,0,0.0,13,5,amoniaco|liquido,5.741360977999648,200,16080,168,32,,2026-09-04T08:21:51,48a51c0094
E06_NG,Calibracion combinada de tamano de poblacion y generaciones,medium,8,18,34,3,38600.0,N=80_G=200,80,200,,0.6,0.2,3,True,A,0.5,nogood,8,0.15,,,,,,1515,14,True,4.451389265070137,171823.6256317073,26900.0,128073.17073170732,16850.4549,0.0,171823.6256317073,0,0.0,0,0.0,15,5,liquido,8.50711088099979,200,16080,152,48,,2026-09-04T08:22:00,48a51c0094
E06_NG,Calibracion combinada de tamano de poblacion y generaciones,medium,8,18,34,3,38600.0,N=80_G=200,80,200,,0.6,0.2,3,True,A,0.5,nogood,8,0.15,,,,,,1616,15,True,4.47893282544547,172886.80706219512,27200.0,129951.21951219512,15735.58755,0.0,172886.80706219512,0,0.0,0,0.0,15,5,liquido,6.0275109229996815,200,16080,198,2,,2026-09-04T08:22:06,48a51c0094
E06_NG,Calibracion combinada de tamano de poblacion y generaciones,medium,8,18,34,3,38600.0,N=80_G=200,80,200,,0.6,0.2,3,True,A,0.5,nogood,8,0.15,,,,,,1717,16,True,4.736423649802716,182825.95288238482,32600.0,130848.23848238483,19377.7144,0.0,182825.95288238482,0,0.0,0,0.0,14,6,amoniaco|liquido,7.8907171119999475,200,16080,143,57,,2026-09-04T08:22:13,48a51c0094
E06_NG,Calibracion combinada de tamano de poblacion y generaciones,medium,8,18,34,3,38600.0,N=80_G=200,80,200,,0.6,0.2,3,True,A,0.5,nogood,8,0.15,,,,,,1818,17,True,4.823472550960445,186186.04046707318,26600.0,126731.70731707317,32854.33315,0.0,186186.04046707318,0,0.0,0,0.0,15,5,liquido,6.341268958000001,200,16080,52,148,,2026-09-04T08:22:20,48a51c0094
E06_NG,Calibracion combinada de tamano de poblacion y generaciones,medium,8,18,34,3,38600.0,N=80_G=200,80,200,,0.6,0.2,3,True,A,0.5,nogood,8,0.15,,,,,,1919,18,True,4.543505659870537,175379.3184710027,27200.0,132027.1002710027,16152.218200000001,0.0,175379.3184710027,0,0.0,0,0.0,14,5,amoniaco|liquido,7.2234759389994,200,16080,166,34,,2026-09-04T08:22:27,48a51c0094
E06_NG,Calibracion combinada de tamano de poblacion y generaciones,medium,8,18,34,3,38600.0,N=80_G=200,80,200,,0.6,0.2,3,True,A,0.5,nogood,8,0.15,,,,,,2020,19,True,4.676810510741817,180524.88571463415,26600.0,126341.46341463414,27583.42230000001,0.0,180524.88571463415,0,0.0,0,0.0,15,5,liquido,6.955243729999893,200,16080,59,141,,2026-09-04T08:22:34,48a51c0094
E06_NG,Calibracion combinada de tamano de poblacion y generaciones,large,12,30,55,3,53000.0,N=20_G=50,20,50,,0.6,0.2,3,True,A,0.5,nogood,8,0.15,,,,,,101,0,True,5.161110005149053,273538.83027289977,43600.0,184497.28997289974,45441.540300000015,0.0,273538.83027289977,0,0.0,0,0.0,19,8,amoniaco|liquido,0.6071077550004702,50,1020,49,1,,2026-09-04T08:22:35,44407fc9fe
E06_NG,Calibracion combinada de tamano de poblacion y generaciones,large,12,30,55,3,53000.0,N=20_G=50,20,50,,0.6,0.2,3,True,A,0.5,nogood,8,0.15,,,,,,202,1,True,5.243266451682262,277893.1219391599,43900.0,184098.9159891599,49894.20594999998,0.0,277893.1219391599,0,0.0,0,0.0,19,8,amoniaco|liquido,0.5880837220001922,50,1020,45,5,,2026-09-04T08:22:35,44407fc9fe
E06_NG,Calibracion combinada de tamano de poblacion y generaciones,large,12,30,55,3,53000.0,N=20_G=50,20,50,,0.6,0.2,3,True,A,0.5,nogood,8,0.15,,,,,,303,2,True,5.441810447711817,288415.9537287263,49500.0,188262.8726287263,50653.08110000001,0.0,288415.9537287263,0,0.0,0,0.0,22,9,amoniaco|liquido,0.6543773350003903,50,1020,47,3,,2026-09-04T08:22:36,44407fc9fe
E06_NG,Calibracion combinada de tamano de poblacion y generaciones,large,12,30,55,3,53000.0,N=20_G=50,20,50,,0.6,0.2,3,True,A,0.5,nogood,8,0.15,,,,,,404,3,True,5.356278407692899,283882.7556077236,50100.0,200985.7723577236,32796.983250000005,0.0,283882.7556077236,0,0.0,0,0.0,13,9,amoniaco|liquido,0.5522395950001737,50,1020,50,0,,2026-09-04T08:22:36,44407fc9fe
E06_NG,Calibracion combinada de tamano de poblacion y generaciones,large,12,30,55,3,53000.0,N=20_G=50,20,50,,0.6,0.2,3,True,A,0.5,nogood,8,0.15,,,,,,505,4,True,5.1571191126450895,273327.3129701897,38200.0,191897.0189701897,43230.293999999994,0.0,273327.3129701897,0,0.0,0,0.0,17,7,amoniaco|liquido,0.6062958389993582,50,1020,47,3,,2026-09-04T08:22:37,44407fc9fe
E06_NG,Calibracion combinada de tamano de poblacion y generaciones,large,12,30,55,3,53000.0,N=20_G=50,20,50,,0.6,0.2,3,True,A,0.5,nogood,8,0.15,,,,,,606,5,True,5.33259467174669,282627.51760257455,49200.0,189245.25745257453,44182.260149999995,0.0,282627.51760257455,0,0.0,0,0.0,18,9,amoniaco|liquido,0.5683702100004666,50,1020,48,2,,2026-09-04T08:22:38,44407fc9fe
E06_NG,Calibracion combinada de tamano de poblacion y generaciones,large,12,30,55,3,53000.0,N=20_G=50,20,50,,0.6,0.2,3,True,A,0.5,nogood,8,0.15,,,,,,707,6,True,5.3974708266835405,286065.95381422766,44800.0,191526.42276422764,49739.531050000005,0.0,286065.95381422766,0,0.0,0,0.0,20,8,amoniaco|liquido,0.6311772310000379,50,1020,49,1,,2026-09-04T08:22:38,44407fc9fe
E06_NG,Calibracion combinada de tamano de poblacion y generaciones,large,12,30,55,3,53000.0,N=20_G=50,20,50,,0.6,0.2,3,True,A,0.5,nogood,8,0.15,,,,,,808,7,True,5.3890612366518384,285620.24554254743,49700.0,187724.25474254743,48195.99079999999,0.0,285620.24554254743,0,0.0,0,0.0,19,9,amoniaco|liquido,0.5905668670002342,50,1020,48,2,,2026-09-04T08:22:39,44407fc9fe
E06_NG,Calibracion combinada de tamano de poblacion y generaciones,large,12,30,55,3,53000.0,N=20_G=50,20,50,,0.6,0.2,3,True,A,0.5,nogood,8,0.15,,,,,,909,8,True,5.29984350695659,280891.70586869924,44300.0,184991.8699186992,51599.83595000001,0.0,280891.70586869924,0,0.0,0,0.0,21,8,amoniaco|liquido,1.0167655309996917,50,1020,50,0,,2026-09-04T08:22:40,44407fc9fe
E06_NG,Calibracion combinada de tamano de poblacion y generaciones,large,12,30,55,3,53000.0,N=20_G=50,20,50,,0.6,0.2,3,True,A,0.5,nogood,8,0.15,,,,,,1010,9,True,5.422427393383443,287388.6518493225,49200.0,183724.9322493225,54463.7196,0.0,287388.6518493225,0,0.0,0,0.0,22,9,amoniaco|liquido,1.2138831029997164,50,1020,50,0,,2026-09-04T08:22:41,44407fc9fe
E06_NG,Calibracion combinada de tamano de poblacion y generaciones,large,12,30,55,3,53000.0,N=20_G=50,20,50,,0.6,0.2,3,True,A,0.5,nogood,8,0.15,,,,,,1111,10,True,5.1589621853096075,273424.9958214092,38800.0,193592.1409214092,41032.854900000006,0.0,273424.9958214092,0,0.0,0,0.0,17,7,amoniaco|liquido,1.038429645999713,50,1020,48,2,,2026-09-04T08:22:42,44407fc9fe
E06_NG,Calibracion combinada de tamano de poblacion y generaciones,large,12,30,55,3,53000.0,N=20_G=50,20,50,,0.6,0.2,3,True,A,0.5,nogood,8,0.15,,,,,,1212,11,True,5.113798743368105,271031.33339850954,44800.0,189344.8509485095,36886.48245000001,0.0,271031.33339850954,0,0.0,0,0.0,17,8,amoniaco|liquido,1.0249943250000797,50,1020,50,0,,2026-09-04T08:22:43,44407fc9fe
E06_NG,Calibracion combinada de tamano de poblacion y generaciones,large,12,30,55,3,53000.0,N=20_G=50,20,50,,0.6,0.2,3,True,A,0.5,nogood,8,0.15,,,,,,1313,12,True,5.256252515252851,278581.3833084011,39300.0,188010.8401084011,51270.543200000015,0.0,278581.3833084011,0,0.0,0,0.0,21,7,amoniaco|liquido,0.8274566469999627,50,1020,50,0,,2026-09-04T08:22:44,44407fc9fe
E06_NG,Calibracion combinada de tamano de poblacion y generaciones,large,12,30,55,3,53000.0,N=20_G=50,20,50,,0.6,0.2,3,True,A,0.5,nogood,8,0.15,,,,,,1414,13,True,5.103863686242778,270504.7753708672,38800.0,197672.0867208672,34032.68865,0.0,270504.7753708672,0,0.0,0,0.0,15,7,amoniaco|liquido,0.597082711999974,50,1020,50,0,,2026-09-04T08:22:45,44407fc9fe
E06_NG,Calibracion combinada de tamano de poblacion y generaciones,large,12,30,55,3,53000.0,N=20_G=50,20,50,,0.6,0.2,3,True,A,0.5,nogood,8,0.15,,,,,,1515,14,False,,270727.1256182754,38500.0,181487.8913682754,50739.23425000001,2000000.0,2270727.1256182753,0,200.0,0,0.0,26,7,amoniaco|comprimido|liquido,0.6150692499995785,50,1020,50,0,,2026-09-04T08:22:45,44407fc9fe
E06_NG,Calibracion combinada de tamano de poblacion y generaciones,large,12,30,55,3,53000.0,N=20_G=50,20,50,,0.6,0.2,3,True,A,0.5,nogood,8,0.15,,,,,,1616,15,True,5.441393449509127,288393.85282398376,44800.0,196337.39837398374,47256.45445,0.0,288393.85282398376,0,0.0,0,0.0,16,8,amoniaco|liquido,0.5964389009996012,50,1020,50,0,,2026-09-04T08:22:46,44407fc9fe
E06_NG,Calibracion combinada de tamano de poblacion y generaciones,large,12,30,55,3,53000.0,N=20_G=50,20,50,,0.6,0.2,3,True,A,0.5,nogood,8,0.15,,,,,,1717,16,True,5.231431510781307,277265.87007140927,49700.0,186092.14092140924,41473.72915000001,0.0,277265.87007140927,0,0.0,0,0.0,18,9,amoniaco|liquido,0.6008325819993843,50,1020,48,2,,2026-09-04T08:22:46,44407fc9fe
E06_NG,Calibracion combinada de tamano de poblacion y generaciones,large,12,30,55,3,53000.0,N=20_G=50,20,50,,0.6,0.2,3,True,A,0.5,nogood,8,0.15,,,,,,1818,17,True,5.170630162414993,274043.3986079946,43400.0,185945.79945799458,44697.59915,0.0,274043.3986079946,0,0.0,0,0.0,17,8,amoniaco|liquido,0.6388693360004254,50,1020,45,5,,2026-09-04T08:22:47,44407fc9fe
E06_NG,Calibracion combinada de tamano de poblacion y generaciones,large,12,30,55,3,53000.0,N=20_G=50,20,50,,0.6,0.2,3,True,A,0.5,nogood,8,0.15,,,,,,1919,18,True,5.361530604908729,284161.1220601626,49500.0,187126.0162601626,47535.10579999999,0.0,284161.1220601626,0,0.0,0,0.0,18,9,amoniaco|liquido,0.6121415150000757,50,1020,48,2,,2026-09-04T08:22:48,44407fc9fe
E06_NG,Calibracion combinada de tamano de poblacion y generaciones,large,12,30,55,3,53000.0,N=20_G=50,20,50,,0.6,0.2,3,True,A,0.5,nogood,8,0.15,,,,,,2020,19,True,5.375784992667588,284916.6046113821,49800.0,191071.13821138212,44045.46639999999,0.0,284916.6046113821,0,0.0,0,0.0,18,9,amoniaco|liquido,0.5844948479998493,50,1020,49,1,,2026-09-04T08:22:48,44407fc9fe
E06_NG,Calibracion combinada de tamano de poblacion y generaciones,large,12,30,55,3,53000.0,N=20_G=100,20,100,,0.6,0.2,3,True,A,0.5,nogood,8,0.15,,,,,,101,0,True,5.087449272723322,269634.81145433604,43600.0,179360.43360433605,46674.37785000002,0.0,269634.81145433604,0,0.0,0,0.0,24,8,amoniaco|liquido,1.175925776999975,100,2020,100,0,,2026-09-04T08:22:49,8e2f1e85f8
E06_NG,Calibracion combinada de tamano de poblacion y generaciones,large,12,30,55,3,53000.0,N=20_G=100,20,100,,0.6,0.2,3,True,A,0.5,nogood,8,0.15,,,,,,202,1,True,5.0571413734698565,268028.4927939024,37900.0,180024.39024390242,50104.10254999998,0.0,268028.4927939024,0,0.0,0,0.0,20,7,amoniaco|liquido,1.1343199150005603,100,2020,95,5,,2026-09-04T08:22:51,8e2f1e85f8
E06_NG,Calibracion combinada de tamano de poblacion y generaciones,large,12,30,55,3,53000.0,N=20_G=100,20,100,,0.6,0.2,3,True,A,0.5,nogood,8,0.15,,,,,,303,2,True,5.2143815526026485,276362.2222879404,49500.0,182403.7940379404,44458.428250000004,0.0,276362.2222879404,0,0.0,0,0.0,22,9,amoniaco|liquido,1.2686774700005117,100,2020,98,2,,2026-09-04T08:22:52,8e2f1e85f8
E06_NG,Calibracion combinada de tamano de poblacion y generaciones,large,12,30,55,3,53000.0,N=20_G=100,20,100,,0.6,0.2,3,True,A,0.5,nogood,8,0.15,,,,,,404,3,True,5.007514304034362,265398.25811382115,44300.0,187211.38211382114,33886.876,0.0,265398.25811382115,0,0.0,0,0.0,19,8,amoniaco|liquido,1.1022435190006945,100,2020,94,6,,2026-09-04T08:22:53,8e2f1e85f8
E06_NG,Calibracion combinada de tamano de poblacion y generaciones,large,12,30,55,3,53000.0,N=20_G=100,20,100,,0.6,0.2,3,True,A,0.5,nogood,8,0.15,,,,,,505,4,True,5.093420641972184,269951.29402452573,38200.0,190757.45257452576,40993.84144999999,0.0,269951.29402452573,0,0.0,0,0.0,15,7,amoniaco|liquido,1.4443739039998036,100,2020,96,4,,2026-09-04T08:22:54,8e2f1e85f8
E06_NG,Calibracion combinada de tamano de poblacion y generaciones,large,12,30,55,3,53000.0,N=20_G=100,20,100,,0.6,0.2,3,True,A,0.5,nogood,8,0.15,,,,,,606,5,True,5.150749622938078,272989.73001571815,43400.0,185181.57181571817,44408.15819999999,0.0,272989.73001571815,0,0.0,0,0.0,19,8,amoniaco|liquido,2.0606937920001656,100,2020,88,12,,2026-09-04T08:22:56,8e2f1e85f8
E06_NG,Calibracion combinada de tamano de poblacion y generaciones,large,12,30,55,3,53000.0,N=20_G=100,20,100,,0.6,0.2,3,True,A,0.5,nogood,8,0.15,,,,,,707,6,True,5.220980654796236,276711.9747042005,39300.0,189505.42005420054,47906.55465,0.0,276711.9747042005,0,0.0,0,0.0,20,7,amoniaco|liquido,2.0449355210002977,100,2020,99,1,,2026-09-04T08:22:58,8e2f1e85f8
E06_NG,Calibracion combinada de tamano de poblacion y generaciones,large,12,30,55,3,53000.0,N=20_G=100,20,100,,0.6,0.2,3,True,A,0.5,nogood,8,0.15,,,,,,808,7,True,5.186057498872526,274861.0474402439,43900.0,184939.0243902439,46022.02305,0.0,274861.0474402439,0,0.0,0,0.0,18,8,amoniaco|liquido,1.1668515319997823,100,2020,99,1,,2026-09-04T08:23:00,8e2f1e85f8
E06_NG,Calibracion combinada de tamano de poblacion y generaciones,large,12,30,55,3,53000.0,N=20_G=100,20,100,,0.6,0.2,3,True,A,0.5,nogood,8,0.15,,,,,,909,8,True,5.123280795006903,271533.88213536586,44300.0,179658.53658536586,47575.34554999999,0.0,271533.88213536586,0,0.0,0,0.0,26,8,liquido,1.1920931550002933,100,2020,99,1,,2026-09-04T08:23:01,8e2f1e85f8
E06_NG,Calibracion combinada de tamano de poblacion y generaciones,large,12,30,55,3,53000.0,N=20_G=100,20,100,,0.6,0.2,3,True,A,0.5,nogood,8,0.15,,,,,,1010,9,True,5.167653278606127,273885.6237661247,43400.0,182246.61246612467,48239.01130000001,0.0,273885.6237661247,0,0.0,0,0.0,20,8,amoniaco|liquido,1.2220417860007728,100,2020,96,4,,2026-09-04T08:23:02,8e2f1e85f8
E06_NG,Calibracion combinada de tamano de poblacion y generaciones,large,12,30,55,3,53000.0,N=20_G=100,20,100,,0.6,0.2,3,True,A,0.5,nogood,8,0.15,,,,,,1111,10,True,5.003863541095259,265204.76767804875,38800.0,191237.80487804877,35166.9628,0.0,265204.76767804875,0,0.0,0,0.0,18,7,amoniaco|liquido,1.117067154000324,100,2020,100,0,,2026-09-04T08:23:03,8e2f1e85f8
E06_NG,Calibracion combinada de tamano de poblacion y generaciones,large,12,30,55,3,53000.0,N=20_G=100,20,100,,0.6,0.2,3,True,A,0.5,nogood,8,0.15,,,,,,1212,11,True,4.940310699143529,261836.46705460706,38800.0,188320.46070460705,34716.00635,0.0,261836.46705460706,0,0.0,0,0.0,18,7,amoniaco|liquido,1.1215815490004388,100,2020,99,1,,2026-09-04T08:23:04,8e2f1e85f8
E06_NG,Calibracion combinada de tamano de poblacion y generaciones,large,12,30,55,3,53000.0,N=20_G=100,20,100,,0.6,0.2,3,True,A,0.5,nogood,8,0.15,,,,,,1313,12,True,4.99335542606995,264647.83758170734,34100.0,185073.17073170733,45474.66685000002,0.0,264647.83758170734,0,0.0,0,0.0,21,6,liquido,1.1576882429999387,100,2020,100,0,,2026-09-04T08:23:05,8e2f1e85f8
E06_NG,Calibracion combinada de tamano de poblacion y generaciones,large,12,30,55,3,53000.0,N=20_G=100,20,100,,0.6,0.2,3,True,A,0.5,nogood,8,0.15,,,,,,1414,13,True,4.962787564143274,263027.7408995935,38800.0,190684.9593495935,33542.781550000014,0.0,263027.7408995935,0,0.0,0,0.0,18,7,amoniaco|liquido,1.1132010849996732,100,2020,99,1,,2026-09-04T08:23:07,8e2f1e85f8
E06_NG,Calibracion combinada de tamano de poblacion y generaciones,large,12,30,55,3,53000.0,N=20_G=100,20,100,,0.6,0.2,3,True,A,0.5,nogood,8,0.15,,,,,,1515,14,True,5.068312987981285,268620.5883630081,38500.0,180081.30081300813,50039.28755000001,0.0,268620.5883630081,0,0.0,0,0.0,25,7,amoniaco|liquido,1.2118422429994098,100,2020,96,4,,2026-09-04T08:23:08,8e2f1e85f8
E06_NG,Calibracion combinada de tamano de poblacion y generaciones,large,12,30,55,3,53000.0,N=20_G=100,20,100,,0.6,0.2,3,True,A,0.5,nogood,8,0.15,,,,,,1616,15,True,5.226274058628624,276992.5251073171,44800.0,191170.73170731709,41021.79340000001,0.0,276992.5251073171,0,0.0,0,0.0,17,8,amoniaco|liquido,1.643481124000573,100,2020,94,6,,2026-09-04T08:23:09,8e2f1e85f8
E06_NG,Calibracion combinada de tamano de poblacion y generaciones,large,12,30,55,3,53000.0,N=20_G=100,20,100,,0.6,0.2,3,True,A,0.5,nogood,8,0.15,,,,,,1717,16,True,5.129993304080381,271889.6451162602,49700.0,185601.62601626018,36588.01910000001,0.0,271889.6451162602,0,0.0,0,0.0,22,9,amoniaco|liquido,2.1259846150005615,100,2020,99,1,,2026-09-04T08:23:12,8e2f1e85f8
E06_NG,Calibracion combinada de tamano de poblacion y generaciones,large,12,30,55,3,53000.0,N=20_G=100,20,100,,0.6,0.2,3,True,A,0.5,nogood,8,0.15,,,,,,1818,17,True,4.94370211030066,262016.21184593497,43400.0,182349.59349593497,36266.618350000004,0.0,262016.21184593497,0,0.0,0,0.0,19,8,amoniaco|liquido,1.806432660999235,100,2020,99,1,,2026-09-04T08:23:13,8e2f1e85f8
E06_NG,Calibracion combinada de tamano de poblacion y generaciones,large,12,30,55,3,53000.0,N=20_G=100,20,100,,0.6,0.2,3,True,A,0.5,nogood,8,0.15,,,,,,1919,18,True,5.090451240041928,269793.9157222222,44000.0,186222.22222222222,39571.693499999994,0.0,269793.9157222222,0,0.0,0,0.0,18,8,amoniaco|liquido,1.1775958280004488,100,2020,93,7,,2026-09-04T08:23:15,8e2f1e85f8
E06_NG,Calibracion combinada de tamano de poblacion y generaciones,large,12,30,55,3,53000.0,N=20_G=100,20,100,,0.6,0.2,3,True,A,0.5,nogood,8,0.15,,,,,,2020,19,True,5.198683993524058,275530.2516567751,44600.0,193500.67750677507,37429.57415,0.0,275530.2516567751,0,0.0,0,0.0,15,8,amoniaco|liquido,1.1217158400004337,100,2020,100,0,,2026-09-04T08:23:16,8e2f1e85f8
E06_NG,Calibracion combinada de tamano de poblacion y generaciones,large,12,30,55,3,53000.0,N=20_G=200,20,200,,0.6,0.2,3,True,A,0.5,nogood,8,0.15,,,,,,101,0,True,4.9247962199928415,261014.1996596206,43600.0,180205.9620596206,37208.2376,0.0,261014.1996596206,0,0.0,0,0.0,20,8,amoniaco|liquido,2.3726708960002725,200,4020,181,19,,2026-09-04T08:23:18,6b5d7271f6
E06_NG,Calibracion combinada de tamano de poblacion y generaciones,large,12,30,55,3,53000.0,N=20_G=200,20,200,,0.6,0.2,3,True,A,0.5,nogood,8,0.15,,,,,,202,1,True,4.967610719259089,263283.3681207317,37900.0,180317.07317073172,45066.29495,0.0,263283.3681207317,0,0.0,0,0.0,20,7,amoniaco|liquido,2.2760814009998285,200,4020,197,3,,2026-09-04T08:23:20,6b5d7271f6
E06_NG,Calibracion combinada de tamano de poblacion y generaciones,large,12,30,55,3,53000.0,N=20_G=200,20,200,,0.6,0.2,3,True,A,0.5,nogood,8,0.15,,,,,,303,2,True,4.83746879521399,256385.84614634147,43700.0,177414.63414634147,35271.21200000001,0.0,256385.84614634147,0,0.0,0,0.0,22,8,liquido,2.406943468999998,200,4020,196,4,,2026-09-04T08:23:23,6b5d7271f6
E06_NG,Calibracion combinada de tamano de poblacion y generaciones,large,12,30,55,3,53000.0,N=20_G=200,20,200,,0.6,0.2,3,True,A,0.5,nogood,8,0.15,,,,,,404,3,True,4.820157177818683,255468.33042439024,38500.0,181902.43902439025,35065.89139999999,0.0,255468.33042439024,0,0.0,0,0.0,22,7,amoniaco|liquido,4.173495080000066,200,4020,199,1,,2026-09-04T08:23:27,6b5d7271f6
E06_NG,Calibracion combinada de tamano de poblacion y generaciones,large,12,30,55,3,53000.0,N=20_G=200,20,200,,0.6,0.2,3,True,A,0.5,nogood,8,0.15,,,,,,505,4,True,4.910801915232398,260272.5015073171,38200.0,186670.73170731709,35401.7698,0.0,260272.5015073171,0,0.0,0,0.0,16,7,amoniaco|liquido,2.5085321410006145,200,4020,193,7,,2026-09-04T08:23:29,6b5d7271f6
E06_NG,Calibracion combinada de tamano de poblacion y generaciones,large,12,30,55,3,53000.0,N=20_G=200,20,200,,0.6,0.2,3,True,A,0.5,nogood,8,0.15,,,,,,606,5,True,4.931735271910314,261381.96941124662,43400.0,181966.12466124663,36015.84475,0.0,261381.96941124662,0,0.0,0,0.0,19,8,amoniaco|liquido,2.2725487399993654,200,4020,196,4,,2026-09-04T08:23:32,6b5d7271f6
E06_NG,Calibracion combinada de tamano de poblacion y generaciones,large,12,30,55,3,53000.0,N=20_G=200,20,200,,0.6,0.2,3,True,A,0.5,nogood,8,0.15,,,,,,707,6,True,5.021042117714885,266115.2322388889,39300.0,186388.8888888889,40426.34335,0.0,266115.2322388889,0,0.0,0,0.0,21,7,amoniaco|liquido,2.392628607000006,200,4020,200,0,,2026-09-04T08:23:34,6b5d7271f6
E06_NG,Calibracion combinada de tamano de poblacion y generaciones,large,12,30,55,3,53000.0,N=20_G=200,20,200,,0.6,0.2,3,True,A,0.5,nogood,8,0.15,,,,,,808,7,True,4.948332110021987,262261.6018311653,43900.0,185153.11653116532,33208.48529999999,0.0,262261.6018311653,0,0.0,0,0.0,17,8,amoniaco|liquido,2.2919695749997118,200,4020,199,1,,2026-09-04T08:23:36,6b5d7271f6
E06_NG,Calibracion combinada de tamano de poblacion y generaciones,large,12,30,55,3,53000.0,N=20_G=200,20,200,,0.6,0.2,3,True,A,0.5,nogood,8,0.15,,,,,,909,8,True,4.841011386010124,256573.60345853659,38500.0,179365.8536585366,38707.7498,0.0,256573.60345853659,0,0.0,0,0.0,23,7,liquido,3.5012966360000064,200,4020,199,1,,2026-09-04T08:23:40,6b5d7271f6
E06_NG,Calibracion combinada de tamano de poblacion y generaciones,large,12,30,55,3,53000.0,N=20_G=200,20,200,,0.6,0.2,3,True,A,0.5,nogood,8,0.15,,,,,,1010,9,True,4.818799273610472,255396.36150135502,37900.0,177550.13550135502,39946.226,0.0,255396.36150135502,0,0.0,0,0.0,22,7,amoniaco|liquido,3.5840747390002434,200,4020,200,0,,2026-09-04T08:23:44,6b5d7271f6
E06_NG,Calibracion combinada de tamano de poblacion y generaciones,large,12,30,55,3,53000.0,N=20_G=200,20,200,,0.6,0.2,3,True,A,0.5,nogood,8,0.15,,,,,,1111,10,True,4.690389081418418,248590.62131517616,33000.0,183511.51761517616,32079.103699999996,0.0,248590.62131517616,0,0.0,0,0.0,21,6,amoniaco|liquido,2.221248234000086,200,4020,196,4,,2026-09-04T08:23:46,6b5d7271f6
E06_NG,Calibracion combinada de tamano de poblacion y generaciones,large,12,30,55,3,53000.0,N=20_G=200,20,200,,0.6,0.2,3,True,A,0.5,nogood,8,0.15,,,,,,1212,11,True,4.781473290949532,253418.0844203252,38800.0,186502.0325203252,28116.051900000002,0.0,253418.0844203252,0,0.0,0,0.0,20,7,amoniaco|liquido,2.2783044300003894,200,4020,192,8,,2026-09-04T08:23:48,6b5d7271f6
E06_NG,Calibracion combinada de tamano de poblacion y generaciones,large,12,30,55,3,53000.0,N=20_G=200,20,200,,0.6,0.2,3,True,A,0.5,nogood,8,0.15,,,,,,1313,12,True,4.969590605315233,263388.30208170734,34100.0,185073.17073170733,44215.13135,0.0,263388.30208170734,0,0.0,0,0.0,22,6,liquido,2.2955118640002183,200,4020,183,17,,2026-09-04T08:23:50,6b5d7271f6
E06_NG,Calibracion combinada de tamano de poblacion y generaciones,large,12,30,55,3,53000.0,N=20_G=200,20,200,,0.6,0.2,3,True,A,0.5,nogood,8,0.15,,,,,,1414,13,True,4.865206733568543,257855.9568791328,38800.0,186577.9132791328,32478.043600000008,0.0,257855.9568791328,0,0.0,0,0.0,20,7,amoniaco|liquido,2.4020107730002564,200,4020,193,7,,2026-09-04T08:23:53,6b5d7271f6
E06_NG,Calibracion combinada de tamano de poblacion y generaciones,large,12,30,55,3,53000.0,N=20_G=200,20,200,,0.6,0.2,3,True,A,0.5,nogood,8,0.15,,,,,,1515,14,True,4.870398199846602,258131.10459186992,38500.0,180699.18699186994,38931.9176,0.0,258131.10459186992,0,0.0,0,0.0,22,7,amoniaco|liquido,4.598987422999926,200,4020,193,7,,2026-09-04T08:23:57,6b5d7271f6
E06_NG,Calibracion combinada de tamano de poblacion y generaciones,large,12,30,55,3,53000.0,N=20_G=200,20,200,,0.6,0.2,3,True,A,0.5,nogood,8,0.15,,,,,,1616,15,True,4.967871714424503,263297.2008644987,44800.0,185486.44986449866,33010.751,0.0,263297.2008644987,0,0.0,0,0.0,20,8,amoniaco|liquido,2.2694689239997388,200,4020,190,10,,2026-09-04T08:24:00,6b5d7271f6
E06_NG,Calibracion combinada de tamano de poblacion y generaciones,large,12,30,55,3,53000.0,N=20_G=200,20,200,,0.6,0.2,3,True,A,0.5,nogood,8,0.15,,,,,,1717,16,True,4.725626423400828,250458.2004402439,38500.0,179439.0243902439,32519.176050000002,0.0,250458.2004402439,0,0.0,0,0.0,22,7,liquido,2.3309027660006905,200,4020,200,0,,2026-09-04T08:24:02,6b5d7271f6
E06_NG,Calibracion combinada de tamano de poblacion y generaciones,large,12,30,55,3,53000.0,N=20_G=200,20,200,,0.6,0.2,3,True,A,0.5,nogood,8,0.15,,,,,,1818,17,True,4.681785007572736,248134.60540135502,37900.0,179550.13550135502,30684.46990000001,0.0,248134.60540135502,0,0.0,0,0.0,20,7,amoniaco|liquido,2.3125258869995378,200,4020,199,1,,2026-09-04T08:24:04,6b5d7271f6
E06_NG,Calibracion combinada de tamano de poblacion y generaciones,large,12,30,55,3,53000.0,N=20_G=200,20,200,,0.6,0.2,3,True,A,0.5,nogood,8,0.15,,,,,,1919,18,True,4.943386366088869,261999.47740271004,44000.0,186100.27100271004,31899.206400000006,0.0,261999.47740271004,0,0.0,0,0.0,18,8,amoniaco|liquido,2.2982238519998646,200,4020,178,22,,2026-09-04T08:24:07,6b5d7271f6
E06_NG,Calibracion combinada de tamano de poblacion y generaciones,large,12,30,55,3,53000.0,N=20_G=200,20,200,,0.6,0.2,3,True,A,0.5,nogood,8,0.15,,,,,,2020,19,True,5.144995681617835,272684.77112574526,44600.0,191952.57452574527,36132.1966,0.0,272684.77112574526,0,0.0,0,0.0,17,8,amoniaco|liquido,3.455821919999835,200,4020,153,47,,2026-09-04T08:24:10,6b5d7271f6
E06_NG,Calibracion combinada de tamano de poblacion y generaciones,large,12,30,55,3,53000.0,N=40_G=50,40,50,,0.6,0.2,3,True,A,0.5,nogood,8,0.15,,,,,,101,0,True,5.21084824888531,276174.9571909214,49100.0,186964.09214092142,40110.86504999999,0.0,276174.9571909214,0,0.0,0,0.0,19,9,amoniaco|liquido,2.1724128209998526,50,2040,50,0,,2026-09-04T08:24:12,74b7e68250
E06_NG,Calibracion combinada de tamano de poblacion y generaciones,large,12,30,55,3,53000.0,N=40_G=50,40,50,,0.6,0.2,3,True,A,0.5,nogood,8,0.15,,,,,,202,1,False,,275592.32516288414,43900.0,182852.24586288416,48840.079300000005,1096624.956639589,1372217.2818024731,0,100.0,0,9.662,22,8,amoniaco|comprimido|liquido,1.2067965100004585,50,2040,50,0,,2026-09-04T08:24:13,74b7e68250
E06_NG,Calibracion combinada de tamano de poblacion y generaciones,large,12,30,55,3,53000.0,N=40_G=50,40,50,,0.6,0.2,3,True,A,0.5,nogood,8,0.15,,,,,,303,2,True,5.164149808692541,273699.93986070465,33600.0,186046.07046070462,54053.86940000002,0.0,273699.93986070465,0,0.0,0,0.0,19,6,amoniaco|liquido,1.1754229119997035,50,2040,50,0,,2026-09-04T08:24:15,74b7e68250
E06_NG,Calibracion combinada de tamano de poblacion y generaciones,large,12,30,55,3,53000.0,N=40_G=50,40,50,,0.6,0.2,3,True,A,0.5,nogood,8,0.15,,,,,,404,3,True,5.10373688109884,270498.0546982385,39000.0,188384.8238482385,43113.23085,0.0,270498.0546982385,0,0.0,0,0.0,19,7,amoniaco|liquido,1.1504004629996416,50,2040,50,0,,2026-09-04T08:24:16,74b7e68250
E06_NG,Calibracion combinada de tamano de poblacion y generaciones,large,12,30,55,3,53000.0,N=40_G=50,40,50,,0.6,0.2,3,True,A,0.5,nogood,8,0.15,,,,,,505,4,False,,289639.33319390245,50300.0,193524.39024390245,45814.942950000004,323394.60975610564,613033.9429500081,0,0.0,0,32.339,16,9,amoniaco|liquido,1.2335517450001134,50,2040,47,3,,2026-09-04T08:24:17,74b7e68250
E06_NG,Calibracion combinada de tamano de poblacion y generaciones,large,12,30,55,3,53000.0,N=40_G=50,40,50,,0.6,0.2,3,True,A,0.5,nogood,8,0.15,,,,,,606,5,True,5.303874989372091,281105.37443672086,50000.0,187958.67208672085,43146.702349999985,0.0,281105.37443672086,0,0.0,0,0.0,18,9,amoniaco|liquido,1.2259122239993303,50,2040,46,4,,2026-09-04T08:24:18,74b7e68250
E06_NG,Calibracion combinada de tamano de poblacion y generaciones,large,12,30,55,3,53000.0,N=40_G=50,40,50,,0.6,0.2,3,True,A,0.5,nogood,8,0.15,,,,,,707,6,True,5.102332010477068,270423.5965552846,44200.0,180845.52845528457,45378.068100000004,0.0,270423.5965552846,0,0.0,0,0.0,21,8,amoniaco|liquido,1.2385808139997607,50,2040,49,1,,2026-09-04T08:24:19,74b7e68250
E06_NG,Calibracion combinada de tamano de poblacion y generaciones,large,12,30,55,3,53000.0,N=40_G=50,40,50,,0.6,0.2,3,True,A,0.5,nogood,8,0.15,,,,,,808,7,True,5.306986505274327,281270.28477953933,50000.0,185892.9539295393,45377.33085000002,0.0,281270.28477953933,0,0.0,0,0.0,21,9,amoniaco|liquido,1.2591195430004518,50,2040,49,1,,2026-09-04T08:24:21,74b7e68250
E06_NG,Calibracion combinada de tamano de poblacion y generaciones,large,12,30,55,3,53000.0,N=40_G=50,40,50,,0.6,0.2,3,True,A,0.5,nogood,8,0.15,,,,,,909,8,True,5.220770058398527,276700.81309512194,39100.0,193719.51219512196,43881.300899999995,0.0,276700.81309512194,0,0.0,0,0.0,17,7,amoniaco|liquido,1.1428036199995404,50,2040,50,0,,2026-09-04T08:24:22,74b7e68250
E06_NG,Calibracion combinada de tamano de poblacion y generaciones,large,12,30,55,3,53000.0,N=40_G=50,40,50,,0.6,0.2,3,True,A,0.5,nogood,8,0.15,,,,,,1010,9,True,5.347916085925755,283439.552554065,54700.0,184400.40650406503,44339.14605,0.0,283439.552554065,0,0.0,0,0.0,19,10,amoniaco|liquido,2.1452497560003394,50,2040,49,1,,2026-09-04T08:24:24,74b7e68250
E06_NG,Calibracion combinada de tamano de poblacion y generaciones,large,12,30,55,3,53000.0,N=40_G=50,40,50,,0.6,0.2,3,True,A,0.5,nogood,8,0.15,,,,,,1111,10,True,5.239352368791226,277685.675545935,50000.0,189099.59349593497,38586.082050000005,0.0,277685.675545935,0,0.0,0,0.0,18,9,amoniaco|liquido,2.1800982579998163,50,2040,49,1,,2026-09-04T08:24:26,74b7e68250
E06_NG,Calibracion combinada de tamano de poblacion y generaciones,large,12,30,55,3,53000.0,N=40_G=50,40,50,,0.6,0.2,3,True,A,0.5,nogood,8,0.15,,,,,,1212,11,True,5.205765352231938,275905.5636682927,45400.0,191426.8292682927,39078.73440000001,0.0,275905.5636682927,0,0.0,0,0.0,16,8,amoniaco|liquido,1.3583200260000012,50,2040,49,1,,2026-09-04T08:24:28,74b7e68250
E06_NG,Calibracion combinada de tamano de poblacion y generaciones,large,12,30,55,3,53000.0,N=40_G=50,40,50,,0.6,0.2,3,True,A,0.5,nogood,8,0.15,,,,,,1313,12,True,5.23743834686813,277584.23238401086,39000.0,193358.40108401084,45225.8313,0.0,277584.23238401086,0,0.0,0,0.0,19,7,amoniaco|liquido,1.13497122499939,50,2040,49,1,,2026-09-04T08:24:29,74b7e68250
E06_NG,Calibracion combinada de tamano de poblacion y generaciones,large,12,30,55,3,53000.0,N=40_G=50,40,50,,0.6,0.2,3,True,A,0.5,nogood,8,0.15,,,,,,1414,13,True,5.088428542041213,269686.7127281843,38800.0,197592.81842818428,33293.8943,0.0,269686.7127281843,0,0.0,0,0.0,15,7,amoniaco|liquido,1.1960892970000714,50,2040,49,1,,2026-09-04T08:24:30,74b7e68250
E06_NG,Calibracion combinada de tamano de poblacion y generaciones,large,12,30,55,3,53000.0,N=40_G=50,40,50,,0.6,0.2,3,True,A,0.5,nogood,8,0.15,,,,,,1515,14,True,5.0327671040343605,266736.6565138211,38500.0,190961.38211382114,37275.274399999995,0.0,266736.6565138211,0,0.0,0,0.0,17,7,amoniaco|liquido,1.1679544159997022,50,2040,50,0,,2026-09-04T08:24:31,74b7e68250
E06_NG,Calibracion combinada de tamano de poblacion y generaciones,large,12,30,55,3,53000.0,N=40_G=50,40,50,,0.6,0.2,3,True,A,0.5,nogood,8,0.15,,,,,,1616,15,True,5.1804060412921205,274561.52018848236,38800.0,197323.84823848237,38437.67195,0.0,274561.52018848236,0,0.0,0,0.0,14,7,amoniaco|liquido,1.1416325350000989,50,2040,49,1,,2026-09-04T08:24:32,74b7e68250
E06_NG,Calibracion combinada de tamano de poblacion y generaciones,large,12,30,55,3,53000.0,N=40_G=50,40,50,,0.6,0.2,3,True,A,0.5,nogood,8,0.15,,,,,,1717,16,True,5.059338673768982,268144.94970975607,44000.0,178560.9756097561,45583.97409999999,0.0,268144.94970975607,0,0.0,0,0.0,22,8,liquido,1.1990667319996646,50,2040,47,3,,2026-09-04T08:24:33,74b7e68250
E06_NG,Calibracion combinada de tamano de poblacion y generaciones,large,12,30,55,3,53000.0,N=40_G=50,40,50,,0.6,0.2,3,True,A,0.5,nogood,8,0.15,,,,,,1818,17,True,5.171182976969884,274072.6977794038,44000.0,183537.9403794038,46534.75740000002,0.0,274072.6977794038,0,0.0,0,0.0,20,8,amoniaco|liquido,1.215610743999605,50,2040,50,0,,2026-09-04T08:24:35,74b7e68250
E06_NG,Calibracion combinada de tamano de poblacion y generaciones,large,12,30,55,3,53000.0,N=40_G=50,40,50,,0.6,0.2,3,True,A,0.5,nogood,8,0.15,,,,,,1919,18,True,5.070634310369688,268743.6184495935,39100.0,188934.9593495935,40708.659100000004,0.0,268743.6184495935,0,0.0,0,0.0,20,7,amoniaco|liquido,1.1532219849996181,50,2040,47,3,,2026-09-04T08:24:36,74b7e68250
E06_NG,Calibracion combinada de tamano de poblacion y generaciones,large,12,30,55,3,53000.0,N=40_G=50,40,50,,0.6,0.2,3,True,A,0.5,nogood,8,0.15,,,,,,2020,19,True,4.982311563164084,264062.5128476965,43600.0,185964.7696476965,34497.74320000002,0.0,264062.5128476965,0,0.0,0,0.0,18,8,amoniaco|liquido,1.3378295860002254,50,2040,49,1,,2026-09-04T08:24:37,74b7e68250
E06_NG,Calibracion combinada de tamano de poblacion y generaciones,large,12,30,55,3,53000.0,N=40_G=100,40,100,,0.6,0.2,3,True,A,0.5,nogood,8,0.15,,,,,,101,0,True,5.032495994367745,266722.2877014905,43600.0,181905.14905149053,41217.13865,0.0,266722.2877014905,0,0.0,0,0.0,20,8,amoniaco|liquido,4.255615967000267,100,4040,100,0,,2026-09-04T08:24:41,68b8deca34
E06_NG,Calibracion combinada de tamano de poblacion y generaciones,large,12,30,55,3,53000.0,N=40_G=100,40,100,,0.6,0.2,3,True,A,0.5,nogood,8,0.15,,,,,,202,1,True,5.037175504716981,266970.30175,43900.0,179750.0,43320.301750000006,0.0,266970.30175,0,0.0,0,0.0,22,8,amoniaco|liquido,2.400394154999958,100,4040,100,0,,2026-09-04T08:24:44,68b8deca34
E06_NG,Calibracion combinada de tamano de poblacion y generaciones,large,12,30,55,3,53000.0,N=40_G=100,40,100,,0.6,0.2,3,True,A,0.5,nogood,8,0.15,,,,,,303,2,True,5.022691707166232,266202.6604798103,33600.0,185602.98102981033,46999.679449999996,0.0,266202.6604798103,0,0.0,0,0.0,21,6,amoniaco|liquido,2.2724767700001394,100,4040,100,0,,2026-09-04T08:24:46,68b8deca34
E06_NG,Calibracion combinada de tamano de poblacion y generaciones,large,12,30,55,3,53000.0,N=40_G=100,40,100,,0.6,0.2,3,True,A,0.5,nogood,8,0.15,,,,,,404,3,True,4.9425799315513625,261956.73637222222,39000.0,189222.22222222222,33734.51415000001,0.0,261956.73637222222,0,0.0,0,0.0,18,7,amoniaco|liquido,2.286773169999833,100,4040,100,0,,2026-09-04T08:24:48,68b8deca34
E06_NG,Calibracion combinada de tamano de poblacion y generaciones,large,12,30,55,3,53000.0,N=40_G=100,40,100,,0.6,0.2,3,True,A,0.5,nogood,8,0.15,,,,,,505,4,True,5.045309642189498,267401.41103604337,38700.0,187933.60433604335,40767.806699999994,0.0,267401.41103604337,0,0.0,0,0.0,20,7,amoniaco|liquido,2.284983935999662,100,4040,96,4,,2026-09-04T08:24:51,68b8deca34
E06_NG,Calibracion combinada de tamano de poblacion y generaciones,large,12,30,55,3,53000.0,N=40_G=100,40,100,,0.6,0.2,3,True,A,0.5,nogood,8,0.15,,,,,,606,5,True,4.975854267709771,263720.27618861786,44200.0,179678.86178861788,39841.414399999994,0.0,263720.27618861786,0,0.0,0,0.0,21,8,amoniaco|liquido,3.738452874000359,100,4040,92,8,,2026-09-04T08:24:54,68b8deca34
E06_NG,Calibracion combinada de tamano de poblacion y generaciones,large,12,30,55,3,53000.0,N=40_G=100,40,100,,0.6,0.2,3,True,A,0.5,nogood,8,0.15,,,,,,707,6,True,4.873979462149102,258320.91149390244,38700.0,180024.39024390245,39596.521250000005,0.0,258320.91149390244,0,0.0,0,0.0,21,7,liquido,3.118308719000197,100,4040,100,0,,2026-09-04T08:24:58,68b8deca34
E06_NG,Calibracion combinada de tamano de poblacion y generaciones,large,12,30,55,3,53000.0,N=40_G=100,40,100,,0.6,0.2,3,True,A,0.5,nogood,8,0.15,,,,,,808,7,True,5.04222029104924,267237.67542560975,44000.0,185597.56097560975,37640.114450000015,0.0,267237.67542560975,0,0.0,0,0.0,19,8,amoniaco|liquido,2.4267545110005813,100,4040,100,0,,2026-09-04T08:25:00,68b8deca34
E06_NG,Calibracion combinada de tamano de poblacion y generaciones,large,12,30,55,3,53000.0,N=40_G=100,40,100,,0.6,0.2,3,True,A,0.5,nogood,8,0.15,,,,,,909,8,True,5.054332941627039,267879.64590623305,39100.0,185830.62330623306,42949.022600000004,0.0,267879.64590623305,0,0.0,0,0.0,20,7,amoniaco|liquido,2.2388709960005144,100,4040,96,4,,2026-09-04T08:25:02,68b8deca34
E06_NG,Calibracion combinada de tamano de poblacion y generaciones,large,12,30,55,3,53000.0,N=40_G=100,40,100,,0.6,0.2,3,True,A,0.5,nogood,8,0.15,,,,,,1010,9,True,4.971110517321163,263468.85741802165,43700.0,181216.80216802168,38552.05525,0.0,263468.85741802165,0,0.0,0,0.0,19,8,amoniaco|liquido,2.3621990100000403,100,4040,99,1,,2026-09-04T08:25:05,68b8deca34
E06_NG,Calibracion combinada de tamano de poblacion y generaciones,large,12,30,55,3,53000.0,N=40_G=100,40,100,,0.6,0.2,3,True,A,0.5,nogood,8,0.15,,,,,,1111,10,True,4.898222614805441,259605.79858468837,44200.0,180883.46883468836,34522.32975,0.0,259605.79858468837,0,0.0,0,0.0,21,8,amoniaco|liquido,3.0199526449996483,100,4040,99,1,,2026-09-04T08:25:08,68b8deca34
E06_NG,Calibracion combinada de tamano de poblacion y generaciones,large,12,30,55,3,53000.0,N=40_G=100,40,100,,0.6,0.2,3,True,A,0.5,nogood,8,0.15,,,,,,1212,11,True,5.056515145170526,267995.3026940379,39600.0,188379.40379403793,40015.89889999999,0.0,267995.3026940379,0,0.0,0,0.0,18,7,amoniaco|liquido,3.6468822090000685,100,4040,98,2,,2026-09-04T08:25:11,68b8deca34
E06_NG,Calibracion combinada de tamano de poblacion y generaciones,large,12,30,55,3,53000.0,N=40_G=100,40,100,,0.6,0.2,3,True,A,0.5,nogood,8,0.15,,,,,,1313,12,True,5.080701597880554,269277.1846876694,39000.0,186943.76693766937,43333.41774999999,0.0,269277.1846876694,0,0.0,0,0.0,20,7,amoniaco|liquido,2.2563011090005602,100,4040,100,0,,2026-09-04T08:25:13,68b8deca34
E06_NG,Calibracion combinada de tamano de poblacion y generaciones,large,12,30,55,3,53000.0,N=40_G=100,40,100,,0.6,0.2,3,True,A,0.5,nogood,8,0.15,,,,,,1414,13,True,4.8714129125786165,258184.88436666667,38800.0,188166.66666666666,31218.217699999997,0.0,258184.88436666667,0,0.0,0,0.0,20,7,amoniaco|liquido,2.287581976000183,100,4040,94,6,,2026-09-04T08:25:16,68b8deca34
E06_NG,Calibracion combinada de tamano de poblacion y generaciones,large,12,30,55,3,53000.0,N=40_G=100,40,100,,0.6,0.2,3,True,A,0.5,nogood,8,0.15,,,,,,1515,14,True,4.779985163043923,253339.21364132792,32700.0,184529.13279132792,36110.08085,0.0,253339.21364132792,0,0.0,0,0.0,21,6,amoniaco|liquido,2.2719236590000946,100,4040,100,0,,2026-09-04T08:25:18,68b8deca34
E06_NG,Calibracion combinada de tamano de poblacion y generaciones,large,12,30,55,3,53000.0,N=40_G=100,40,100,,0.6,0.2,3,True,A,0.5,nogood,8,0.15,,,,,,1616,15,True,5.018467398841847,265978.7721386179,38800.0,190428.86178861788,36749.91035000001,0.0,265978.7721386179,0,0.0,0,0.0,17,7,amoniaco|liquido,2.183391362999828,100,4040,94,6,,2026-09-04T08:25:20,68b8deca34
E06_NG,Calibracion combinada de tamano de poblacion y generaciones,large,12,30,55,3,53000.0,N=40_G=100,40,100,,0.6,0.2,3,True,A,0.5,nogood,8,0.15,,,,,,1717,16,True,4.850200310170271,257060.61643902436,38200.0,179243.9024390244,39616.713999999985,0.0,257060.61643902436,0,0.0,0,0.0,22,7,liquido,3.9022444570000516,100,4040,100,0,,2026-09-04T08:25:24,68b8deca34
E06_NG,Calibracion combinada de tamano de poblacion y generaciones,large,12,30,55,3,53000.0,N=40_G=100,40,100,,0.6,0.2,3,True,A,0.5,nogood,8,0.15,,,,,,1818,17,True,4.941842952482488,261917.67648157183,44000.0,181218.15718157182,36699.51930000001,0.0,261917.67648157183,0,0.0,0,0.0,19,8,amoniaco|liquido,2.8885168729993893,100,4040,98,2,,2026-09-04T08:25:27,68b8deca34
E06_NG,Calibracion combinada de tamano de poblacion y generaciones,large,12,30,55,3,53000.0,N=40_G=100,40,100,,0.6,0.2,3,True,A,0.5,nogood,8,0.15,,,,,,1919,18,True,4.897659603351741,259575.9589776423,33600.0,185422.7642276423,40553.19475,0.0,259575.9589776423,0,0.0,0,0.0,21,6,amoniaco|liquido,2.277940560999923,100,4040,100,0,,2026-09-04T08:25:29,68b8deca34
E06_NG,Calibracion combinada de tamano de poblacion y generaciones,large,12,30,55,3,53000.0,N=40_G=100,40,100,,0.6,0.2,3,True,A,0.5,nogood,8,0.15,,,,,,2020,19,True,4.908322047908677,260141.0685391599,43600.0,180098.9159891599,36442.15255,0.0,260141.0685391599,0,0.0,0,0.0,21,8,amoniaco|liquido,2.2747073310001724,100,4040,99,1,,2026-09-04T08:25:32,68b8deca34
E06_NG,Calibracion combinada de tamano de poblacion y generaciones,large,12,30,55,3,53000.0,N=40_G=200,40,200,,0.6,0.2,3,True,A,0.5,nogood,8,0.15,,,,,,101,0,True,4.901812612154217,259796.06844417346,43600.0,180734.41734417345,35461.65110000001,0.0,259796.06844417346,0,0.0,0,0.0,20,8,amoniaco|liquido,5.534860741000557,200,8040,200,0,,2026-09-04T08:25:37,1a49b09b3d
E06_NG,Calibracion combinada de tamano de poblacion y generaciones,large,12,30,55,3,53000.0,N=40_G=200,40,200,,0.6,0.2,3,True,A,0.5,nogood,8,0.15,,,,,,202,1,True,4.764350366091425,252510.56940284552,37900.0,179705.28455284552,34905.284850000004,0.0,252510.56940284552,0,0.0,0,0.0,21,7,amoniaco|liquido,5.990645648999816,200,8040,193,7,,2026-09-04T08:25:43,1a49b09b3d
E06_NG,Calibracion combinada de tamano de poblacion y generaciones,large,12,30,55,3,53000.0,N=40_G=200,40,200,,0.6,0.2,3,True,A,0.5,nogood,8,0.15,,,,,,303,2,True,4.858019744199008,257475.04644254743,33600.0,186974.25474254743,36900.7917,0.0,257475.04644254743,0,0.0,0,0.0,20,6,amoniaco|liquido,4.576277148000372,200,8040,196,4,,2026-09-04T08:25:48,1a49b09b3d
E06_NG,Calibracion combinada de tamano de poblacion y generaciones,large,12,30,55,3,53000.0,N=40_G=200,40,200,,0.6,0.2,3,True,A,0.5,nogood,8,0.15,,,,,,404,3,True,4.827806476328169,255873.74324539295,39000.0,188929.53929539295,27944.203950000006,0.0,255873.74324539295,0,0.0,0,0.0,16,7,amoniaco|liquido,6.296495401000357,200,8040,193,7,,2026-09-04T08:25:54,1a49b09b3d
E06_NG,Calibracion combinada de tamano de poblacion y generaciones,large,12,30,55,3,53000.0,N=40_G=200,40,200,,0.6,0.2,3,True,A,0.5,nogood,8,0.15,,,,,,505,4,True,4.957041354476658,262723.19178726285,38700.0,184628.72628726286,39394.465500000006,0.0,262723.19178726285,0,0.0,0,0.0,19,7,amoniaco|liquido,4.797888123999655,200,8040,198,2,,2026-09-04T08:25:59,1a49b09b3d
E06_NG,Calibracion combinada de tamano de poblacion y generaciones,large,12,30,55,3,53000.0,N=40_G=200,40,200,,0.6,0.2,3,True,A,0.5,nogood,8,0.15,,,,,,606,5,True,4.711148073515877,249690.84789634147,38200.0,177414.63414634147,34076.21375,0.0,249690.84789634147,0,0.0,0,0.0,23,7,liquido,4.729935106999619,200,8040,162,38,,2026-09-04T08:26:04,1a49b09b3d
E06_NG,Calibracion combinada de tamano de poblacion y generaciones,large,12,30,55,3,53000.0,N=40_G=200,40,200,,0.6,0.2,3,True,A,0.5,nogood,8,0.15,,,,,,707,6,True,4.720251571145882,250173.33327073173,32700.0,178317.07317073172,39156.2601,0.0,250173.33327073173,0,0.0,0,0.0,21,6,liquido,6.730242176999127,200,8040,199,1,,2026-09-04T08:26:10,1a49b09b3d
E06_NG,Calibracion combinada de tamano de poblacion y generaciones,large,12,30,55,3,53000.0,N=40_G=200,40,200,,0.6,0.2,3,True,A,0.5,nogood,8,0.15,,,,,,808,7,True,4.7556251767372295,252048.13436707316,38200.0,177731.70731707316,36116.427050000006,0.0,252048.13436707316,0,0.0,0,0.0,23,7,liquido,4.745521101999657,200,8040,199,1,,2026-09-04T08:26:15,1a49b09b3d
E06_NG,Calibracion combinada de tamano de poblacion y generaciones,large,12,30,55,3,53000.0,N=40_G=200,40,200,,0.6,0.2,3,True,A,0.5,nogood,8,0.15,,,,,,909,8,True,4.900486738190929,259725.7971241192,39100.0,184192.41192411922,36433.38519999999,0.0,259725.7971241192,0,0.0,0,0.0,22,7,amoniaco|liquido,4.905277749000561,200,8040,190,10,,2026-09-04T08:26:20,1a49b09b3d
E06_NG,Calibracion combinada de tamano de poblacion y generaciones,large,12,30,55,3,53000.0,N=40_G=200,40,200,,0.6,0.2,3,True,A,0.5,nogood,8,0.15,,,,,,1010,9,True,4.767243394848392,252663.89992696478,38200.0,182147.69647696477,32316.20345000001,0.0,252663.89992696478,0,0.0,0,0.0,19,7,amoniaco|liquido,6.344639914000254,200,8040,197,3,,2026-09-04T08:26:26,1a49b09b3d
E06_NG,Calibracion combinada de tamano de poblacion y generaciones,large,12,30,55,3,53000.0,N=40_G=200,40,200,,0.6,0.2,3,True,A,0.5,nogood,8,0.15,,,,,,1111,10,True,4.742577466520939,251356.60572560976,38200.0,178097.56097560975,35059.04475,0.0,251356.60572560976,0,0.0,0,0.0,21,7,liquido,4.668943259000116,200,8040,171,29,,2026-09-04T08:26:31,1a49b09b3d
E06_NG,Calibracion combinada de tamano de poblacion y generaciones,large,12,30,55,3,53000.0,N=40_G=200,40,200,,0.6,0.2,3,True,A,0.5,nogood,8,0.15,,,,,,1212,11,True,4.850366837137598,257069.4423682927,33600.0,182926.8292682927,40542.613099999995,0.0,257069.4423682927,0,0.0,0,0.0,21,6,liquido,5.900423769000554,200,8040,195,5,,2026-09-04T08:26:37,1a49b09b3d
E06_NG,Calibracion combinada de tamano de poblacion y generaciones,large,12,30,55,3,53000.0,N=40_G=200,40,200,,0.6,0.2,3,True,A,0.5,nogood,8,0.15,,,,,,1313,12,True,4.8506416502122,257084.0074612466,39000.0,188216.1246612466,29867.882800000003,0.0,257084.0074612466,0,0.0,0,0.0,18,7,amoniaco|liquido,5.193079642999692,200,8040,198,2,,2026-09-04T08:26:42,1a49b09b3d
E06_NG,Calibracion combinada de tamano de poblacion y generaciones,large,12,30,55,3,53000.0,N=40_G=200,40,200,,0.6,0.2,3,True,A,0.5,nogood,8,0.15,,,,,,1414,13,True,4.703342249585826,249277.13922804876,38800.0,180487.80487804877,29989.334349999997,0.0,249277.13922804876,0,0.0,0,0.0,21,7,liquido,4.729789957999856,200,8040,186,14,,2026-09-04T08:26:47,1a49b09b3d
E06_NG,Calibracion combinada de tamano de poblacion y generaciones,large,12,30,55,3,53000.0,N=40_G=200,40,200,,0.6,0.2,3,True,A,0.5,nogood,8,0.15,,,,,,1515,14,True,4.652001082254436,246556.05735948513,32700.0,181850.9485094851,32005.108850000008,0.0,246556.05735948513,0,0.0,0,0.0,20,6,amoniaco|liquido,6.674958589999733,200,8040,200,0,,2026-09-04T08:26:54,1a49b09b3d
E06_NG,Calibracion combinada de tamano de poblacion y generaciones,large,12,30,55,3,53000.0,N=40_G=200,40,200,,0.6,0.2,3,True,A,0.5,nogood,8,0.15,,,,,,1616,15,True,4.7793377145497775,253304.89887113823,33300.0,184632.11382113822,35372.785050000006,0.0,253304.89887113823,0,0.0,0,0.0,21,6,amoniaco|liquido,4.413451162000456,200,8040,200,0,,2026-09-04T08:26:58,1a49b09b3d
E06_NG,Calibracion combinada de tamano de poblacion y generaciones,large,12,30,55,3,53000.0,N=40_G=200,40,200,,0.6,0.2,3,True,A,0.5,nogood,8,0.15,,,,,,1717,16,True,4.639287037298665,245882.21297682927,38200.0,177292.68292682926,30389.530049999994,0.0,245882.21297682927,0,0.0,0,0.0,22,7,liquido,4.729756906000148,200,8040,200,0,,2026-09-04T08:27:03,1a49b09b3d
E06_NG,Calibracion combinada de tamano de poblacion y generaciones,large,12,30,55,3,53000.0,N=40_G=200,40,200,,0.6,0.2,3,True,A,0.5,nogood,8,0.15,,,,,,1818,17,True,4.723417748064631,250341.14064742546,38200.0,181754.74254742547,30386.398100000002,0.0,250341.14064742546,0,0.0,0,0.0,20,7,amoniaco|liquido,6.741058708999844,200,8040,200,0,,2026-09-04T08:27:09,1a49b09b3d
E06_NG,Calibracion combinada de tamano de poblacion y generaciones,large,12,30,55,3,53000.0,N=40_G=200,40,200,,0.6,0.2,3,True,A,0.5,nogood,8,0.15,,,,,,1919,18,True,4.799547487735849,254376.01684999999,33600.0,185000.0,35776.01684999999,0.0,254376.01684999999,0,0.0,0,0.0,21,6,amoniaco|liquido,4.606230117999985,200,8040,172,28,,2026-09-04T08:27:14,1a49b09b3d
E06_NG,Calibracion combinada de tamano de poblacion y generaciones,large,12,30,55,3,53000.0,N=40_G=200,40,200,,0.6,0.2,3,True,A,0.5,nogood,8,0.15,,,,,,2020,19,True,4.701199933481618,249163.59647452575,37600.0,178257.45257452576,33306.14390000001,0.0,249163.59647452575,0,0.0,0,0.0,20,7,amoniaco|liquido,5.324730007999278,200,8040,194,6,,2026-09-04T08:27:19,1a49b09b3d
E06_NG,Calibracion combinada de tamano de poblacion y generaciones,large,12,30,55,3,53000.0,N=80_G=50,80,50,,0.6,0.2,3,True,A,0.5,nogood,8,0.15,,,,,,101,0,True,5.190132630797158,275077.0294322494,49100.0,184993.22493224934,40983.804500000006,0.0,275077.0294322494,0,0.0,0,0.0,18,9,amoniaco|liquido,3.693972541000221,50,4080,50,0,,2026-09-04T08:27:23,2e0eedb823
E06_NG,Calibracion combinada de tamano de poblacion y generaciones,large,12,30,55,3,53000.0,N=80_G=50,80,50,,0.6,0.2,3,True,A,0.5,nogood,8,0.15,,,,,,202,1,True,5.138299997064989,272329.8998444444,43900.0,185444.44444444444,42985.45539999999,0.0,272329.8998444444,0,0.0,0,0.0,19,8,amoniaco|liquido,2.3814859859994613,50,4080,49,1,,2026-09-04T08:27:25,2e0eedb823
E06_NG,Calibracion combinada de tamano de poblacion y generaciones,large,12,30,55,3,53000.0,N=80_G=50,80,50,,0.6,0.2,3,True,A,0.5,nogood,8,0.15,,,,,,303,2,True,4.976648983678478,263762.39613495936,32700.0,183843.49593495936,47218.90020000002,0.0,263762.39613495936,0,0.0,0,0.0,19,6,amoniaco|liquido,2.386899299000106,50,4080,49,1,,2026-09-04T08:27:28,2e0eedb823
E06_NG,Calibracion combinada de tamano de poblacion y generaciones,large,12,30,55,3,53000.0,N=80_G=50,80,50,,0.6,0.2,3,True,A,0.5,nogood,8,0.15,,,,,,404,3,True,4.9025021347445925,259832.6131414634,43100.0,174634.1463414634,42098.466799999995,0.0,259832.6131414634,0,0.0,0,0.0,23,8,liquido,2.502021049999712,50,4080,48,2,,2026-09-04T08:27:30,2e0eedb823
E06_NG,Calibracion combinada de tamano de poblacion y generaciones,large,12,30,55,3,53000.0,N=80_G=50,80,50,,0.6,0.2,3,True,A,0.5,nogood,8,0.15,,,,,,505,4,True,5.010248514493532,265543.1712681572,28700.0,191571.8157181572,45271.35555000001,0.0,265543.1712681572,0,0.0,0,0.0,21,5,amoniaco|liquido,2.7419012979999025,50,4080,46,4,,2026-09-04T08:27:33,2e0eedb823
E06_NG,Calibracion combinada de tamano de poblacion y generaciones,large,12,30,55,3,53000.0,N=80_G=50,80,50,,0.6,0.2,3,True,A,0.5,nogood,8,0.15,,,,,,606,5,True,5.091741141806003,269862.28051571816,49700.0,184681.57181571814,35480.7087,0.0,269862.28051571816,0,0.0,0,0.0,20,9,amoniaco|liquido,4.266799806999188,50,4080,44,6,,2026-09-04T08:27:37,2e0eedb823
E06_NG,Calibracion combinada de tamano de poblacion y generaciones,large,12,30,55,3,53000.0,N=80_G=50,80,50,,0.6,0.2,3,True,A,0.5,nogood,8,0.15,,,,,,707,6,True,4.874357630313954,258340.95440663956,39000.0,185395.66395663956,33945.29045,0.0,258340.95440663956,0,0.0,0,0.0,21,7,amoniaco|liquido,2.2823891490006645,50,4080,50,0,,2026-09-04T08:27:40,2e0eedb823
E06_NG,Calibracion combinada de tamano de poblacion y generaciones,large,12,30,55,3,53000.0,N=80_G=50,80,50,,0.6,0.2,3,True,A,0.5,nogood,8,0.15,,,,,,808,7,True,4.977249575448689,263794.2274987805,28100.0,183804.8780487805,51889.349450000016,0.0,263794.2274987805,0,0.0,0,0.0,22,5,liquido,2.484398081999643,50,4080,50,0,,2026-09-04T08:27:42,2e0eedb823
E06_NG,Calibracion combinada de tamano de poblacion y generaciones,large,12,30,55,3,53000.0,N=80_G=50,80,50,,0.6,0.2,3,True,A,0.5,nogood,8,0.15,,,,,,909,8,True,5.082610865434371,269378.3758680217,33600.0,186216.80216802168,49561.573699999986,0.0,269378.3758680217,0,0.0,0,0.0,20,6,amoniaco|liquido,2.3035977199997433,50,4080,47,3,,2026-09-04T08:27:44,2e0eedb823
E06_NG,Calibracion combinada de tamano de poblacion y generaciones,large,12,30,55,3,53000.0,N=80_G=50,80,50,,0.6,0.2,3,True,A,0.5,nogood,8,0.15,,,,,,1010,9,True,5.007406135273815,265392.5251695122,43100.0,176121.95121951218,46170.57395000001,0.0,265392.5251695122,0,0.0,0,0.0,22,8,liquido,2.516089906000161,50,4080,50,0,,2026-09-04T08:27:47,2e0eedb823
E06_NG,Calibracion combinada de tamano de poblacion y generaciones,large,12,30,55,3,53000.0,N=80_G=50,80,50,,0.6,0.2,3,True,A,0.5,nogood,8,0.15,,,,,,1111,10,True,5.205658300171295,275899.8899090786,50300.0,191535.9078590786,34063.98204999999,0.0,275899.8899090786,0,0.0,0,0.0,17,9,amoniaco|liquido,4.312479395999617,50,4080,50,0,,2026-09-04T08:27:51,2e0eedb823
E06_NG,Calibracion combinada de tamano de poblacion y generaciones,large,12,30,55,3,53000.0,N=80_G=50,80,50,,0.6,0.2,3,True,A,0.5,nogood,8,0.15,,,,,,1212,11,True,5.066451715477834,268521.9409203252,38500.0,185002.0325203252,45019.908399999986,0.0,268521.9409203252,0,0.0,0,0.0,18,7,amoniaco|liquido,2.6345502519998263,50,4080,50,0,,2026-09-04T08:27:54,2e0eedb823
E06_NG,Calibracion combinada de tamano de poblacion y generaciones,large,12,30,55,3,53000.0,N=80_G=50,80,50,,0.6,0.2,3,True,A,0.5,nogood,8,0.15,,,,,,1313,12,True,5.289209688656236,280328.11349878047,49800.0,187054.8780487805,43473.23544999999,0.0,280328.11349878047,0,0.0,0,0.0,20,9,amoniaco|liquido,2.554921363000176,50,4080,50,0,,2026-09-04T08:27:56,2e0eedb823
E06_NG,Calibracion combinada de tamano de poblacion y generaciones,large,12,30,55,3,53000.0,N=80_G=50,80,50,,0.6,0.2,3,True,A,0.5,nogood,8,0.15,,,,,,1414,13,True,4.993040374126911,264631.1398287263,38800.0,192262.8726287263,33568.26720000001,0.0,264631.1398287263,0,0.0,0,0.0,18,7,amoniaco|liquido,2.463998188000005,50,4080,48,2,,2026-09-04T08:27:59,2e0eedb823
E06_NG,Calibracion combinada de tamano de poblacion y generaciones,large,12,30,55,3,53000.0,N=80_G=50,80,50,,0.6,0.2,3,True,A,0.5,nogood,8,0.15,,,,,,1515,14,True,5.102615290586491,270438.610401084,44000.0,185090.10840108403,41348.50199999999,0.0,270438.610401084,0,0.0,0,0.0,19,8,amoniaco|liquido,2.4558631629997763,50,4080,50,0,,2026-09-04T08:28:01,2e0eedb823
E06_NG,Calibracion combinada de tamano de poblacion y generaciones,large,12,30,55,3,53000.0,N=80_G=50,80,50,,0.6,0.2,3,True,A,0.5,nogood,8,0.15,,,,,,1616,15,True,5.179675026739786,274522.77641720866,44600.0,190836.72086720867,39086.05555,0.0,274522.77641720866,0,0.0,0,0.0,18,8,amoniaco|liquido,3.714424343000246,50,4080,50,0,,2026-09-04T08:28:05,2e0eedb823
E06_NG,Calibracion combinada de tamano de poblacion y generaciones,large,12,30,55,3,53000.0,N=80_G=50,80,50,,0.6,0.2,3,True,A,0.5,nogood,8,0.15,,,,,,1717,16,True,4.971667823272997,263498.3946334689,44000.0,179688.34688346885,39810.04775000001,0.0,263498.3946334689,0,0.0,0,0.0,21,8,amoniaco|liquido,3.191020696999658,50,4080,48,2,,2026-09-04T08:28:08,2e0eedb823
E06_NG,Calibracion combinada de tamano de poblacion y generaciones,large,12,30,55,3,53000.0,N=80_G=50,80,50,,0.6,0.2,3,True,A,0.5,nogood,8,0.15,,,,,,1818,17,True,4.984272505315233,264166.44278170733,43700.0,185823.17073170733,34643.27205000001,0.0,264166.44278170733,0,0.0,0,0.0,18,8,amoniaco|liquido,2.324661661999926,50,4080,50,0,,2026-09-04T08:28:11,2e0eedb823
E06_NG,Calibracion combinada de tamano de poblacion y generaciones,large,12,30,55,3,53000.0,N=80_G=50,80,50,,0.6,0.2,3,True,A,0.5,nogood,8,0.15,,,,,,1919,18,True,5.067473880099198,268576.11564525747,39100.0,188574.52574525744,40901.58990000001,0.0,268576.11564525747,0,0.0,0,0.0,19,7,amoniaco|liquido,2.429989208999359,50,4080,49,1,,2026-09-04T08:28:13,2e0eedb823
E06_NG,Calibracion combinada de tamano de poblacion y generaciones,large,12,30,55,3,53000.0,N=80_G=50,80,50,,0.6,0.2,3,True,A,0.5,nogood,8,0.15,,,,,,2020,19,True,5.001039317285372,265055.0838161247,38500.0,182246.61246612467,44308.47135000001,0.0,265055.0838161247,0,0.0,0,0.0,21,7,amoniaco|liquido,2.507077406999997,50,4080,48,2,,2026-09-04T08:28:16,2e0eedb823
E06_NG,Calibracion combinada de tamano de poblacion y generaciones,large,12,30,55,3,53000.0,N=80_G=100,80,100,,0.6,0.2,3,True,A,0.5,nogood,8,0.15,,,,,,101,0,True,4.911245931298256,260296.03435880758,43900.0,183075.8807588076,33320.1536,0.0,260296.03435880758,0,0.0,0,0.0,20,8,amoniaco|liquido,6.797365532000185,100,8080,100,0,,2026-09-04T08:28:22,588ab987cf
E06_NG,Calibracion combinada de tamano de poblacion y generaciones,large,12,30,55,3,53000.0,N=80_G=100,80,100,,0.6,0.2,3,True,A,0.5,nogood,8,0.15,,,,,,202,1,True,5.021408342337781,266134.6421439024,43900.0,177024.39024390245,45210.251899999996,0.0,266134.6421439024,0,0.0,0,0.0,22,8,liquido,4.801900563000345,100,8080,92,8,,2026-09-04T08:28:27,588ab987cf
E06_NG,Calibracion combinada de tamano de poblacion y generaciones,large,12,30,55,3,53000.0,N=80_G=100,80,100,,0.6,0.2,3,True,A,0.5,nogood,8,0.15,,,,,,303,2,True,4.8228633885181775,255611.7595914634,32700.0,178634.1463414634,44277.613249999995,0.0,255611.7595914634,0,0.0,0,0.0,24,6,liquido,5.050447180999981,100,8080,100,0,,2026-09-04T08:28:32,588ab987cf
E06_NG,Calibracion combinada de tamano de poblacion y generaciones,large,12,30,55,3,53000.0,N=80_G=100,80,100,,0.6,0.2,3,True,A,0.5,nogood,8,0.15,,,,,,404,3,True,4.738267874551311,251128.19735121948,37300.0,174195.1219512195,39633.07539999999,0.0,251128.19735121948,0,0.0,0,0.0,22,7,liquido,6.803274017999684,100,8080,91,9,,2026-09-04T08:28:39,588ab987cf
E06_NG,Calibracion combinada de tamano de poblacion y generaciones,large,12,30,55,3,53000.0,N=80_G=100,80,100,,0.6,0.2,3,True,A,0.5,nogood,8,0.15,,,,,,505,4,True,4.854103265485504,257267.4730707317,28700.0,186317.07317073172,42250.3999,0.0,257267.4730707317,0,0.0,0,0.0,23,5,liquido,4.69287048499973,100,8080,96,4,,2026-09-04T08:28:44,588ab987cf
E06_NG,Calibracion combinada de tamano de poblacion y generaciones,large,12,30,55,3,53000.0,N=80_G=100,80,100,,0.6,0.2,3,True,A,0.5,nogood,8,0.15,,,,,,606,5,True,4.7885800350820675,253794.7418593496,43700.0,179995.9349593496,30098.806899999996,0.0,253794.7418593496,0,0.0,0,0.0,23,8,amoniaco|liquido,6.869591259000117,100,8080,92,8,,2026-09-04T08:28:51,588ab987cf
E06_NG,Calibracion combinada de tamano de poblacion y generaciones,large,12,30,55,3,53000.0,N=80_G=100,80,100,,0.6,0.2,3,True,A,0.5,nogood,8,0.15,,,,,,707,6,True,4.736064264981848,251011.40604403793,39000.0,184379.40379403793,27632.00225,0.0,251011.40604403793,0,0.0,0,0.0,20,7,amoniaco|liquido,4.817841303999558,100,8080,99,1,,2026-09-04T08:28:55,588ab987cf
E06_NG,Calibracion combinada de tamano de poblacion y generaciones,large,12,30,55,3,53000.0,N=80_G=100,80,100,,0.6,0.2,3,True,A,0.5,nogood,8,0.15,,,,,,808,7,True,4.935448127335481,261578.7507487805,28100.0,183804.8780487805,49673.87270000001,0.0,261578.7507487805,0,0.0,0,0.0,22,5,liquido,4.774004787999729,100,8080,96,4,,2026-09-04T08:29:00,588ab987cf
E06_NG,Calibracion combinada de tamano de poblacion y generaciones,large,12,30,55,3,53000.0,N=80_G=100,80,100,,0.6,0.2,3,True,A,0.5,nogood,8,0.15,,,,,,909,8,True,4.9503640326046945,262369.2937280488,33600.0,182487.80487804877,46281.48885,0.0,262369.2937280488,0,0.0,0,0.0,22,6,liquido,6.728360571999474,100,8080,96,4,,2026-09-04T08:29:07,588ab987cf
E06_NG,Calibracion combinada de tamano de poblacion y generaciones,large,12,30,55,3,53000.0,N=80_G=100,80,100,,0.6,0.2,3,True,A,0.5,nogood,8,0.15,,,,,,1010,9,True,4.885940193649333,258954.83026341465,43100.0,176146.34146341463,39708.48880000001,0.0,258954.83026341465,0,0.0,0,0.0,22,8,liquido,4.910091189999548,100,8080,99,1,,2026-09-04T08:29:12,588ab987cf
E06_NG,Calibracion combinada de tamano de poblacion y generaciones,large,12,30,55,3,53000.0,N=80_G=100,80,100,,0.6,0.2,3,True,A,0.5,nogood,8,0.15,,,,,,1111,10,True,4.901629204090606,259786.34781680215,44500.0,183021.68021680217,32264.6676,0.0,259786.34781680215,0,0.0,0,0.0,21,8,amoniaco|liquido,5.531195345000015,100,8080,100,0,,2026-09-04T08:29:17,588ab987cf
E06_NG,Calibracion combinada de tamano de poblacion y generaciones,large,12,30,55,3,53000.0,N=80_G=100,80,100,,0.6,0.2,3,True,A,0.5,nogood,8,0.15,,,,,,1212,11,True,4.968824790190213,263347.7138800813,38500.0,184563.00813008132,40284.70575,0.0,263347.7138800813,0,0.0,0,0.0,20,7,amoniaco|liquido,5.876588540000739,100,8080,95,5,,2026-09-04T08:29:23,588ab987cf
E06_NG,Calibracion combinada de tamano de poblacion y generaciones,large,12,30,55,3,53000.0,N=80_G=100,80,100,,0.6,0.2,3,True,A,0.5,nogood,8,0.15,,,,,,1313,12,True,4.900620335194559,259732.87776531163,38800.0,186366.53116531164,34566.346600000004,0.0,259732.87776531163,0,0.0,0,0.0,20,7,amoniaco|liquido,4.919361471999764,100,8080,100,0,,2026-09-04T08:29:28,588ab987cf
E06_NG,Calibracion combinada de tamano de poblacion y generaciones,large,12,30,55,3,53000.0,N=80_G=100,80,100,,0.6,0.2,3,True,A,0.5,nogood,8,0.15,,,,,,1414,13,True,4.807164996165056,254779.74479674798,38800.0,186729.67479674798,29250.070000000003,0.0,254779.74479674798,0,0.0,0,0.0,18,7,amoniaco|liquido,6.864323107000018,100,8080,98,2,,2026-09-04T08:29:35,588ab987cf
E06_NG,Calibracion combinada de tamano de poblacion y generaciones,large,12,30,55,3,53000.0,N=80_G=100,80,100,,0.6,0.2,3,True,A,0.5,nogood,8,0.15,,,,,,1515,14,True,4.809804343736258,254919.63021802166,38200.0,181216.80216802168,35502.82804999999,0.0,254919.63021802166,0,0.0,0,0.0,20,7,amoniaco|liquido,4.658458226999755,100,8080,99,1,,2026-09-04T08:29:40,588ab987cf
E06_NG,Calibracion combinada de tamano de poblacion y generaciones,large,12,30,55,3,53000.0,N=80_G=100,80,100,,0.6,0.2,3,True,A,0.5,nogood,8,0.15,,,,,,1616,15,True,5.053227293922892,267821.0465779133,44600.0,190132.7913279133,33088.25525000001,0.0,267821.0465779133,0,0.0,0,0.0,17,8,amoniaco|liquido,4.558155158000773,100,8080,99,1,,2026-09-04T08:29:44,588ab987cf
E06_NG,Calibracion combinada de tamano de poblacion y generaciones,large,12,30,55,3,53000.0,N=80_G=100,80,100,,0.6,0.2,3,True,A,0.5,nogood,8,0.15,,,,,,1717,16,True,4.766638007731247,252631.8144097561,44000.0,177560.9756097561,31070.83879999999,0.0,252631.8144097561,0,0.0,0,0.0,21,8,liquido,7.070209385999988,100,8080,99,1,,2026-09-04T08:29:51,588ab987cf
E06_NG,Calibracion combinada de tamano de poblacion y generaciones,large,12,30,55,3,53000.0,N=80_G=100,80,100,,0.6,0.2,3,True,A,0.5,nogood,8,0.15,,,,,,1818,17,True,4.863441243700466,257762.38591612468,43700.0,181496.61246612467,32565.773450000004,0.0,257762.38591612468,0,0.0,0,0.0,20,8,amoniaco|liquido,4.60698071600018,100,8080,99,1,,2026-09-04T08:29:56,588ab987cf
E06_NG,Calibracion combinada de tamano de poblacion y generaciones,large,12,30,55,3,53000.0,N=80_G=100,80,100,,0.6,0.2,3,True,A,0.5,nogood,8,0.15,,,,,,1919,18,True,4.874704078693051,258359.31617073168,39100.0,182317.0731707317,36942.24299999999,0.0,258359.31617073168,0,0.0,0,0.0,23,7,liquido,5.733296501000041,100,8080,99,1,,2026-09-04T08:30:02,588ab987cf
E06_NG,Calibracion combinada de tamano de poblacion y generaciones,large,12,30,55,3,53000.0,N=80_G=100,80,100,,0.6,0.2,3,True,A,0.5,nogood,8,0.15,,,,,,2020,19,True,4.844926703106305,256781.11526463414,38500.0,178341.46341463414,39939.651849999995,0.0,256781.11526463414,0,0.0,0,0.0,22,7,liquido,5.973374096999578,100,8080,97,3,,2026-09-04T08:30:08,588ab987cf
E06_NG,Calibracion combinada de tamano de poblacion y generaciones,large,12,30,55,3,53000.0,N=80_G=200,80,200,,0.6,0.2,3,True,A,0.5,nogood,8,0.15,,,,,,101,0,True,4.63261549316613,245528.62113780488,38700.0,181048.78048780488,25779.840650000002,0.0,245528.62113780488,0,0.0,0,0.0,22,7,liquido,11.780177565000486,200,16080,198,2,,2026-09-04T08:30:19,48a51c0094
E06_NG,Calibracion combinada de tamano de poblacion y generaciones,large,12,30,55,3,53000.0,N=80_G=200,80,200,,0.6,0.2,3,True,A,0.5,nogood,8,0.15,,,,,,202,1,True,4.76551394592729,252572.23913414634,38100.0,177463.41463414635,37008.824499999995,0.0,252572.23913414634,0,0.0,0,0.0,22,7,liquido,9.884597895000297,200,16080,199,1,,2026-09-04T08:30:29,48a51c0094
E06_NG,Calibracion combinada de tamano de poblacion y generaciones,large,12,30,55,3,53000.0,N=80_G=200,80,200,,0.6,0.2,3,True,A,0.5,nogood,8,0.15,,,,,,303,2,True,4.73633530570384,251025.77120230353,32700.0,181535.23035230354,36790.54085,0.0,251025.77120230353,0,0.0,0,0.0,20,6,amoniaco|liquido,11.2173967789995,200,16080,199,1,,2026-09-04T08:30:41,48a51c0094
E06_NG,Calibracion combinada de tamano de poblacion y generaciones,large,12,30,55,3,53000.0,N=80_G=200,80,200,,0.6,0.2,3,True,A,0.5,nogood,8,0.15,,,,,,404,3,True,4.617890207317074,244748.1809878049,37300.0,174048.78048780488,33399.4005,0.0,244748.1809878049,0,0.0,0,0.0,22,7,liquido,11.949199482999575,200,16080,198,2,,2026-09-04T08:30:53,48a51c0094
E06_NG,Calibracion combinada de tamano de poblacion y generaciones,large,12,30,55,3,53000.0,N=80_G=200,80,200,,0.6,0.2,3,True,A,0.5,nogood,8,0.15,,,,,,505,4,True,4.758247086240221,252187.0955707317,28700.0,186317.07317073172,37170.022399999994,0.0,252187.0955707317,0,0.0,0,0.0,20,5,liquido,11.439463280999917,200,16080,195,5,,2026-09-04T08:31:04,48a51c0094
E06_NG,Calibracion combinada de tamano de poblacion y generaciones,large,12,30,55,3,53000.0,N=80_G=200,80,200,,0.6,0.2,3,True,A,0.5,nogood,8,0.15,,,,,,606,5,True,4.537185336930511,240470.82285731708,37900.0,177170.73170731709,25400.09115,0.0,240470.82285731708,0,0.0,0,0.0,21,7,liquido,10.894073743999797,200,16080,200,0,,2026-09-04T08:31:15,48a51c0094
E06_NG,Calibracion combinada de tamano de poblacion y generaciones,large,12,30,55,3,53000.0,N=80_G=200,80,200,,0.6,0.2,3,True,A,0.5,nogood,8,0.15,,,,,,707,6,True,4.653239406652349,246621.68855257452,39000.0,184745.25745257453,22876.431099999998,0.0,246621.68855257452,0,0.0,0,0.0,20,7,amoniaco|liquido,10.272183447000316,200,16080,186,14,,2026-09-04T08:31:25,48a51c0094
E06_NG,Calibracion combinada de tamano de poblacion y generaciones,large,12,30,55,3,53000.0,N=80_G=200,80,200,,0.6,0.2,3,True,A,0.5,nogood,8,0.15,,,,,,808,7,True,4.866511682052462,257925.11914878048,28100.0,183804.8780487805,46020.241099999985,0.0,257925.11914878048,0,0.0,0,0.0,21,5,liquido,11.59783587399943,200,16080,195,5,,2026-09-04T08:31:37,48a51c0094
E06_NG,Calibracion combinada de tamano de poblacion y generaciones,large,12,30,55,3,53000.0,N=80_G=200,80,200,,0.6,0.2,3,True,A,0.5,nogood,8,0.15,,,,,,909,8,True,4.8189830665669575,255406.10252804874,27800.0,182487.80487804877,45118.29764999998,0.0,255406.10252804874,0,0.0,0,0.0,20,5,liquido,11.575038513000436,200,16080,161,39,,2026-09-04T08:31:48,48a51c0094
E06_NG,Calibracion combinada de tamano de poblacion y generaciones,large,12,30,55,3,53000.0,N=80_G=200,80,200,,0.6,0.2,3,True,A,0.5,nogood,8,0.15,,,,,,1010,9,True,4.641524138955362,246000.7793646342,43100.0,176341.46341463417,26559.315950000004,0.0,246000.7793646342,0,0.0,0,0.0,23,8,liquido,11.053907264000372,200,16080,197,3,,2026-09-04T08:31:59,48a51c0094
E06_NG,Calibracion combinada de tamano de poblacion y generaciones,large,12,30,55,3,53000.0,N=80_G=200,80,200,,0.6,0.2,3,True,A,0.5,nogood,8,0.15,,,,,,1111,10,True,4.585230422227335,243017.21237804877,38500.0,178487.80487804877,26029.407500000005,0.0,243017.21237804877,0,0.0,0,0.0,22,7,liquido,10.439318113999434,200,16080,199,1,,2026-09-04T08:32:10,48a51c0094
E06_NG,Calibracion combinada de tamano de poblacion y generaciones,large,12,30,55,3,53000.0,N=80_G=200,80,200,,0.6,0.2,3,True,A,0.5,nogood,8,0.15,,,,,,1212,11,True,4.664129443741372,247198.8605182927,32700.0,178926.8292682927,35572.03124999999,0.0,247198.8605182927,0,0.0,0,0.0,23,6,liquido,11.596778899000128,200,16080,197,3,,2026-09-04T08:32:21,48a51c0094
E06_NG,Calibracion combinada de tamano de poblacion y generaciones,large,12,30,55,3,53000.0,N=80_G=200,80,200,,0.6,0.2,3,True,A,0.5,nogood,8,0.15,,,,,,1313,12,True,4.593920368959964,243477.77955487807,38800.0,180780.48780487807,23897.291750000008,0.0,243477.77955487807,0,0.0,0,0.0,24,7,liquido,11.90203445499992,200,16080,199,1,,2026-09-04T08:32:33,48a51c0094
E06_NG,Calibracion combinada de tamano de poblacion y generaciones,large,12,30,55,3,53000.0,N=80_G=200,80,200,,0.6,0.2,3,True,A,0.5,nogood,8,0.15,,,,,,1414,13,True,4.738036097361558,251115.9131601626,38800.0,185876.0162601626,26439.8969,0.0,251115.9131601626,0,0.0,0,0.0,21,7,amoniaco|liquido,11.319564751000144,200,16080,197,3,,2026-09-04T08:32:45,48a51c0094
E06_NG,Calibracion combinada de tamano de poblacion y generaciones,large,12,30,55,3,53000.0,N=80_G=200,80,200,,0.6,0.2,3,True,A,0.5,nogood,8,0.15,,,,,,1515,14,True,4.545942038863323,240934.92805975612,32400.0,177560.9756097561,30973.952449999997,0.0,240934.92805975612,0,0.0,0,0.0,23,6,liquido,9.716349430999799,200,16080,192,8,,2026-09-04T08:32:54,48a51c0094
E06_NG,Calibracion combinada de tamano de poblacion y generaciones,large,12,30,55,3,53000.0,N=80_G=200,80,200,,0.6,0.2,3,True,A,0.5,nogood,8,0.15,,,,,,1616,15,True,4.889296567840159,259132.71809552843,39100.0,187284.55284552844,32748.165249999995,0.0,259132.71809552843,0,0.0,0,0.0,18,7,amoniaco|liquido,11.379583204000483,200,16080,197,3,,2026-09-04T08:33:06,48a51c0094
E06_NG,Calibracion combinada de tamano de poblacion y generaciones,large,12,30,55,3,53000.0,N=80_G=200,80,200,,0.6,0.2,3,True,A,0.5,nogood,8,0.15,,,,,,1717,16,True,4.468925061198037,236853.02824349597,38200.0,178959.34959349595,19693.67865,0.0,236853.02824349597,0,0.0,0,0.0,24,7,amoniaco|liquido,11.966737257000204,200,16080,200,0,,2026-09-04T08:33:18,48a51c0094
E06_NG,Calibracion combinada de tamano de poblacion y generaciones,large,12,30,55,3,53000.0,N=80_G=200,80,200,,0.6,0.2,3,True,A,0.5,nogood,8,0.15,,,,,,1818,17,True,4.6065924453494915,244149.39960352305,37900.0,179730.35230352305,26519.047300000002,0.0,244149.39960352305,0,0.0,0,0.0,21,7,amoniaco|liquido,11.411754669000402,200,16080,198,2,,2026-09-04T08:33:29,48a51c0094
E06_NG,Calibracion combinada de tamano de poblacion y generaciones,large,12,30,55,3,53000.0,N=80_G=200,80,200,,0.6,0.2,3,True,A,0.5,nogood,8,0.15,,,,,,1919,18,True,4.651179999608836,246512.53997926827,39100.0,181682.92682926828,25729.61315,0.0,246512.53997926827,0,0.0,0,0.0,23,7,liquido,9.877214019999883,200,16080,199,1,,2026-09-04T08:33:39,48a51c0094
E06_NG,Calibracion combinada de tamano de poblacion y generaciones,large,12,30,55,3,53000.0,N=80_G=200,80,200,,0.6,0.2,3,True,A,0.5,nogood,8,0.15,,,,,,2020,19,True,4.650224022365394,246461.87318536587,32700.0,179658.53658536586,34103.33660000001,0.0,246461.87318536587,0,0.0,0,0.0,21,6,liquido,11.681375645000116,200,16080,185,15,,2026-09-04T08:33:51,48a51c0094
