exp_id,calibracion,instancia,P,J,K,M,HTotal,id_config,tam_poblacion,n_generaciones,tiempo_max,prob_cruce,prob_mutacion,k_torneo,elitismo,tipo_init,frac_semilla,pool_tipo,pool_n,pool_sigma,m_ref,w_visita,w_capacidad,w_camiones,w_produccion,semilla,rep,factible,lcoh,coste_total,capex,opex,transporte,penalizacion,fitness,viol_visita,viol_capacidad,viol_camiones,viol_produccion,n_camiones,n_plantas_abiertas,modos_usados,tiempo_s,generaciones_ejec,evaluaciones,gen_mejor,gen_estancamiento,error,timestamp,hash_config
E08_INIT,Estudio de las estrategias de inicializacion de la poblacion,small,4,8,16,3,22400.0,init=A_frac=0.25,150,200,,0.6,0.2,2,True,A,0.25,nogood,8,0.15,min_efi,,,,,101,0,True,4.6045534210583625,103141.99663170733,21100.0,73073.17073170733,8968.8259,0.0,103141.99663170733,0,0.0,0,0.0,8,4,liquido,9.28913455500151,200,30150,58,142,,2026-09-04T22:19:36,8533dc568b
E08_INIT,Estudio de las estrategias de inicializacion de la poblacion,small,4,8,16,3,22400.0,init=A_frac=0.25,150,200,,0.6,0.2,2,True,A,0.25,nogood,8,0.15,min_efi,,,,,202,1,True,4.6045534210583625,103141.99663170733,21100.0,73073.17073170733,8968.8259,0.0,103141.99663170733,0,0.0,0,0.0,8,4,liquido,9.038197858000785,200,30150,47,153,,2026-09-04T22:19:45,8533dc568b
E08_INIT,Estudio de las estrategias de inicializacion de la poblacion,small,4,8,16,3,22400.0,init=A_frac=0.25,150,200,,0.6,0.2,2,True,A,0.25,nogood,8,0.15,min_efi,,,,,303,2,True,4.608414470165505,103228.48413170733,21100.0,73073.17073170733,9055.3134,0.0,103228.48413170733,0,0.0,0,0.0,8,4,liquido,7.231735931000003,200,30150,65,135,,2026-09-04T22:19:53,8533dc568b
E08_INIT,Estudio de las estrategias de inicializacion de la poblacion,small,4,8,16,3,22400.0,init=A_frac=0.25,150,200,,0.6,0.2,2,True,A,0.25,nogood,8,0.15,min_efi,,,,,404,3,True,4.608414470165505,103228.48413170733,21100.0,73073.17073170733,9055.3134,0.0,103228.48413170733,0,0.0,0,0.0,8,4,liquido,9.135513257999264,200,30150,18,182,,2026-09-04T22:20:02,8533dc568b
E08_INIT,Estudio de las estrategias de inicializacion de la poblacion,small,4,8,16,3,22400.0,init=A_frac=0.25,150,200,,0.6,0.2,2,True,A,0.25,nogood,8,0.15,min_efi,,,,,505,4,True,4.6045534210583625,103141.99663170733,21100.0,73073.17073170733,8968.8259,0.0,103141.99663170733,0,0.0,0,0.0,8,4,liquido,7.663272162000794,200,30150,50,150,,2026-09-04T22:20:09,8533dc568b
E08_INIT,Estudio de las estrategias de inicializacion de la poblacion,small,4,8,16,3,22400.0,init=A_frac=0.25,150,200,,0.6,0.2,2,True,A,0.25,nogood,8,0.15,min_efi,,,,,606,5,True,4.6045534210583625,103141.99663170733,21100.0,73073.17073170733,8968.8259,0.0,103141.99663170733,0,0.0,0,0.0,8,4,liquido,9.305483078998805,200,30150,57,143,,2026-09-04T22:20:19,8533dc568b
E08_INIT,Estudio de las estrategias de inicializacion de la poblacion,small,4,8,16,3,22400.0,init=A_frac=0.25,150,200,,0.6,0.2,2,True,A,0.25,nogood,8,0.15,min_efi,,,,,707,6,True,4.589244453233886,102799.07575243904,21100.0,72390.24390243903,9308.83185,0.0,102799.07575243904,0,0.0,0,0.0,8,4,liquido,8.142413370002032,200,30150,79,121,,2026-09-04T22:20:27,8533dc568b
E08_INIT,Estudio de las estrategias de inicializacion de la poblacion,small,4,8,16,3,22400.0,init=A_frac=0.25,150,200,,0.6,0.2,2,True,A,0.25,nogood,8,0.15,min_efi,,,,,808,7,True,4.6045534210583625,103141.99663170733,21100.0,73073.17073170733,8968.8259,0.0,103141.99663170733,0,0.0,0,0.0,8,4,liquido,8.303415123999002,200,30150,63,137,,2026-09-04T22:20:35,8533dc568b
E08_INIT,Estudio de las estrategias de inicializacion de la poblacion,small,4,8,16,3,22400.0,init=A_frac=0.25,150,200,,0.6,0.2,2,True,A,0.25,nogood,8,0.15,min_efi,,,,,909,8,True,4.6045534210583625,103141.99663170733,21100.0,73073.17073170733,8968.825900000002,0.0,103141.99663170733,0,0.0,0,0.0,8,4,liquido,8.94326096900113,200,30150,45,155,,2026-09-04T22:20:44,8533dc568b
E08_INIT,Estudio de las estrategias de inicializacion de la poblacion,small,4,8,16,3,22400.0,init=A_frac=0.25,150,200,,0.6,0.2,2,True,A,0.25,nogood,8,0.15,min_efi,,,,,1010,9,True,4.616694323769599,103413.95285243903,21100.0,72390.24390243903,9923.70895,0.0,103413.95285243903,0,0.0,0,0.0,8,4,liquido,7.595617499999207,200,30150,64,136,,2026-09-04T22:20:52,8533dc568b
E08_INIT,Estudio de las estrategias de inicializacion de la poblacion,small,4,8,16,3,22400.0,init=A_frac=0.25,150,200,,0.6,0.2,2,True,A,0.25,nogood,8,0.15,min_efi,,,,,1111,10,True,4.6045534210583625,103141.99663170733,21100.0,73073.17073170733,8968.8259,0.0,103141.99663170733,0,0.0,0,0.0,8,4,liquido,9.086253762001434,200,30150,65,135,,2026-09-04T22:21:01,8533dc568b
E08_INIT,Estudio de las estrategias de inicializacion de la poblacion,small,4,8,16,3,22400.0,init=A_frac=0.25,150,200,,0.6,0.2,2,True,A,0.25,nogood,8,0.15,min_efi,,,,,1212,11,True,4.589244453233886,102799.07575243904,21100.0,72390.24390243903,9308.831849999999,0.0,102799.07575243904,0,0.0,0,0.0,8,4,liquido,6.865121957998781,200,30150,48,152,,2026-09-04T22:21:08,8533dc568b
E08_INIT,Estudio de las estrategias de inicializacion de la poblacion,small,4,8,16,3,22400.0,init=A_frac=0.25,150,200,,0.6,0.2,2,True,A,0.25,nogood,8,0.15,min_efi,,,,,1313,12,True,4.589244453233886,102799.07575243904,21100.0,72390.24390243903,9308.831849999999,0.0,102799.07575243904,0,0.0,0,0.0,8,4,liquido,9.154212453002401,200,30150,115,85,,2026-09-04T22:21:17,8533dc568b
E08_INIT,Estudio de las estrategias de inicializacion de la poblacion,small,4,8,16,3,22400.0,init=A_frac=0.25,150,200,,0.6,0.2,2,True,A,0.25,nogood,8,0.15,min_efi,,,,,1414,13,True,4.589244453233886,102799.07575243904,21100.0,72390.24390243903,9308.83185,0.0,102799.07575243904,0,0.0,0,0.0,8,4,liquido,6.904607379001391,200,30150,29,171,,2026-09-04T22:21:24,8533dc568b
E08_INIT,Estudio de las estrategias de inicializacion de la poblacion,small,4,8,16,3,22400.0,init=A_frac=0.25,150,200,,0.6,0.2,2,True,A,0.25,nogood,8,0.15,min_efi,,,,,1515,14,True,4.589244453233886,102799.07575243904,21100.0,72390.24390243903,9308.83185,0.0,102799.07575243904,0,0.0,0,0.0,8,4,liquido,9.092551800000365,200,30150,76,124,,2026-09-04T22:21:33,8533dc568b
E08_INIT,Estudio de las estrategias de inicializacion de la poblacion,small,4,8,16,3,22400.0,init=A_frac=0.25,150,200,,0.6,0.2,2,True,A,0.25,nogood,8,0.15,min_efi,,,,,1616,15,True,4.608414470165505,103228.48413170733,21100.0,73073.17073170733,9055.313400000001,0.0,103228.48413170733,0,0.0,0,0.0,8,4,liquido,7.525739509997948,200,30150,42,158,,2026-09-04T22:21:40,8533dc568b
E08_INIT,Estudio de las estrategias de inicializacion de la poblacion,small,4,8,16,3,22400.0,init=A_frac=0.25,150,200,,0.6,0.2,2,True,A,0.25,nogood,8,0.15,min_efi,,,,,1717,16,True,4.6045534210583625,103141.99663170733,21100.0,73073.17073170733,8968.825900000002,0.0,103141.99663170733,0,0.0,0,0.0,8,4,liquido,8.863133304999792,200,30150,32,168,,2026-09-04T22:21:49,8533dc568b
E08_INIT,Estudio de las estrategias de inicializacion de la poblacion,small,4,8,16,3,22400.0,init=A_frac=0.25,150,200,,0.6,0.2,2,True,A,0.25,nogood,8,0.15,min_efi,,,,,1818,17,True,4.589244453233886,102799.07575243904,21100.0,72390.24390243903,9308.831849999999,0.0,102799.07575243904,0,0.0,0,0.0,8,4,liquido,8.916471706001175,200,30150,47,153,,2026-09-04T22:21:58,8533dc568b
E08_INIT,Estudio de las estrategias de inicializacion de la poblacion,small,4,8,16,3,22400.0,init=A_frac=0.25,150,200,,0.6,0.2,2,True,A,0.25,nogood,8,0.15,min_efi,,,,,1919,18,True,4.6128332746624565,103327.46535243903,21100.0,72390.24390243903,9837.221450000001,0.0,103327.46535243903,0,0.0,0,0.0,8,4,liquido,7.7791724919989065,200,30150,72,128,,2026-09-04T22:22:06,8533dc568b
E08_INIT,Estudio de las estrategias de inicializacion de la poblacion,small,4,8,16,3,22400.0,init=A_frac=0.25,150,200,,0.6,0.2,2,True,A,0.25,nogood,8,0.15,min_efi,,,,,2020,19,True,4.6045534210583625,103141.99663170733,21100.0,73073.17073170733,8968.825900000002,0.0,103141.99663170733,0,0.0,0,0.0,8,4,liquido,9.273062393996952,200,30150,52,148,,2026-09-04T22:22:15,8533dc568b
E08_INIT,Estudio de las estrategias de inicializacion de la poblacion,small,4,8,16,3,22400.0,init=B_frac=0.25,150,200,,0.6,0.2,2,True,B,0.25,nogood,8,0.15,min_efi,,,,,101,0,True,4.6045534210583625,103141.99663170733,21100.0,73073.17073170733,8968.8259,0.0,103141.99663170733,0,0.0,0,0.0,8,4,liquido,7.8972579010005575,200,30150,18,182,,2026-09-04T22:22:23,c11b18f024
E08_INIT,Estudio de las estrategias de inicializacion de la poblacion,small,4,8,16,3,22400.0,init=B_frac=0.25,150,200,,0.6,0.2,2,True,B,0.25,nogood,8,0.15,min_efi,,,,,202,1,True,4.6045534210583625,103141.99663170733,21100.0,73073.17073170733,8968.8259,0.0,103141.99663170733,0,0.0,0,0.0,8,4,liquido,9.42467981200025,200,30150,25,175,,2026-09-04T22:22:33,c11b18f024
E08_INIT,Estudio de las estrategias de inicializacion de la poblacion,small,4,8,16,3,22400.0,init=B_frac=0.25,150,200,,0.6,0.2,2,True,B,0.25,nogood,8,0.15,min_efi,,,,,303,2,True,4.6045534210583625,103141.99663170733,21100.0,73073.17073170733,8968.825900000002,0.0,103141.99663170733,0,0.0,0,0.0,8,4,liquido,7.838102802001231,200,30150,23,177,,2026-09-04T22:22:41,c11b18f024
E08_INIT,Estudio de las estrategias de inicializacion de la poblacion,small,4,8,16,3,22400.0,init=B_frac=0.25,150,200,,0.6,0.2,2,True,B,0.25,nogood,8,0.15,min_efi,,,,,404,3,True,4.6045534210583625,103141.99663170733,21100.0,73073.17073170733,8968.8259,0.0,103141.99663170733,0,0.0,0,0.0,8,4,liquido,8.726622878999478,200,30150,22,178,,2026-09-04T22:22:49,c11b18f024
E08_INIT,Estudio de las estrategias de inicializacion de la poblacion,small,4,8,16,3,22400.0,init=B_frac=0.25,150,200,,0.6,0.2,2,True,B,0.25,nogood,8,0.15,min_efi,,,,,505,4,True,4.6045534210583625,103141.99663170733,21100.0,73073.17073170733,8968.8259,0.0,103141.99663170733,0,0.0,0,0.0,8,4,liquido,9.18073962100243,200,30150,23,177,,2026-09-04T22:22:58,c11b18f024
E08_INIT,Estudio de las estrategias de inicializacion de la poblacion,small,4,8,16,3,22400.0,init=B_frac=0.25,150,200,,0.6,0.2,2,True,B,0.25,nogood,8,0.15,min_efi,,,,,606,5,True,4.6045534210583625,103141.99663170733,21100.0,73073.17073170733,8968.8259,0.0,103141.99663170733,0,0.0,0,0.0,8,4,liquido,7.535202639999625,200,30150,17,183,,2026-09-04T22:23:06,c11b18f024
E08_INIT,Estudio de las estrategias de inicializacion de la poblacion,small,4,8,16,3,22400.0,init=B_frac=0.25,150,200,,0.6,0.2,2,True,B,0.25,nogood,8,0.15,min_efi,,,,,707,6,True,4.6045534210583625,103141.99663170733,21100.0,73073.17073170733,8968.8259,0.0,103141.99663170733,0,0.0,0,0.0,8,4,liquido,9.112447045998124,200,30150,13,187,,2026-09-04T22:23:15,c11b18f024
E08_INIT,Estudio de las estrategias de inicializacion de la poblacion,small,4,8,16,3,22400.0,init=B_frac=0.25,150,200,,0.6,0.2,2,True,B,0.25,nogood,8,0.15,min_efi,,,,,808,7,True,4.6045534210583625,103141.99663170733,21100.0,73073.17073170733,8968.825900000002,0.0,103141.99663170733,0,0.0,0,0.0,8,4,liquido,7.0665580019995105,200,30150,17,183,,2026-09-04T22:23:22,c11b18f024
E08_INIT,Estudio de las estrategias de inicializacion de la poblacion,small,4,8,16,3,22400.0,init=B_frac=0.25,150,200,,0.6,0.2,2,True,B,0.25,nogood,8,0.15,min_efi,,,,,909,8,True,4.6045534210583625,103141.99663170733,21100.0,73073.17073170733,8968.825900000002,0.0,103141.99663170733,0,0.0,0,0.0,8,4,liquido,9.14003513300122,200,30150,17,183,,2026-09-04T22:23:31,c11b18f024
E08_INIT,Estudio de las estrategias de inicializacion de la poblacion,small,4,8,16,3,22400.0,init=B_frac=0.25,150,200,,0.6,0.2,2,True,B,0.25,nogood,8,0.15,min_efi,,,,,1010,9,True,4.6045534210583625,103141.99663170733,21100.0,73073.17073170733,8968.825900000002,0.0,103141.99663170733,0,0.0,0,0.0,8,4,liquido,7.19632184999864,200,30150,24,176,,2026-09-04T22:23:39,c11b18f024
E08_INIT,Estudio de las estrategias de inicializacion de la poblacion,small,4,8,16,3,22400.0,init=B_frac=0.25,150,200,,0.6,0.2,2,True,B,0.25,nogood,8,0.15,min_efi,,,,,1111,10,True,4.6045534210583625,103141.99663170733,21100.0,73073.17073170733,8968.8259,0.0,103141.99663170733,0,0.0,0,0.0,8,4,liquido,9.25977282799795,200,30150,18,182,,2026-09-04T22:23:48,c11b18f024
E08_INIT,Estudio de las estrategias de inicializacion de la poblacion,small,4,8,16,3,22400.0,init=B_frac=0.25,150,200,,0.6,0.2,2,True,B,0.25,nogood,8,0.15,min_efi,,,,,1212,11,True,4.6045534210583625,103141.99663170733,21100.0,73073.17073170733,8968.8259,0.0,103141.99663170733,0,0.0,0,0.0,8,4,liquido,8.814401690000523,200,30150,15,185,,2026-09-04T22:23:57,c11b18f024
E08_INIT,Estudio de las estrategias de inicializacion de la poblacion,small,4,8,16,3,22400.0,init=B_frac=0.25,150,200,,0.6,0.2,2,True,B,0.25,nogood,8,0.15,min_efi,,,,,1313,12,True,4.6045534210583625,103141.99663170733,21100.0,73073.17073170733,8968.8259,0.0,103141.99663170733,0,0.0,0,0.0,8,4,liquido,8.004205915000057,200,30150,12,188,,2026-09-04T22:24:05,c11b18f024
E08_INIT,Estudio de las estrategias de inicializacion de la poblacion,small,4,8,16,3,22400.0,init=B_frac=0.25,150,200,,0.6,0.2,2,True,B,0.25,nogood,8,0.15,min_efi,,,,,1414,13,True,4.6045534210583625,103141.99663170733,21100.0,73073.17073170733,8968.8259,0.0,103141.99663170733,0,0.0,0,0.0,8,4,liquido,9.360081301001628,200,30150,18,182,,2026-09-04T22:24:14,c11b18f024
E08_INIT,Estudio de las estrategias de inicializacion de la poblacion,small,4,8,16,3,22400.0,init=B_frac=0.25,150,200,,0.6,0.2,2,True,B,0.25,nogood,8,0.15,min_efi,,,,,1515,14,True,4.6045534210583625,103141.99663170733,21100.0,73073.17073170733,8968.825900000002,0.0,103141.99663170733,0,0.0,0,0.0,8,4,liquido,7.172968039998523,200,30150,17,183,,2026-09-04T22:24:21,c11b18f024
E08_INIT,Estudio de las estrategias de inicializacion de la poblacion,small,4,8,16,3,22400.0,init=B_frac=0.25,150,200,,0.6,0.2,2,True,B,0.25,nogood,8,0.15,min_efi,,,,,1616,15,True,4.6045534210583625,103141.99663170733,21100.0,73073.17073170733,8968.8259,0.0,103141.99663170733,0,0.0,0,0.0,8,4,liquido,9.097878579003009,200,30150,16,184,,2026-09-04T22:24:30,c11b18f024
E08_INIT,Estudio de las estrategias de inicializacion de la poblacion,small,4,8,16,3,22400.0,init=B_frac=0.25,150,200,,0.6,0.2,2,True,B,0.25,nogood,8,0.15,min_efi,,,,,1717,16,True,4.6045534210583625,103141.99663170733,21100.0,73073.17073170733,8968.8259,0.0,103141.99663170733,0,0.0,0,0.0,8,4,liquido,7.318552101001842,200,30150,22,178,,2026-09-04T22:24:38,c11b18f024
E08_INIT,Estudio de las estrategias de inicializacion de la poblacion,small,4,8,16,3,22400.0,init=B_frac=0.25,150,200,,0.6,0.2,2,True,B,0.25,nogood,8,0.15,min_efi,,,,,1818,17,True,4.6045534210583625,103141.99663170733,21100.0,73073.17073170733,8968.825900000002,0.0,103141.99663170733,0,0.0,0,0.0,8,4,liquido,8.989847065000504,200,30150,14,186,,2026-09-04T22:24:47,c11b18f024
E08_INIT,Estudio de las estrategias de inicializacion de la poblacion,small,4,8,16,3,22400.0,init=B_frac=0.25,150,200,,0.6,0.2,2,True,B,0.25,nogood,8,0.15,min_efi,,,,,1919,18,True,4.6045534210583625,103141.99663170733,21100.0,73073.17073170733,8968.825900000002,0.0,103141.99663170733,0,0.0,0,0.0,8,4,liquido,7.251029844999721,200,30150,15,185,,2026-09-04T22:24:54,c11b18f024
E08_INIT,Estudio de las estrategias de inicializacion de la poblacion,small,4,8,16,3,22400.0,init=B_frac=0.25,150,200,,0.6,0.2,2,True,B,0.25,nogood,8,0.15,min_efi,,,,,2020,19,True,4.6045534210583625,103141.99663170733,21100.0,73073.17073170733,8968.825899999998,0.0,103141.99663170733,0,0.0,0,0.0,8,4,liquido,8.984938878998946,200,30150,13,187,,2026-09-04T22:25:03,c11b18f024
E08_INIT,Estudio de las estrategias de inicializacion de la poblacion,small,4,8,16,3,22400.0,init=C_frac=0.25,150,200,,0.6,0.2,2,True,C,0.25,nogood,8,0.15,min_efi,,,,,101,0,True,4.6045534210583625,103141.99663170733,21100.0,73073.17073170733,8968.825900000002,0.0,103141.99663170733,0,0.0,0,0.0,8,4,liquido,8.304767641999206,200,30150,21,179,,2026-09-04T22:25:11,7c6d452e02
E08_INIT,Estudio de las estrategias de inicializacion de la poblacion,small,4,8,16,3,22400.0,init=C_frac=0.25,150,200,,0.6,0.2,2,True,C,0.25,nogood,8,0.15,min_efi,,,,,202,1,True,4.6045534210583625,103141.99663170733,21100.0,73073.17073170733,8968.8259,0.0,103141.99663170733,0,0.0,0,0.0,8,4,liquido,7.824516422999295,200,30150,18,182,,2026-09-04T22:25:19,7c6d452e02
E08_INIT,Estudio de las estrategias de inicializacion de la poblacion,small,4,8,16,3,22400.0,init=C_frac=0.25,150,200,,0.6,0.2,2,True,C,0.25,nogood,8,0.15,min_efi,,,,,303,2,True,4.6045534210583625,103141.99663170733,21100.0,73073.17073170733,8968.825900000002,0.0,103141.99663170733,0,0.0,0,0.0,8,4,liquido,9.145810938000068,200,30150,19,181,,2026-09-04T22:25:28,7c6d452e02
E08_INIT,Estudio de las estrategias de inicializacion de la poblacion,small,4,8,16,3,22400.0,init=C_frac=0.25,150,200,,0.6,0.2,2,True,C,0.25,nogood,8,0.15,min_efi,,,,,404,3,True,4.6045534210583625,103141.99663170733,21100.0,73073.17073170733,8968.8259,0.0,103141.99663170733,0,0.0,0,0.0,8,4,liquido,7.2137168619992735,200,30150,21,179,,2026-09-04T22:25:35,7c6d452e02
E08_INIT,Estudio de las estrategias de inicializacion de la poblacion,small,4,8,16,3,22400.0,init=C_frac=0.25,150,200,,0.6,0.2,2,True,C,0.25,nogood,8,0.15,min_efi,,,,,505,4,True,4.6045534210583625,103141.99663170733,21100.0,73073.17073170733,8968.8259,0.0,103141.99663170733,0,0.0,0,0.0,8,4,liquido,9.522923454998818,200,30150,21,179,,2026-09-04T22:25:45,7c6d452e02
E08_INIT,Estudio de las estrategias de inicializacion de la poblacion,small,4,8,16,3,22400.0,init=C_frac=0.25,150,200,,0.6,0.2,2,True,C,0.25,nogood,8,0.15,min_efi,,,,,606,5,True,4.6045534210583625,103141.99663170733,21100.0,73073.17073170733,8968.8259,0.0,103141.99663170733,0,0.0,0,0.0,8,4,liquido,6.876144432000729,200,30150,14,186,,2026-09-04T22:25:52,7c6d452e02
E08_INIT,Estudio de las estrategias de inicializacion de la poblacion,small,4,8,16,3,22400.0,init=C_frac=0.25,150,200,,0.6,0.2,2,True,C,0.25,nogood,8,0.15,min_efi,,,,,707,6,True,4.6045534210583625,103141.99663170733,21100.0,73073.17073170733,8968.8259,0.0,103141.99663170733,0,0.0,0,0.0,8,4,liquido,9.263460137997754,200,30150,19,181,,2026-09-04T22:26:01,7c6d452e02
E08_INIT,Estudio de las estrategias de inicializacion de la poblacion,small,4,8,16,3,22400.0,init=C_frac=0.25,150,200,,0.6,0.2,2,True,C,0.25,nogood,8,0.15,min_efi,,,,,808,7,True,4.6045534210583625,103141.99663170733,21100.0,73073.17073170733,8968.8259,0.0,103141.99663170733,0,0.0,0,0.0,8,4,liquido,7.0357573830006,200,30150,15,185,,2026-09-04T22:26:08,7c6d452e02
E08_INIT,Estudio de las estrategias de inicializacion de la poblacion,small,4,8,16,3,22400.0,init=C_frac=0.25,150,200,,0.6,0.2,2,True,C,0.25,nogood,8,0.15,min_efi,,,,,909,8,True,4.6045534210583625,103141.99663170733,21100.0,73073.17073170733,8968.8259,0.0,103141.99663170733,0,0.0,0,0.0,8,4,liquido,9.076979015000688,200,30150,15,185,,2026-09-04T22:26:17,7c6d452e02
E08_INIT,Estudio de las estrategias de inicializacion de la poblacion,small,4,8,16,3,22400.0,init=C_frac=0.25,150,200,,0.6,0.2,2,True,C,0.25,nogood,8,0.15,min_efi,,,,,1010,9,True,4.6045534210583625,103141.99663170733,21100.0,73073.17073170733,8968.8259,0.0,103141.99663170733,0,0.0,0,0.0,8,4,liquido,7.733484165000846,200,30150,17,183,,2026-09-04T22:26:25,7c6d452e02
E08_INIT,Estudio de las estrategias de inicializacion de la poblacion,small,4,8,16,3,22400.0,init=C_frac=0.25,150,200,,0.6,0.2,2,True,C,0.25,nogood,8,0.15,min_efi,,,,,1111,10,True,4.6045534210583625,103141.99663170733,21100.0,73073.17073170733,8968.825900000002,0.0,103141.99663170733,0,0.0,0,0.0,8,4,liquido,8.419012505000865,200,30150,23,177,,2026-09-04T22:26:33,7c6d452e02
E08_INIT,Estudio de las estrategias de inicializacion de la poblacion,small,4,8,16,3,22400.0,init=C_frac=0.25,150,200,,0.6,0.2,2,True,C,0.25,nogood,8,0.15,min_efi,,,,,1212,11,True,4.6045534210583625,103141.99663170733,21100.0,73073.17073170733,8968.825900000002,0.0,103141.99663170733,0,0.0,0,0.0,8,4,liquido,9.138573836997239,200,30150,22,178,,2026-09-04T22:26:42,7c6d452e02
E08_INIT,Estudio de las estrategias de inicializacion de la poblacion,small,4,8,16,3,22400.0,init=C_frac=0.25,150,200,,0.6,0.2,2,True,C,0.25,nogood,8,0.15,min_efi,,,,,1313,12,True,4.6045534210583625,103141.99663170733,21100.0,73073.17073170733,8968.825900000002,0.0,103141.99663170733,0,0.0,0,0.0,8,4,liquido,7.045735120002064,200,30150,17,183,,2026-09-04T22:26:50,7c6d452e02
E08_INIT,Estudio de las estrategias de inicializacion de la poblacion,small,4,8,16,3,22400.0,init=C_frac=0.25,150,200,,0.6,0.2,2,True,C,0.25,nogood,8,0.15,min_efi,,,,,1414,13,True,4.6045534210583625,103141.99663170733,21100.0,73073.17073170733,8968.825900000002,0.0,103141.99663170733,0,0.0,0,0.0,8,4,liquido,9.255375387998356,200,30150,19,181,,2026-09-04T22:26:59,7c6d452e02
E08_INIT,Estudio de las estrategias de inicializacion de la poblacion,small,4,8,16,3,22400.0,init=C_frac=0.25,150,200,,0.6,0.2,2,True,C,0.25,nogood,8,0.15,min_efi,,,,,1515,14,True,4.6045534210583625,103141.99663170733,21100.0,73073.17073170733,8968.8259,0.0,103141.99663170733,0,0.0,0,0.0,8,4,liquido,7.006869272001495,200,30150,24,176,,2026-09-04T22:27:06,7c6d452e02
E08_INIT,Estudio de las estrategias de inicializacion de la poblacion,small,4,8,16,3,22400.0,init=C_frac=0.25,150,200,,0.6,0.2,2,True,C,0.25,nogood,8,0.15,min_efi,,,,,1616,15,True,4.6045534210583625,103141.99663170733,21100.0,73073.17073170733,8968.825900000002,0.0,103141.99663170733,0,0.0,0,0.0,8,4,liquido,9.365562229999341,200,30150,21,179,,2026-09-04T22:27:15,7c6d452e02
E08_INIT,Estudio de las estrategias de inicializacion de la poblacion,small,4,8,16,3,22400.0,init=C_frac=0.25,150,200,,0.6,0.2,2,True,C,0.25,nogood,8,0.15,min_efi,,,,,1717,16,True,4.6045534210583625,103141.99663170733,21100.0,73073.17073170733,8968.8259,0.0,103141.99663170733,0,0.0,0,0.0,8,4,liquido,6.7974022070011415,200,30150,20,180,,2026-09-04T22:27:22,7c6d452e02
E08_INIT,Estudio de las estrategias de inicializacion de la poblacion,small,4,8,16,3,22400.0,init=C_frac=0.25,150,200,,0.6,0.2,2,True,C,0.25,nogood,8,0.15,min_efi,,,,,1818,17,True,4.6045534210583625,103141.99663170733,21100.0,73073.17073170733,8968.825900000002,0.0,103141.99663170733,0,0.0,0,0.0,8,4,liquido,9.201406153999415,200,30150,14,186,,2026-09-04T22:27:31,7c6d452e02
E08_INIT,Estudio de las estrategias de inicializacion de la poblacion,small,4,8,16,3,22400.0,init=C_frac=0.25,150,200,,0.6,0.2,2,True,C,0.25,nogood,8,0.15,min_efi,,,,,1919,18,True,4.6045534210583625,103141.99663170733,21100.0,73073.17073170733,8968.8259,0.0,103141.99663170733,0,0.0,0,0.0,8,4,liquido,7.7792539699985355,200,30150,21,179,,2026-09-04T22:27:39,7c6d452e02
E08_INIT,Estudio de las estrategias de inicializacion de la poblacion,small,4,8,16,3,22400.0,init=C_frac=0.25,150,200,,0.6,0.2,2,True,C,0.25,nogood,8,0.15,min_efi,,,,,2020,19,True,4.6045534210583625,103141.99663170733,21100.0,73073.17073170733,8968.8259,0.0,103141.99663170733,0,0.0,0,0.0,8,4,liquido,8.78591582700028,200,30150,18,182,,2026-09-04T22:27:48,7c6d452e02
E08_INIT,Estudio de las estrategias de inicializacion de la poblacion,small,4,8,16,3,22400.0,init=C_frac=0.5,150,200,,0.6,0.2,2,True,C,0.5,nogood,8,0.15,min_efi,,,,,101,0,True,4.6045534210583625,103141.99663170733,21100.0,73073.17073170733,8968.8259,0.0,103141.99663170733,0,0.0,0,0.0,8,4,liquido,9.447843186997488,200,30150,12,188,,2026-09-04T22:27:57,cd055d4607
E08_INIT,Estudio de las estrategias de inicializacion de la poblacion,small,4,8,16,3,22400.0,init=C_frac=0.5,150,200,,0.6,0.2,2,True,C,0.5,nogood,8,0.15,min_efi,,,,,202,1,True,4.6045534210583625,103141.99663170733,21100.0,73073.17073170733,8968.8259,0.0,103141.99663170733,0,0.0,0,0.0,8,4,liquido,7.387814290999813,200,30150,11,189,,2026-09-04T22:28:05,cd055d4607
E08_INIT,Estudio de las estrategias de inicializacion de la poblacion,small,4,8,16,3,22400.0,init=C_frac=0.5,150,200,,0.6,0.2,2,True,C,0.5,nogood,8,0.15,min_efi,,,,,303,2,True,4.6045534210583625,103141.99663170733,21100.0,73073.17073170733,8968.8259,0.0,103141.99663170733,0,0.0,0,0.0,8,4,liquido,9.273184853002022,200,30150,17,183,,2026-09-04T22:28:14,cd055d4607
E08_INIT,Estudio de las estrategias de inicializacion de la poblacion,small,4,8,16,3,22400.0,init=C_frac=0.5,150,200,,0.6,0.2,2,True,C,0.5,nogood,8,0.15,min_efi,,,,,404,3,True,4.6045534210583625,103141.99663170733,21100.0,73073.17073170733,8968.825900000002,0.0,103141.99663170733,0,0.0,0,0.0,8,4,liquido,7.146063733998744,200,30150,25,175,,2026-09-04T22:28:21,cd055d4607
E08_INIT,Estudio de las estrategias de inicializacion de la poblacion,small,4,8,16,3,22400.0,init=C_frac=0.5,150,200,,0.6,0.2,2,True,C,0.5,nogood,8,0.15,min_efi,,,,,505,4,True,4.6045534210583625,103141.99663170733,21100.0,73073.17073170733,8968.825900000002,0.0,103141.99663170733,0,0.0,0,0.0,8,4,liquido,9.142655517000094,200,30150,17,183,,2026-09-04T22:28:30,cd055d4607
E08_INIT,Estudio de las estrategias de inicializacion de la poblacion,small,4,8,16,3,22400.0,init=C_frac=0.5,150,200,,0.6,0.2,2,True,C,0.5,nogood,8,0.15,min_efi,,,,,606,5,True,4.6045534210583625,103141.99663170733,21100.0,73073.17073170733,8968.825900000002,0.0,103141.99663170733,0,0.0,0,0.0,8,4,liquido,7.049039808000089,200,30150,25,175,,2026-09-04T22:28:37,cd055d4607
E08_INIT,Estudio de las estrategias de inicializacion de la poblacion,small,4,8,16,3,22400.0,init=C_frac=0.5,150,200,,0.6,0.2,2,True,C,0.5,nogood,8,0.15,min_efi,,,,,707,6,True,4.6045534210583625,103141.99663170733,21100.0,73073.17073170733,8968.825900000002,0.0,103141.99663170733,0,0.0,0,0.0,8,4,liquido,9.342457822000142,200,30150,21,179,,2026-09-04T22:28:47,cd055d4607
E08_INIT,Estudio de las estrategias de inicializacion de la poblacion,small,4,8,16,3,22400.0,init=C_frac=0.5,150,200,,0.6,0.2,2,True,C,0.5,nogood,8,0.15,min_efi,,,,,808,7,True,4.6045534210583625,103141.99663170733,21100.0,73073.17073170733,8968.825900000002,0.0,103141.99663170733,0,0.0,0,0.0,8,4,liquido,7.935943104999751,200,30150,17,183,,2026-09-04T22:28:55,cd055d4607
E08_INIT,Estudio de las estrategias de inicializacion de la poblacion,small,4,8,16,3,22400.0,init=C_frac=0.5,150,200,,0.6,0.2,2,True,C,0.5,nogood,8,0.15,min_efi,,,,,909,8,True,4.6045534210583625,103141.99663170733,21100.0,73073.17073170733,8968.825900000002,0.0,103141.99663170733,0,0.0,0,0.0,8,4,liquido,8.354190636997373,200,30150,16,184,,2026-09-04T22:29:03,cd055d4607
E08_INIT,Estudio de las estrategias de inicializacion de la poblacion,small,4,8,16,3,22400.0,init=C_frac=0.5,150,200,,0.6,0.2,2,True,C,0.5,nogood,8,0.15,min_efi,,,,,1010,9,True,4.6045534210583625,103141.99663170733,21100.0,73073.17073170733,8968.8259,0.0,103141.99663170733,0,0.0,0,0.0,8,4,liquido,9.355587588997878,200,30150,16,184,,2026-09-04T22:29:12,cd055d4607
E08_INIT,Estudio de las estrategias de inicializacion de la poblacion,small,4,8,16,3,22400.0,init=C_frac=0.5,150,200,,0.6,0.2,2,True,C,0.5,nogood,8,0.15,min_efi,,,,,1111,10,True,4.6045534210583625,103141.99663170733,21100.0,73073.17073170733,8968.8259,0.0,103141.99663170733,0,0.0,0,0.0,8,4,liquido,7.3606299349994515,200,30150,20,180,,2026-09-04T22:29:20,cd055d4607
E08_INIT,Estudio de las estrategias de inicializacion de la poblacion,small,4,8,16,3,22400.0,init=C_frac=0.5,150,200,,0.6,0.2,2,True,C,0.5,nogood,8,0.15,min_efi,,,,,1212,11,True,4.6045534210583625,103141.99663170733,21100.0,73073.17073170733,8968.825900000002,0.0,103141.99663170733,0,0.0,0,0.0,8,4,liquido,8.998602355997718,200,30150,17,183,,2026-09-04T22:29:29,cd055d4607
E08_INIT,Estudio de las estrategias de inicializacion de la poblacion,small,4,8,16,3,22400.0,init=C_frac=0.5,150,200,,0.6,0.2,2,True,C,0.5,nogood,8,0.15,min_efi,,,,,1313,12,True,4.6045534210583625,103141.99663170733,21100.0,73073.17073170733,8968.8259,0.0,103141.99663170733,0,0.0,0,0.0,8,4,liquido,7.101028330002009,200,30150,17,183,,2026-09-04T22:29:36,cd055d4607
E08_INIT,Estudio de las estrategias de inicializacion de la poblacion,small,4,8,16,3,22400.0,init=C_frac=0.5,150,200,,0.6,0.2,2,True,C,0.5,nogood,8,0.15,min_efi,,,,,1414,13,True,4.6045534210583625,103141.99663170733,21100.0,73073.17073170733,8968.825900000002,0.0,103141.99663170733,0,0.0,0,0.0,8,4,liquido,9.497666323997692,200,30150,16,184,,2026-09-04T22:29:45,cd055d4607
E08_INIT,Estudio de las estrategias de inicializacion de la poblacion,small,4,8,16,3,22400.0,init=C_frac=0.5,150,200,,0.6,0.2,2,True,C,0.5,nogood,8,0.15,min_efi,,,,,1515,14,True,4.6045534210583625,103141.99663170733,21100.0,73073.17073170733,8968.8259,0.0,103141.99663170733,0,0.0,0,0.0,8,4,liquido,7.246757541000989,200,30150,19,181,,2026-09-04T22:29:52,cd055d4607
E08_INIT,Estudio de las estrategias de inicializacion de la poblacion,small,4,8,16,3,22400.0,init=C_frac=0.5,150,200,,0.6,0.2,2,True,C,0.5,nogood,8,0.15,min_efi,,,,,1616,15,True,4.6045534210583625,103141.99663170733,21100.0,73073.17073170733,8968.8259,0.0,103141.99663170733,0,0.0,0,0.0,8,4,liquido,9.053599213999405,200,30150,15,185,,2026-09-04T22:30:02,cd055d4607
E08_INIT,Estudio de las estrategias de inicializacion de la poblacion,small,4,8,16,3,22400.0,init=C_frac=0.5,150,200,,0.6,0.2,2,True,C,0.5,nogood,8,0.15,min_efi,,,,,1717,16,True,4.6045534210583625,103141.99663170733,21100.0,73073.17073170733,8968.8259,0.0,103141.99663170733,0,0.0,0,0.0,8,4,liquido,8.275372674001119,200,30150,23,177,,2026-09-04T22:30:10,cd055d4607
E08_INIT,Estudio de las estrategias de inicializacion de la poblacion,small,4,8,16,3,22400.0,init=C_frac=0.5,150,200,,0.6,0.2,2,True,C,0.5,nogood,8,0.15,min_efi,,,,,1818,17,True,4.6045534210583625,103141.99663170733,21100.0,73073.17073170733,8968.8259,0.0,103141.99663170733,0,0.0,0,0.0,8,4,liquido,8.32167292899976,200,30150,18,182,,2026-09-04T22:30:18,cd055d4607
E08_INIT,Estudio de las estrategias de inicializacion de la poblacion,small,4,8,16,3,22400.0,init=C_frac=0.5,150,200,,0.6,0.2,2,True,C,0.5,nogood,8,0.15,min_efi,,,,,1919,18,True,4.6045534210583625,103141.99663170733,21100.0,73073.17073170733,8968.8259,0.0,103141.99663170733,0,0.0,0,0.0,8,4,liquido,9.307120748999296,200,30150,26,174,,2026-09-04T22:30:27,cd055d4607
E08_INIT,Estudio de las estrategias de inicializacion de la poblacion,small,4,8,16,3,22400.0,init=C_frac=0.5,150,200,,0.6,0.2,2,True,C,0.5,nogood,8,0.15,min_efi,,,,,2020,19,True,4.6045534210583625,103141.99663170733,21100.0,73073.17073170733,8968.8259,0.0,103141.99663170733,0,0.0,0,0.0,8,4,liquido,7.041157270999975,200,30150,13,187,,2026-09-04T22:30:35,cd055d4607
E08_INIT,Estudio de las estrategias de inicializacion de la poblacion,small,4,8,16,3,22400.0,init=C_frac=0.75,150,200,,0.6,0.2,2,True,C,0.75,nogood,8,0.15,min_efi,,,,,101,0,True,4.6045534210583625,103141.99663170733,21100.0,73073.17073170733,8968.825900000002,0.0,103141.99663170733,0,0.0,0,0.0,8,4,liquido,9.481830402000924,200,30150,17,183,,2026-09-04T22:30:44,62fc325e68
E08_INIT,Estudio de las estrategias de inicializacion de la poblacion,small,4,8,16,3,22400.0,init=C_frac=0.75,150,200,,0.6,0.2,2,True,C,0.75,nogood,8,0.15,min_efi,,,,,202,1,True,4.6045534210583625,103141.99663170733,21100.0,73073.17073170733,8968.825900000002,0.0,103141.99663170733,0,0.0,0,0.0,8,4,liquido,7.529459933997714,200,30150,22,178,,2026-09-04T22:30:52,62fc325e68
E08_INIT,Estudio de las estrategias de inicializacion de la poblacion,small,4,8,16,3,22400.0,init=C_frac=0.75,150,200,,0.6,0.2,2,True,C,0.75,nogood,8,0.15,min_efi,,,,,303,2,True,4.6045534210583625,103141.99663170733,21100.0,73073.17073170733,8968.8259,0.0,103141.99663170733,0,0.0,0,0.0,8,4,liquido,9.124330260001443,200,30150,19,181,,2026-09-04T22:31:01,62fc325e68
E08_INIT,Estudio de las estrategias de inicializacion de la poblacion,small,4,8,16,3,22400.0,init=C_frac=0.75,150,200,,0.6,0.2,2,True,C,0.75,nogood,8,0.15,min_efi,,,,,404,3,True,4.6045534210583625,103141.99663170733,21100.0,73073.17073170733,8968.8259,0.0,103141.99663170733,0,0.0,0,0.0,8,4,liquido,6.952448715997889,200,30150,22,178,,2026-09-04T22:31:08,62fc325e68
E08_INIT,Estudio de las estrategias de inicializacion de la poblacion,small,4,8,16,3,22400.0,init=C_frac=0.75,150,200,,0.6,0.2,2,True,C,0.75,nogood,8,0.15,min_efi,,,,,505,4,True,4.6045534210583625,103141.99663170733,21100.0,73073.17073170733,8968.825900000002,0.0,103141.99663170733,0,0.0,0,0.0,8,4,liquido,9.423116998001206,200,30150,16,184,,2026-09-04T22:31:17,62fc325e68
E08_INIT,Estudio de las estrategias de inicializacion de la poblacion,small,4,8,16,3,22400.0,init=C_frac=0.75,150,200,,0.6,0.2,2,True,C,0.75,nogood,8,0.15,min_efi,,,,,606,5,True,4.6045534210583625,103141.99663170733,21100.0,73073.17073170733,8968.8259,0.0,103141.99663170733,0,0.0,0,0.0,8,4,liquido,8.192756153002847,200,30150,20,180,,2026-09-04T22:31:25,62fc325e68
E08_INIT,Estudio de las estrategias de inicializacion de la poblacion,small,4,8,16,3,22400.0,init=C_frac=0.75,150,200,,0.6,0.2,2,True,C,0.75,nogood,8,0.15,min_efi,,,,,707,6,True,4.6045534210583625,103141.99663170733,21100.0,73073.17073170733,8968.8259,0.0,103141.99663170733,0,0.0,0,0.0,8,4,liquido,8.117631228000391,200,30150,20,180,,2026-09-04T22:31:33,62fc325e68
E08_INIT,Estudio de las estrategias de inicializacion de la poblacion,small,4,8,16,3,22400.0,init=C_frac=0.75,150,200,,0.6,0.2,2,True,C,0.75,nogood,8,0.15,min_efi,,,,,808,7,True,4.6045534210583625,103141.99663170733,21100.0,73073.17073170733,8968.825900000002,0.0,103141.99663170733,0,0.0,0,0.0,8,4,liquido,9.124002789001679,200,30150,18,182,,2026-09-04T22:31:43,62fc325e68
E08_INIT,Estudio de las estrategias de inicializacion de la poblacion,small,4,8,16,3,22400.0,init=C_frac=0.75,150,200,,0.6,0.2,2,True,C,0.75,nogood,8,0.15,min_efi,,,,,909,8,True,4.6045534210583625,103141.99663170733,21100.0,73073.17073170733,8968.825900000002,0.0,103141.99663170733,0,0.0,0,0.0,8,4,liquido,7.275485427999229,200,30150,20,180,,2026-09-04T22:31:50,62fc325e68
E08_INIT,Estudio de las estrategias de inicializacion de la poblacion,small,4,8,16,3,22400.0,init=C_frac=0.75,150,200,,0.6,0.2,2,True,C,0.75,nogood,8,0.15,min_efi,,,,,1010,9,True,4.6045534210583625,103141.99663170733,21100.0,73073.17073170733,8968.8259,0.0,103141.99663170733,0,0.0,0,0.0,8,4,liquido,9.627527251999709,200,30150,18,182,,2026-09-04T22:31:59,62fc325e68
E08_INIT,Estudio de las estrategias de inicializacion de la poblacion,small,4,8,16,3,22400.0,init=C_frac=0.75,150,200,,0.6,0.2,2,True,C,0.75,nogood,8,0.15,min_efi,,,,,1111,10,True,4.6045534210583625,103141.99663170733,21100.0,73073.17073170733,8968.825900000002,0.0,103141.99663170733,0,0.0,0,0.0,8,4,liquido,7.005878088002646,200,30150,17,183,,2026-09-04T22:32:06,62fc325e68
E08_INIT,Estudio de las estrategias de inicializacion de la poblacion,small,4,8,16,3,22400.0,init=C_frac=0.75,150,200,,0.6,0.2,2,True,C,0.75,nogood,8,0.15,min_efi,,,,,1212,11,True,4.6045534210583625,103141.99663170733,21100.0,73073.17073170733,8968.8259,0.0,103141.99663170733,0,0.0,0,0.0,8,4,liquido,9.859826374999102,200,30150,28,172,,2026-09-04T22:32:16,62fc325e68
E08_INIT,Estudio de las estrategias de inicializacion de la poblacion,small,4,8,16,3,22400.0,init=C_frac=0.75,150,200,,0.6,0.2,2,True,C,0.75,nogood,8,0.15,min_efi,,,,,1313,12,True,4.6045534210583625,103141.99663170733,21100.0,73073.17073170733,8968.8259,0.0,103141.99663170733,0,0.0,0,0.0,8,4,liquido,7.207209260999662,200,30150,14,186,,2026-09-04T22:32:24,62fc325e68
E08_INIT,Estudio de las estrategias de inicializacion de la poblacion,small,4,8,16,3,22400.0,init=C_frac=0.75,150,200,,0.6,0.2,2,True,C,0.75,nogood,8,0.15,min_efi,,,,,1414,13,True,4.6045534210583625,103141.99663170733,21100.0,73073.17073170733,8968.8259,0.0,103141.99663170733,0,0.0,0,0.0,8,4,liquido,9.535543919999327,200,30150,18,182,,2026-09-04T22:32:33,62fc325e68
E08_INIT,Estudio de las estrategias de inicializacion de la poblacion,small,4,8,16,3,22400.0,init=C_frac=0.75,150,200,,0.6,0.2,2,True,C,0.75,nogood,8,0.15,min_efi,,,,,1515,14,True,4.6045534210583625,103141.99663170733,21100.0,73073.17073170733,8968.8259,0.0,103141.99663170733,0,0.0,0,0.0,8,4,liquido,8.954851795999275,200,30150,20,180,,2026-09-04T22:32:42,62fc325e68
E08_INIT,Estudio de las estrategias de inicializacion de la poblacion,small,4,8,16,3,22400.0,init=C_frac=0.75,150,200,,0.6,0.2,2,True,C,0.75,nogood,8,0.15,min_efi,,,,,1616,15,True,4.6045534210583625,103141.99663170733,21100.0,73073.17073170733,8968.825900000002,0.0,103141.99663170733,0,0.0,0,0.0,8,4,liquido,7.9122493020004185,200,30150,22,178,,2026-09-04T22:32:50,62fc325e68
E08_INIT,Estudio de las estrategias de inicializacion de la poblacion,small,4,8,16,3,22400.0,init=C_frac=0.75,150,200,,0.6,0.2,2,True,C,0.75,nogood,8,0.15,min_efi,,,,,1717,16,True,4.6045534210583625,103141.99663170733,21100.0,73073.17073170733,8968.825900000002,0.0,103141.99663170733,0,0.0,0,0.0,8,4,liquido,9.21294976900026,200,30150,24,176,,2026-09-04T22:32:59,62fc325e68
E08_INIT,Estudio de las estrategias de inicializacion de la poblacion,small,4,8,16,3,22400.0,init=C_frac=0.75,150,200,,0.6,0.2,2,True,C,0.75,nogood,8,0.15,min_efi,,,,,1818,17,True,4.589244453233886,102799.07575243904,21100.0,72390.24390243903,9308.83185,0.0,102799.07575243904,0,0.0,0,0.0,8,4,liquido,6.818105098998785,200,30150,31,169,,2026-09-04T22:33:06,62fc325e68
E08_INIT,Estudio de las estrategias de inicializacion de la poblacion,small,4,8,16,3,22400.0,init=C_frac=0.75,150,200,,0.6,0.2,2,True,C,0.75,nogood,8,0.15,min_efi,,,,,1919,18,True,4.6045534210583625,103141.99663170733,21100.0,73073.17073170733,8968.8259,0.0,103141.99663170733,0,0.0,0,0.0,8,4,liquido,9.341924901000311,200,30150,16,184,,2026-09-04T22:33:15,62fc325e68
E08_INIT,Estudio de las estrategias de inicializacion de la poblacion,small,4,8,16,3,22400.0,init=C_frac=0.75,150,200,,0.6,0.2,2,True,C,0.75,nogood,8,0.15,min_efi,,,,,2020,19,True,4.6045534210583625,103141.99663170733,21100.0,73073.17073170733,8968.8259,0.0,103141.99663170733,0,0.0,0,0.0,8,4,liquido,7.164168459999928,200,30150,12,188,,2026-09-04T22:33:23,62fc325e68
E08_INIT,Estudio de las estrategias de inicializacion de la poblacion,medium,8,18,34,3,38600.0,init=A_frac=0.25,150,200,,0.6,0.2,2,True,A,0.25,nogood,8,0.15,min_efi,,,,,101,0,True,4.484098113515733,173086.1871817073,27200.0,129073.17073170732,16813.016450000003,0.0,173086.1871817073,0,0.0,0,0.0,15,5,liquido,14.938201254000887,200,30150,128,72,,2026-09-04T22:33:37,8533dc568b
E08_INIT,Estudio de las estrategias de inicializacion de la poblacion,medium,8,18,34,3,38600.0,init=A_frac=0.25,150,200,,0.6,0.2,2,True,A,0.25,nogood,8,0.15,min_efi,,,,,202,1,True,4.532813157936308,174966.58789634146,27200.0,129414.63414634147,18351.95375,0.0,174966.58789634146,0,0.0,0,0.0,15,5,liquido,15.174005693999788,200,30150,169,31,,2026-09-04T22:33:53,8533dc568b
E08_INIT,Estudio de las estrategias de inicializacion de la poblacion,medium,8,18,34,3,38600.0,init=A_frac=0.25,150,200,,0.6,0.2,2,True,A,0.25,nogood,8,0.15,min_efi,,,,,303,2,True,4.565100026096297,176212.86100731706,26900.0,128170.73170731707,21142.129300000004,0.0,176212.86100731706,0,0.0,0,0.0,15,5,liquido,15.309847510001418,200,30150,111,89,,2026-09-04T22:34:08,8533dc568b
E08_INIT,Estudio de las estrategias de inicializacion de la poblacion,medium,8,18,34,3,38600.0,init=A_frac=0.25,150,200,,0.6,0.2,2,True,A,0.25,nogood,8,0.15,min_efi,,,,,404,3,True,4.407817615000632,170141.7599390244,26900.0,128243.90243902439,14997.8575,0.0,170141.7599390244,0,0.0,0,0.0,15,5,liquido,15.12451664100081,200,30150,198,2,,2026-09-04T22:34:23,8533dc568b
E08_INIT,Estudio de las estrategias de inicializacion de la poblacion,medium,8,18,34,3,38600.0,init=A_frac=0.25,150,200,,0.6,0.2,2,True,A,0.25,nogood,8,0.15,min_efi,,,,,505,4,True,4.611293560722862,177995.93144390246,27400.0,130024.39024390244,20571.541200000003,0.0,177995.93144390246,0,0.0,0,0.0,16,5,liquido,15.544057356000849,200,30150,177,23,,2026-09-04T22:34:39,8533dc568b
E08_INIT,Estudio de las estrategias de inicializacion de la poblacion,medium,8,18,34,3,38600.0,init=A_frac=0.25,150,200,,0.6,0.2,2,True,A,0.25,nogood,8,0.15,min_efi,,,,,606,5,True,4.380896855933274,169102.61863902438,26900.0,128243.90243902439,13958.7162,0.0,169102.61863902438,0,0.0,0,0.0,15,5,liquido,15.621293166001124,200,30150,175,25,,2026-09-04T22:34:54,8533dc568b
E08_INIT,Estudio de las estrategias de inicializacion de la poblacion,medium,8,18,34,3,38600.0,init=A_frac=0.25,150,200,,0.6,0.2,2,True,A,0.25,nogood,8,0.15,min_efi,,,,,707,6,True,4.425702533583976,170832.11779634148,26900.0,128414.63414634147,15517.483650000004,0.0,170832.11779634148,0,0.0,0,0.0,15,5,liquido,15.718682446000457,200,30150,199,1,,2026-09-04T22:35:10,8533dc568b
E08_INIT,Estudio de las estrategias de inicializacion de la poblacion,medium,8,18,34,3,38600.0,init=A_frac=0.25,150,200,,0.6,0.2,2,True,A,0.25,nogood,8,0.15,min_efi,,,,,808,7,True,4.476335497061797,172786.55018658537,26900.0,127853.65853658537,18032.891649999998,0.0,172786.55018658537,0,0.0,0,0.0,16,5,liquido,16.249018978000095,200,30150,144,56,,2026-09-04T22:35:26,8533dc568b
E08_INIT,Estudio de las estrategias de inicializacion de la poblacion,medium,8,18,34,3,38600.0,init=A_frac=0.25,150,200,,0.6,0.2,2,True,A,0.25,nogood,8,0.15,min_efi,,,,,909,8,True,4.608452685584201,177886.27366355015,26900.0,134501.35501355014,16484.91865,0.0,177886.27366355015,0,0.0,0,0.0,12,5,amoniaco|liquido,14.005022102999646,200,30150,85,115,,2026-09-04T22:35:40,8533dc568b
E08_INIT,Estudio de las estrategias de inicializacion de la poblacion,medium,8,18,34,3,38600.0,init=A_frac=0.25,150,200,,0.6,0.2,2,True,A,0.25,nogood,8,0.15,min_efi,,,,,1010,9,True,4.518530119708076,174415.26262073172,27200.0,129317.07317073172,17898.189449999998,0.0,174415.26262073172,0,0.0,0,0.0,15,5,liquido,15.836763895000331,200,30150,105,95,,2026-09-04T22:35:56,8533dc568b
E08_INIT,Estudio de las estrategias de inicializacion de la poblacion,medium,8,18,34,3,38600.0,init=A_frac=0.25,150,200,,0.6,0.2,2,True,A,0.25,nogood,8,0.15,min_efi,,,,,1111,10,True,4.60387209803488,177709.46298414635,27700.0,131463.41463414635,18546.048350000005,0.0,177709.46298414635,0,0.0,0,0.0,16,5,liquido,17.114190753000003,200,30150,112,88,,2026-09-04T22:36:13,8533dc568b
E08_INIT,Estudio de las estrategias de inicializacion de la poblacion,medium,8,18,34,3,38600.0,init=A_frac=0.25,150,200,,0.6,0.2,2,True,A,0.25,nogood,8,0.15,min_efi,,,,,1212,11,True,4.445481374668267,171595.58106219512,27200.0,129951.21951219512,14444.361549999998,0.0,171595.58106219512,0,0.0,0,0.0,16,5,liquido,15.928669797998737,200,30150,200,0,,2026-09-04T22:36:29,8533dc568b
E08_INIT,Estudio de las estrategias de inicializacion de la poblacion,medium,8,18,34,3,38600.0,init=A_frac=0.25,150,200,,0.6,0.2,2,True,A,0.25,nogood,8,0.15,min_efi,,,,,1313,12,True,4.653143898079111,179611.35446585366,26600.0,126536.58536585365,26474.7691,0.0,179611.35446585366,0,0.0,0,0.0,15,5,liquido,15.103181931001018,200,30150,53,147,,2026-09-04T22:36:44,8533dc568b
E08_INIT,Estudio de las estrategias de inicializacion de la poblacion,medium,8,18,34,3,38600.0,init=A_frac=0.25,150,200,,0.6,0.2,2,True,A,0.25,nogood,8,0.15,min_efi,,,,,1414,13,True,4.541779530343878,175312.6898712737,27200.0,132737.1273712737,15375.5625,0.0,175312.6898712737,0,0.0,0,0.0,14,5,amoniaco|liquido,14.914023340999847,200,30150,182,18,,2026-09-04T22:36:59,8533dc568b
E08_INIT,Estudio de las estrategias de inicializacion de la poblacion,medium,8,18,34,3,38600.0,init=A_frac=0.25,150,200,,0.6,0.2,2,True,A,0.25,nogood,8,0.15,min_efi,,,,,1515,14,True,4.554434749115379,175801.18131585364,27200.0,129536.58536585365,19064.59595,0.0,175801.18131585364,0,0.0,0,0.0,15,5,liquido,15.094017090999841,200,30150,192,8,,2026-09-04T22:37:14,8533dc568b
E08_INIT,Estudio de las estrategias de inicializacion de la poblacion,medium,8,18,34,3,38600.0,init=A_frac=0.25,150,200,,0.6,0.2,2,True,A,0.25,nogood,8,0.15,min_efi,,,,,1616,15,True,4.887905043462235,188673.13467764226,32600.0,134422.76422764227,21650.37045,0.0,188673.13467764226,0,0.0,0,0.0,11,6,amoniaco|liquido,13.809042855998996,200,30150,110,90,,2026-09-04T22:37:28,8533dc568b
E08_INIT,Estudio de las estrategias de inicializacion de la poblacion,medium,8,18,34,3,38600.0,init=A_frac=0.25,150,200,,0.6,0.2,2,True,A,0.25,nogood,8,0.15,min_efi,,,,,1717,16,True,4.3572318976683935,168189.15125,26900.0,128000.0,13289.15125,0.0,168189.15125,0,0.0,0,0.0,16,5,liquido,15.542616921000445,200,30150,168,32,,2026-09-04T22:37:44,8533dc568b
E08_INIT,Estudio de las estrategias de inicializacion de la poblacion,medium,8,18,34,3,38600.0,init=A_frac=0.25,150,200,,0.6,0.2,2,True,A,0.25,nogood,8,0.15,min_efi,,,,,1818,17,True,4.555258138569443,175832.9641487805,31800.0,129804.87804878049,14228.086100000002,0.0,175832.9641487805,0,0.0,0,0.0,13,6,amoniaco|liquido,14.739379545000702,200,30150,192,8,,2026-09-04T22:37:58,8533dc568b
E08_INIT,Estudio de las estrategias de inicializacion de la poblacion,medium,8,18,34,3,38600.0,init=A_frac=0.25,150,200,,0.6,0.2,2,True,A,0.25,nogood,8,0.15,min_efi,,,,,1919,18,True,4.471078997472513,172583.649302439,27200.0,129390.24390243902,15993.4054,0.0,172583.649302439,0,0.0,0,0.0,15,5,liquido,16.168658964001224,200,30150,189,11,,2026-09-04T22:38:15,8533dc568b
E08_INIT,Estudio de las estrategias de inicializacion de la poblacion,medium,8,18,34,3,38600.0,init=A_frac=0.25,150,200,,0.6,0.2,2,True,A,0.25,nogood,8,0.15,min_efi,,,,,2020,19,True,4.626617677871856,178587.44236585364,26600.0,126536.58536585365,25450.857,0.0,178587.44236585364,0,0.0,0,0.0,15,5,liquido,15.314399455000967,200,30150,125,75,,2026-09-04T22:38:30,8533dc568b
E08_INIT,Estudio de las estrategias de inicializacion de la poblacion,medium,8,18,34,3,38600.0,init=B_frac=0.25,150,200,,0.6,0.2,2,True,B,0.25,nogood,8,0.15,min_efi,,,,,101,0,True,4.34007803626943,167527.0122,26900.0,128000.0,12627.012200000003,0.0,167527.0122,0,0.0,0,0.0,15,5,liquido,15.359235791998799,200,30150,72,128,,2026-09-04T22:38:45,c11b18f024
E08_INIT,Estudio de las estrategias de inicializacion de la poblacion,medium,8,18,34,3,38600.0,init=B_frac=0.25,150,200,,0.6,0.2,2,True,B,0.25,nogood,8,0.15,min_efi,,,,,202,1,True,4.408084820011373,170152.074052439,27200.0,129390.24390243902,13561.830150000003,0.0,170152.074052439,0,0.0,0,0.0,16,5,liquido,14.983728793999035,200,30150,95,105,,2026-09-04T22:39:00,c11b18f024
E08_INIT,Estudio de las estrategias de inicializacion de la poblacion,medium,8,18,34,3,38600.0,init=B_frac=0.25,150,200,,0.6,0.2,2,True,B,0.25,nogood,8,0.15,min_efi,,,,,303,2,True,4.34007803626943,167527.0122,26900.0,128000.0,12627.012200000001,0.0,167527.0122,0,0.0,0,0.0,15,5,liquido,15.118369009000162,200,30150,56,144,,2026-09-04T22:39:15,c11b18f024
E08_INIT,Estudio de las estrategias de inicializacion de la poblacion,medium,8,18,34,3,38600.0,init=B_frac=0.25,150,200,,0.6,0.2,2,True,B,0.25,nogood,8,0.15,min_efi,,,,,404,3,True,4.34007803626943,167527.0122,26900.0,128000.0,12627.012200000001,0.0,167527.0122,0,0.0,0,0.0,15,5,liquido,15.446137300001283,200,30150,87,113,,2026-09-04T22:39:31,c11b18f024
E08_INIT,Estudio de las estrategias de inicializacion de la poblacion,medium,8,18,34,3,38600.0,init=B_frac=0.25,150,200,,0.6,0.2,2,True,B,0.25,nogood,8,0.15,min_efi,,,,,505,4,True,4.4157846373057,170449.287,26900.0,128000.0,15549.287,0.0,170449.287,0,0.0,0,0.0,16,5,liquido,15.27654509200147,200,30150,88,112,,2026-09-04T22:39:46,c11b18f024
E08_INIT,Estudio de las estrategias de inicializacion de la poblacion,medium,8,18,34,3,38600.0,init=B_frac=0.25,150,200,,0.6,0.2,2,True,B,0.25,nogood,8,0.15,min_efi,,,,,606,5,True,4.414816807058005,170411.928752439,27200.0,129390.24390243902,13821.68485,0.0,170411.928752439,0,0.0,0,0.0,16,5,liquido,15.250836931001686,200,30150,79,121,,2026-09-04T22:40:01,c11b18f024
E08_INIT,Estudio de las estrategias de inicializacion de la poblacion,medium,8,18,34,3,38600.0,init=B_frac=0.25,150,200,,0.6,0.2,2,True,B,0.25,nogood,8,0.15,min_efi,,,,,707,6,True,4.350541569916594,167930.9045987805,26900.0,128804.87804878049,12226.02655,0.0,167930.9045987805,0,0.0,0,0.0,15,5,liquido,15.897575415001484,200,30150,105,95,,2026-09-04T22:40:17,c11b18f024
E08_INIT,Estudio de las estrategias de inicializacion de la poblacion,medium,8,18,34,3,38600.0,init=B_frac=0.25,150,200,,0.6,0.2,2,True,B,0.25,nogood,8,0.15,min_efi,,,,,808,7,True,4.34007803626943,167527.0122,26900.0,128000.0,12627.012200000001,0.0,167527.0122,0,0.0,0,0.0,15,5,liquido,15.525694789001136,200,30150,55,145,,2026-09-04T22:40:33,c11b18f024
E08_INIT,Estudio de las estrategias de inicializacion de la poblacion,medium,8,18,34,3,38600.0,init=B_frac=0.25,150,200,,0.6,0.2,2,True,B,0.25,nogood,8,0.15,min_efi,,,,,909,8,True,4.34007803626943,167527.0122,26900.0,128000.0,12627.012200000001,0.0,167527.0122,0,0.0,0,0.0,15,5,liquido,15.49805244000163,200,30150,99,101,,2026-09-04T22:40:48,c11b18f024
E08_INIT,Estudio de las estrategias de inicializacion de la poblacion,medium,8,18,34,3,38600.0,init=B_frac=0.25,150,200,,0.6,0.2,2,True,B,0.25,nogood,8,0.15,min_efi,,,,,1010,9,True,4.490112799714254,173318.3540689702,27200.0,132701.8970189702,13416.45705,0.0,173318.3540689702,0,0.0,0,0.0,14,5,amoniaco|liquido,16.567480530000466,200,30150,52,148,,2026-09-04T22:41:05,c11b18f024
E08_INIT,Estudio de las estrategias de inicializacion de la poblacion,medium,8,18,34,3,38600.0,init=B_frac=0.25,150,200,,0.6,0.2,2,True,B,0.25,nogood,8,0.15,min_efi,,,,,1111,10,True,4.34007803626943,167527.0122,26900.0,128000.0,12627.012200000001,0.0,167527.0122,0,0.0,0,0.0,15,5,liquido,16.77710421899974,200,30150,89,111,,2026-09-04T22:41:22,c11b18f024
E08_INIT,Estudio de las estrategias de inicializacion de la poblacion,medium,8,18,34,3,38600.0,init=B_frac=0.25,150,200,,0.6,0.2,2,True,B,0.25,nogood,8,0.15,min_efi,,,,,1212,11,True,4.455780935296348,171993.14410243902,27200.0,129390.24390243903,15402.9002,0.0,171993.14410243902,0,0.0,0,0.0,16,5,liquido,16.479727975998685,200,30150,74,126,,2026-09-04T22:41:38,c11b18f024
E08_INIT,Estudio de las estrategias de inicializacion de la poblacion,medium,8,18,34,3,38600.0,init=B_frac=0.25,150,200,,0.6,0.2,2,True,B,0.25,nogood,8,0.15,min_efi,,,,,1313,12,True,4.34007803626943,167527.0122,26900.0,128000.0,12627.0122,0.0,167527.0122,0,0.0,0,0.0,15,5,liquido,19.192924334001873,200,30150,79,121,,2026-09-04T22:41:57,c11b18f024
E08_INIT,Estudio de las estrategias de inicializacion de la poblacion,medium,8,18,34,3,38600.0,init=B_frac=0.25,150,200,,0.6,0.2,2,True,B,0.25,nogood,8,0.15,min_efi,,,,,1414,13,True,4.34007803626943,167527.0122,26900.0,128000.00000000001,12627.0122,0.0,167527.0122,0,0.0,0,0.0,15,5,liquido,19.66429366599914,200,30150,56,144,,2026-09-04T22:42:17,c11b18f024
E08_INIT,Estudio de las estrategias de inicializacion de la poblacion,medium,8,18,34,3,38600.0,init=B_frac=0.25,150,200,,0.6,0.2,2,True,B,0.25,nogood,8,0.15,min_efi,,,,,1515,14,True,4.455353336598003,171976.63879268293,32400.0,127829.26829268293,11747.3705,0.0,171976.63879268293,0,0.0,0,0.0,15,6,liquido,17.98030020599981,200,30150,67,133,,2026-09-04T22:42:35,c11b18f024
E08_INIT,Estudio de las estrategias de inicializacion de la poblacion,medium,8,18,34,3,38600.0,init=B_frac=0.25,150,200,,0.6,0.2,2,True,B,0.25,nogood,8,0.15,min_efi,,,,,1616,15,True,4.314617530487805,166544.23667682926,26900.0,128292.68292682926,11351.553750000005,0.0,166544.23667682926,0,0.0,0,0.0,15,5,liquido,16.847319247997802,200,30150,73,127,,2026-09-04T22:42:52,c11b18f024
E08_INIT,Estudio de las estrategias de inicializacion de la poblacion,medium,8,18,34,3,38600.0,init=B_frac=0.25,150,200,,0.6,0.2,2,True,B,0.25,nogood,8,0.15,min_efi,,,,,1717,16,True,4.408084820011373,170152.074052439,27200.0,129390.24390243902,13561.83015,0.0,170152.074052439,0,0.0,0,0.0,16,5,liquido,17.835994237000705,200,30150,94,106,,2026-09-04T22:43:10,c11b18f024
E08_INIT,Estudio de las estrategias de inicializacion de la poblacion,medium,8,18,34,3,38600.0,init=B_frac=0.25,150,200,,0.6,0.2,2,True,B,0.25,nogood,8,0.15,min_efi,,,,,1818,17,True,4.314617530487805,166544.23667682926,26900.0,128292.68292682926,11351.553750000001,0.0,166544.23667682926,0,0.0,0,0.0,15,5,liquido,17.0649835180011,200,30150,81,119,,2026-09-04T22:43:27,c11b18f024
E08_INIT,Estudio de las estrategias de inicializacion de la poblacion,medium,8,18,34,3,38600.0,init=B_frac=0.25,150,200,,0.6,0.2,2,True,B,0.25,nogood,8,0.15,min_efi,,,,,1919,18,True,4.350541569916594,167930.9045987805,26900.0,128804.87804878049,12226.02655,0.0,167930.9045987805,0,0.0,0,0.0,15,5,liquido,15.663580205997278,200,30150,96,104,,2026-09-04T22:43:43,c11b18f024
E08_INIT,Estudio de las estrategias de inicializacion de la poblacion,medium,8,18,34,3,38600.0,init=B_frac=0.25,150,200,,0.6,0.2,2,True,B,0.25,nogood,8,0.15,min_efi,,,,,2020,19,True,4.34007803626943,167527.0122,26900.0,128000.0,12627.012200000001,0.0,167527.0122,0,0.0,0,0.0,15,5,liquido,15.8375204820004,200,30150,89,111,,2026-09-04T22:43:58,c11b18f024
E08_INIT,Estudio de las estrategias de inicializacion de la poblacion,medium,8,18,34,3,38600.0,init=C_frac=0.25,150,200,,0.6,0.2,2,True,C,0.25,nogood,8,0.15,min_efi,,,,,101,0,True,4.34007803626943,167527.0122,26900.0,128000.0,12627.0122,0.0,167527.0122,0,0.0,0,0.0,15,5,liquido,15.107613580999896,200,30150,51,149,,2026-09-04T22:44:13,7c6d452e02
E08_INIT,Estudio de las estrategias de inicializacion de la poblacion,medium,8,18,34,3,38600.0,init=C_frac=0.25,150,200,,0.6,0.2,2,True,C,0.25,nogood,8,0.15,min_efi,,,,,202,1,True,4.34007803626943,167527.0122,26900.0,128000.0,12627.0122,0.0,167527.0122,0,0.0,0,0.0,15,5,liquido,15.04196009899897,200,30150,57,143,,2026-09-04T22:44:29,7c6d452e02
E08_INIT,Estudio de las estrategias de inicializacion de la poblacion,medium,8,18,34,3,38600.0,init=C_frac=0.25,150,200,,0.6,0.2,2,True,C,0.25,nogood,8,0.15,min_efi,,,,,303,2,True,4.34007803626943,167527.0122,26900.0,128000.0,12627.012200000001,0.0,167527.0122,0,0.0,0,0.0,15,5,liquido,16.635525644000154,200,30150,98,102,,2026-09-04T22:44:45,7c6d452e02
E08_INIT,Estudio de las estrategias de inicializacion de la poblacion,medium,8,18,34,3,38600.0,init=C_frac=0.25,150,200,,0.6,0.2,2,True,C,0.25,nogood,8,0.15,min_efi,,,,,404,3,True,4.455353336598003,171976.63879268293,32400.0,127829.26829268293,11747.3705,0.0,171976.63879268293,0,0.0,0,0.0,15,6,liquido,16.229243587000383,200,30150,73,127,,2026-09-04T22:45:01,7c6d452e02
E08_INIT,Estudio de las estrategias de inicializacion de la poblacion,medium,8,18,34,3,38600.0,init=C_frac=0.25,150,200,,0.6,0.2,2,True,C,0.25,nogood,8,0.15,min_efi,,,,,505,4,True,4.34007803626943,167527.0122,26900.0,128000.00000000001,12627.0122,0.0,167527.0122,0,0.0,0,0.0,15,5,liquido,17.985935521999636,200,30150,114,86,,2026-09-04T22:45:19,7c6d452e02
E08_INIT,Estudio de las estrategias de inicializacion de la poblacion,medium,8,18,34,3,38600.0,init=C_frac=0.25,150,200,,0.6,0.2,2,True,C,0.25,nogood,8,0.15,min_efi,,,,,606,5,True,4.34007803626943,167527.0122,26900.0,128000.0,12627.012200000001,0.0,167527.0122,0,0.0,0,0.0,15,5,liquido,16.279066530998534,200,30150,101,99,,2026-09-04T22:45:36,7c6d452e02
E08_INIT,Estudio de las estrategias de inicializacion de la poblacion,medium,8,18,34,3,38600.0,init=C_frac=0.25,150,200,,0.6,0.2,2,True,C,0.25,nogood,8,0.15,min_efi,,,,,707,6,True,4.34007803626943,167527.0122,26900.0,128000.00000000001,12627.012200000001,0.0,167527.0122,0,0.0,0,0.0,15,5,liquido,16.50402032400234,200,30150,71,129,,2026-09-04T22:45:52,7c6d452e02
E08_INIT,Estudio de las estrategias de inicializacion de la poblacion,medium,8,18,34,3,38600.0,init=C_frac=0.25,150,200,,0.6,0.2,2,True,C,0.25,nogood,8,0.15,min_efi,,,,,808,7,True,4.34007803626943,167527.0122,26900.0,128000.0,12627.012199999997,0.0,167527.0122,0,0.0,0,0.0,15,5,liquido,15.673846338999283,200,30150,80,120,,2026-09-04T22:46:08,7c6d452e02
E08_INIT,Estudio de las estrategias de inicializacion de la poblacion,medium,8,18,34,3,38600.0,init=C_frac=0.25,150,200,,0.6,0.2,2,True,C,0.25,nogood,8,0.15,min_efi,,,,,909,8,True,4.3148684307468725,166553.92142682927,26900.0,128292.68292682926,11361.238500000003,0.0,166553.92142682927,0,0.0,0,0.0,16,5,liquido,16.379947961999278,200,30150,64,136,,2026-09-04T22:46:24,7c6d452e02
E08_INIT,Estudio de las estrategias de inicializacion de la poblacion,medium,8,18,34,3,38600.0,init=C_frac=0.25,150,200,,0.6,0.2,2,True,C,0.25,nogood,8,0.15,min_efi,,,,,1010,9,True,4.34007803626943,167527.0122,26900.0,128000.0,12627.0122,0.0,167527.0122,0,0.0,0,0.0,15,5,liquido,15.589834558999428,200,30150,81,119,,2026-09-04T22:46:40,7c6d452e02
E08_INIT,Estudio de las estrategias de inicializacion de la poblacion,medium,8,18,34,3,38600.0,init=C_frac=0.25,150,200,,0.6,0.2,2,True,C,0.25,nogood,8,0.15,min_efi,,,,,1111,10,True,4.34007803626943,167527.0122,26900.0,128000.0,12627.012200000001,0.0,167527.0122,0,0.0,0,0.0,15,5,liquido,15.06189483900016,200,30150,67,133,,2026-09-04T22:46:55,7c6d452e02
E08_INIT,Estudio de las estrategias de inicializacion de la poblacion,medium,8,18,34,3,38600.0,init=C_frac=0.25,150,200,,0.6,0.2,2,True,C,0.25,nogood,8,0.15,min_efi,,,,,1212,11,True,4.3148684307468725,166553.92142682927,26900.0,128292.68292682926,11361.2385,0.0,166553.92142682927,0,0.0,0,0.0,16,5,liquido,15.128121642999758,200,30150,71,129,,2026-09-04T22:47:10,7c6d452e02
E08_INIT,Estudio de las estrategias de inicializacion de la poblacion,medium,8,18,34,3,38600.0,init=C_frac=0.25,150,200,,0.6,0.2,2,True,C,0.25,nogood,8,0.15,min_efi,,,,,1313,12,True,4.34007803626943,167527.0122,26900.0,128000.0,12627.0122,0.0,167527.0122,0,0.0,0,0.0,15,5,liquido,15.340227093998692,200,30150,99,101,,2026-09-04T22:47:25,7c6d452e02
E08_INIT,Estudio de las estrategias de inicializacion de la poblacion,medium,8,18,34,3,38600.0,init=C_frac=0.25,150,200,,0.6,0.2,2,True,C,0.25,nogood,8,0.15,min_efi,,,,,1414,13,True,4.455353336598003,171976.63879268293,32400.0,127829.26829268293,11747.370499999997,0.0,171976.63879268293,0,0.0,0,0.0,15,6,liquido,15.550900578000437,200,30150,128,72,,2026-09-04T22:47:41,7c6d452e02
E08_INIT,Estudio de las estrategias de inicializacion de la poblacion,medium,8,18,34,3,38600.0,init=C_frac=0.25,150,200,,0.6,0.2,2,True,C,0.25,nogood,8,0.15,min_efi,,,,,1515,14,True,4.408084820011373,170152.074052439,27200.0,129390.24390243902,13561.83015,0.0,170152.074052439,0,0.0,0,0.0,16,5,liquido,14.93277074100115,200,30150,97,103,,2026-09-04T22:47:56,7c6d452e02
E08_INIT,Estudio de las estrategias de inicializacion de la poblacion,medium,8,18,34,3,38600.0,init=C_frac=0.25,150,200,,0.6,0.2,2,True,C,0.25,nogood,8,0.15,min_efi,,,,,1616,15,True,4.34007803626943,167527.0122,26900.0,128000.0,12627.012200000001,0.0,167527.0122,0,0.0,0,0.0,15,5,liquido,15.063054492002266,200,30150,58,142,,2026-09-04T22:48:11,7c6d452e02
E08_INIT,Estudio de las estrategias de inicializacion de la poblacion,medium,8,18,34,3,38600.0,init=C_frac=0.25,150,200,,0.6,0.2,2,True,C,0.25,nogood,8,0.15,min_efi,,,,,1717,16,True,4.34007803626943,167527.0122,26900.0,128000.0,12627.012200000001,0.0,167527.0122,0,0.0,0,0.0,15,5,liquido,14.74947878599778,200,30150,61,139,,2026-09-04T22:48:26,7c6d452e02
E08_INIT,Estudio de las estrategias de inicializacion de la poblacion,medium,8,18,34,3,38600.0,init=C_frac=0.25,150,200,,0.6,0.2,2,True,C,0.25,nogood,8,0.15,min_efi,,,,,1818,17,True,4.330968272020725,167175.37529999999,26900.0,128000.0,12275.375299999998,0.0,167175.37529999999,0,0.0,0,0.0,15,5,liquido,15.362612862001697,200,30150,176,24,,2026-09-04T22:48:41,7c6d452e02
E08_INIT,Estudio de las estrategias de inicializacion de la poblacion,medium,8,18,34,3,38600.0,init=C_frac=0.25,150,200,,0.6,0.2,2,True,C,0.25,nogood,8,0.15,min_efi,,,,,1919,18,True,4.34007803626943,167527.0122,26900.0,128000.0,12627.012200000001,0.0,167527.0122,0,0.0,0,0.0,15,5,liquido,15.07385474900002,200,30150,89,111,,2026-09-04T22:48:56,7c6d452e02
E08_INIT,Estudio de las estrategias de inicializacion de la poblacion,medium,8,18,34,3,38600.0,init=C_frac=0.25,150,200,,0.6,0.2,2,True,C,0.25,nogood,8,0.15,min_efi,,,,,2020,19,True,4.455353336598003,171976.63879268293,32400.0,127829.26829268293,11747.3705,0.0,171976.63879268293,0,0.0,0,0.0,15,6,liquido,14.939680720999604,200,30150,92,108,,2026-09-04T22:49:11,7c6d452e02
E08_INIT,Estudio de las estrategias de inicializacion de la poblacion,medium,8,18,34,3,38600.0,init=C_frac=0.5,150,200,,0.6,0.2,2,True,C,0.5,nogood,8,0.15,min_efi,,,,,101,0,True,4.455353336598003,171976.63879268293,32400.0,127829.26829268293,11747.370499999999,0.0,171976.63879268293,0,0.0,0,0.0,15,6,liquido,15.120385889000318,200,30150,98,102,,2026-09-04T22:49:26,cd055d4607
E08_INIT,Estudio de las estrategias de inicializacion de la poblacion,medium,8,18,34,3,38600.0,init=C_frac=0.5,150,200,,0.6,0.2,2,True,C,0.5,nogood,8,0.15,min_efi,,,,,202,1,True,4.455353336598003,171976.63879268293,32400.0,127829.26829268293,11747.3705,0.0,171976.63879268293,0,0.0,0,0.0,15,6,liquido,14.599369536001177,200,30150,103,97,,2026-09-04T22:49:41,cd055d4607
E08_INIT,Estudio de las estrategias de inicializacion de la poblacion,medium,8,18,34,3,38600.0,init=C_frac=0.5,150,200,,0.6,0.2,2,True,C,0.5,nogood,8,0.15,min_efi,,,,,303,2,True,4.34007803626943,167527.0122,26900.0,128000.0,12627.012199999997,0.0,167527.0122,0,0.0,0,0.0,15,5,liquido,15.088084968996554,200,30150,60,140,,2026-09-04T22:49:56,cd055d4607
E08_INIT,Estudio de las estrategias de inicializacion de la poblacion,medium,8,18,34,3,38600.0,init=C_frac=0.5,150,200,,0.6,0.2,2,True,C,0.5,nogood,8,0.15,min_efi,,,,,404,3,True,4.350541569916594,167930.9045987805,26900.0,128804.87804878049,12226.026550000002,0.0,167930.9045987805,0,0.0,0,0.0,15,5,liquido,14.924048897002649,200,30150,39,161,,2026-09-04T22:50:11,cd055d4607
E08_INIT,Estudio de las estrategias de inicializacion de la poblacion,medium,8,18,34,3,38600.0,init=C_frac=0.5,150,200,,0.6,0.2,2,True,C,0.5,nogood,8,0.15,min_efi,,,,,505,4,True,4.350541569916594,167930.9045987805,26900.0,128804.87804878049,12226.026549999999,0.0,167930.9045987805,0,0.0,0,0.0,15,5,liquido,14.601568456000678,200,30150,75,125,,2026-09-04T22:50:26,cd055d4607
E08_INIT,Estudio de las estrategias de inicializacion de la poblacion,medium,8,18,34,3,38600.0,init=C_frac=0.5,150,200,,0.6,0.2,2,True,C,0.5,nogood,8,0.15,min_efi,,,,,606,5,True,4.34007803626943,167527.0122,26900.0,128000.00000000001,12627.012199999997,0.0,167527.0122,0,0.0,0,0.0,15,5,liquido,15.348265076001553,200,30150,98,102,,2026-09-04T22:50:41,cd055d4607
E08_INIT,Estudio de las estrategias de inicializacion de la poblacion,medium,8,18,34,3,38600.0,init=C_frac=0.5,150,200,,0.6,0.2,2,True,C,0.5,nogood,8,0.15,min_efi,,,,,707,6,True,4.34007803626943,167527.0122,26900.0,128000.00000000001,12627.0122,0.0,167527.0122,0,0.0,0,0.0,15,5,liquido,15.092978894001135,200,30150,111,89,,2026-09-04T22:50:56,cd055d4607
E08_INIT,Estudio de las estrategias de inicializacion de la poblacion,medium,8,18,34,3,38600.0,init=C_frac=0.5,150,200,,0.6,0.2,2,True,C,0.5,nogood,8,0.15,min_efi,,,,,808,7,True,4.34007803626943,167527.0122,26900.0,128000.0,12627.0122,0.0,167527.0122,0,0.0,0,0.0,15,5,liquido,15.050497706000897,200,30150,124,76,,2026-09-04T22:51:11,cd055d4607
E08_INIT,Estudio de las estrategias de inicializacion de la poblacion,medium,8,18,34,3,38600.0,init=C_frac=0.5,150,200,,0.6,0.2,2,True,C,0.5,nogood,8,0.15,min_efi,,,,,909,8,True,4.455273274074308,171973.5483792683,32400.0,127682.92682926828,11890.62155,0.0,171973.5483792683,0,0.0,0,0.0,16,6,liquido,15.036257140000089,200,30150,114,86,,2026-09-04T22:51:26,cd055d4607
E08_INIT,Estudio de las estrategias de inicializacion de la poblacion,medium,8,18,34,3,38600.0,init=C_frac=0.5,150,200,,0.6,0.2,2,True,C,0.5,nogood,8,0.15,min_efi,,,,,1010,9,True,4.350541569916594,167930.9045987805,26900.0,128804.87804878049,12226.026549999999,0.0,167930.9045987805,0,0.0,0,0.0,15,5,liquido,14.835133521999524,200,30150,91,109,,2026-09-04T22:51:41,cd055d4607
E08_INIT,Estudio de las estrategias de inicializacion de la poblacion,medium,8,18,34,3,38600.0,init=C_frac=0.5,150,200,,0.6,0.2,2,True,C,0.5,nogood,8,0.15,min_efi,,,,,1111,10,True,4.408084820011373,170152.074052439,27200.0,129390.24390243902,13561.830150000002,0.0,170152.074052439,0,0.0,0,0.0,16,5,liquido,14.987802134000958,200,30150,61,139,,2026-09-04T22:51:56,cd055d4607
E08_INIT,Estudio de las estrategias de inicializacion de la poblacion,medium,8,18,34,3,38600.0,init=C_frac=0.5,150,200,,0.6,0.2,2,True,C,0.5,nogood,8,0.15,min_efi,,,,,1212,11,True,4.350541569916594,167930.9045987805,26900.0,128804.87804878049,12226.026549999999,0.0,167930.9045987805,0,0.0,0,0.0,15,5,liquido,14.523373282001558,200,30150,87,113,,2026-09-04T22:52:10,cd055d4607
E08_INIT,Estudio de las estrategias de inicializacion de la poblacion,medium,8,18,34,3,38600.0,init=C_frac=0.5,150,200,,0.6,0.2,2,True,C,0.5,nogood,8,0.15,min_efi,,,,,1313,12,True,4.350541569916594,167930.9045987805,26900.0,128804.87804878049,12226.02655,0.0,167930.9045987805,0,0.0,0,0.0,15,5,liquido,14.6071185159999,200,30150,54,146,,2026-09-04T22:52:25,cd055d4607
E08_INIT,Estudio de las estrategias de inicializacion de la poblacion,medium,8,18,34,3,38600.0,init=C_frac=0.5,150,200,,0.6,0.2,2,True,C,0.5,nogood,8,0.15,min_efi,,,,,1414,13,True,4.455353336598003,171976.63879268293,32400.0,127829.26829268293,11747.3705,0.0,171976.63879268293,0,0.0,0,0.0,15,6,liquido,15.000389756001823,200,30150,80,120,,2026-09-04T22:52:40,cd055d4607
E08_INIT,Estudio de las estrategias de inicializacion de la poblacion,medium,8,18,34,3,38600.0,init=C_frac=0.5,150,200,,0.6,0.2,2,True,C,0.5,nogood,8,0.15,min_efi,,,,,1515,14,True,4.314617530487805,166544.23667682926,26900.0,128292.68292682926,11351.553750000001,0.0,166544.23667682926,0,0.0,0,0.0,15,5,liquido,14.923844525001186,200,30150,108,92,,2026-09-04T22:52:55,cd055d4607
E08_INIT,Estudio de las estrategias de inicializacion de la poblacion,medium,8,18,34,3,38600.0,init=C_frac=0.5,150,200,,0.6,0.2,2,True,C,0.5,nogood,8,0.15,min_efi,,,,,1616,15,True,4.350541569916594,167930.9045987805,26900.0,128804.87804878049,12226.026549999999,0.0,167930.9045987805,0,0.0,0,0.0,15,5,liquido,15.01190189999761,200,30150,47,153,,2026-09-04T22:53:10,cd055d4607
E08_INIT,Estudio de las estrategias de inicializacion de la poblacion,medium,8,18,34,3,38600.0,init=C_frac=0.5,150,200,,0.6,0.2,2,True,C,0.5,nogood,8,0.15,min_efi,,,,,1717,16,True,4.457880823012764,172074.1997682927,32400.0,127926.82926829268,11747.3705,0.0,172074.1997682927,0,0.0,0,0.0,15,6,liquido,15.271866512000997,200,30150,84,116,,2026-09-04T22:53:25,cd055d4607
E08_INIT,Estudio de las estrategias de inicializacion de la poblacion,medium,8,18,34,3,38600.0,init=C_frac=0.5,150,200,,0.6,0.2,2,True,C,0.5,nogood,8,0.15,min_efi,,,,,1818,17,True,4.34007803626943,167527.0122,26900.0,128000.0,12627.012199999997,0.0,167527.0122,0,0.0,0,0.0,15,5,liquido,14.353343678998499,200,30150,93,107,,2026-09-04T22:53:40,cd055d4607
E08_INIT,Estudio de las estrategias de inicializacion de la poblacion,medium,8,18,34,3,38600.0,init=C_frac=0.5,150,200,,0.6,0.2,2,True,C,0.5,nogood,8,0.15,min_efi,,,,,1919,18,True,4.361342742196386,168347.8298487805,26900.0,128804.87804878049,12642.951799999999,0.0,168347.8298487805,0,0.0,0,0.0,15,5,liquido,16.275643960998423,200,30150,146,54,,2026-09-04T22:53:56,cd055d4607
E08_INIT,Estudio de las estrategias de inicializacion de la poblacion,medium,8,18,34,3,38600.0,init=C_frac=0.5,150,200,,0.6,0.2,2,True,C,0.5,nogood,8,0.15,min_efi,,,,,2020,19,True,4.314617530487805,166544.23667682926,26900.0,128292.68292682926,11351.553750000003,0.0,166544.23667682926,0,0.0,0,0.0,15,5,liquido,16.409565717000078,200,30150,70,130,,2026-09-04T22:54:12,cd055d4607
E08_INIT,Estudio de las estrategias de inicializacion de la poblacion,medium,8,18,34,3,38600.0,init=C_frac=0.75,150,200,,0.6,0.2,2,True,C,0.75,nogood,8,0.15,min_efi,,,,,101,0,True,4.34007803626943,167527.0122,26900.0,128000.00000000001,12627.0122,0.0,167527.0122,0,0.0,0,0.0,15,5,liquido,15.8250264039998,200,30150,76,124,,2026-09-04T22:54:28,62fc325e68
E08_INIT,Estudio de las estrategias de inicializacion de la poblacion,medium,8,18,34,3,38600.0,init=C_frac=0.75,150,200,,0.6,0.2,2,True,C,0.75,nogood,8,0.15,min_efi,,,,,202,1,True,4.314617530487805,166544.23667682926,26900.0,128292.68292682926,11351.553750000005,0.0,166544.23667682926,0,0.0,0,0.0,15,5,liquido,15.43701519300157,200,30150,63,137,,2026-09-04T22:54:44,62fc325e68
E08_INIT,Estudio de las estrategias de inicializacion de la poblacion,medium,8,18,34,3,38600.0,init=C_frac=0.75,150,200,,0.6,0.2,2,True,C,0.75,nogood,8,0.15,min_efi,,,,,303,2,True,4.34007803626943,167527.0122,26900.0,128000.00000000001,12627.0122,0.0,167527.0122,0,0.0,0,0.0,15,5,liquido,15.311324477999733,200,30150,82,118,,2026-09-04T22:54:59,62fc325e68
E08_INIT,Estudio de las estrategias de inicializacion de la poblacion,medium,8,18,34,3,38600.0,init=C_frac=0.75,150,200,,0.6,0.2,2,True,C,0.75,nogood,8,0.15,min_efi,,,,,404,3,True,4.34007803626943,167527.0122,26900.0,128000.0,12627.012200000001,0.0,167527.0122,0,0.0,0,0.0,15,5,liquido,15.650723111000843,200,30150,64,136,,2026-09-04T22:55:15,62fc325e68
E08_INIT,Estudio de las estrategias de inicializacion de la poblacion,medium,8,18,34,3,38600.0,init=C_frac=0.75,150,200,,0.6,0.2,2,True,C,0.75,nogood,8,0.15,min_efi,,,,,505,4,True,4.34007803626943,167527.0122,26900.0,128000.0,12627.012200000001,0.0,167527.0122,0,0.0,0,0.0,15,5,liquido,15.199682780999865,200,30150,82,118,,2026-09-04T22:55:30,62fc325e68
E08_INIT,Estudio de las estrategias de inicializacion de la poblacion,medium,8,18,34,3,38600.0,init=C_frac=0.75,150,200,,0.6,0.2,2,True,C,0.75,nogood,8,0.15,min_efi,,,,,606,5,True,4.457880823012764,172074.1997682927,32400.0,127926.82926829268,11747.370500000003,0.0,172074.1997682927,0,0.0,0,0.0,15,6,liquido,15.729256023001653,200,30150,74,126,,2026-09-04T22:55:46,62fc325e68
E08_INIT,Estudio de las estrategias de inicializacion de la poblacion,medium,8,18,34,3,38600.0,init=C_frac=0.75,150,200,,0.6,0.2,2,True,C,0.75,nogood,8,0.15,min_efi,,,,,707,6,True,4.34007803626943,167527.0122,26900.0,128000.0,12627.0122,0.0,167527.0122,0,0.0,0,0.0,15,5,liquido,15.266287755999656,200,30150,83,117,,2026-09-04T22:56:01,62fc325e68
E08_INIT,Estudio de las estrategias de inicializacion de la poblacion,medium,8,18,34,3,38600.0,init=C_frac=0.75,150,200,,0.6,0.2,2,True,C,0.75,nogood,8,0.15,min_efi,,,,,808,7,True,4.34007803626943,167527.0122,26900.0,128000.0,12627.0122,0.0,167527.0122,0,0.0,0,0.0,15,5,liquido,15.721422312999493,200,30150,113,87,,2026-09-04T22:56:17,62fc325e68
E08_INIT,Estudio de las estrategias de inicializacion de la poblacion,medium,8,18,34,3,38600.0,init=C_frac=0.75,150,200,,0.6,0.2,2,True,C,0.75,nogood,8,0.15,min_efi,,,,,909,8,True,4.34007803626943,167527.0122,26900.0,128000.0,12627.012200000003,0.0,167527.0122,0,0.0,0,0.0,15,5,liquido,15.570959753997158,200,30150,109,91,,2026-09-04T22:56:32,62fc325e68
E08_INIT,Estudio de las estrategias de inicializacion de la poblacion,medium,8,18,34,3,38600.0,init=C_frac=0.75,150,200,,0.6,0.2,2,True,C,0.75,nogood,8,0.15,min_efi,,,,,1010,9,True,4.350541569916594,167930.9045987805,26900.0,128804.87804878049,12226.026549999999,0.0,167930.9045987805,0,0.0,0,0.0,15,5,liquido,15.1337335850003,200,30150,81,119,,2026-09-04T22:56:47,62fc325e68
E08_INIT,Estudio de las estrategias de inicializacion de la poblacion,medium,8,18,34,3,38600.0,init=C_frac=0.75,150,200,,0.6,0.2,2,True,C,0.75,nogood,8,0.15,min_efi,,,,,1111,10,True,4.352414670952863,168003.20629878048,26900.0,128804.87804878049,12298.32825,0.0,168003.20629878048,0,0.0,0,0.0,15,5,liquido,14.52717848300017,200,30150,58,142,,2026-09-04T22:57:02,62fc325e68
E08_INIT,Estudio de las estrategias de inicializacion de la poblacion,medium,8,18,34,3,38600.0,init=C_frac=0.75,150,200,,0.6,0.2,2,True,C,0.75,nogood,8,0.15,min_efi,,,,,1212,11,True,4.34007803626943,167527.0122,26900.0,128000.00000000001,12627.0122,0.0,167527.0122,0,0.0,0,0.0,15,5,liquido,14.575598806000926,200,30150,82,118,,2026-09-04T22:57:16,62fc325e68
E08_INIT,Estudio de las estrategias de inicializacion de la poblacion,medium,8,18,34,3,38600.0,init=C_frac=0.75,150,200,,0.6,0.2,2,True,C,0.75,nogood,8,0.15,min_efi,,,,,1313,12,True,4.34007803626943,167527.0122,26900.0,128000.0,12627.012200000001,0.0,167527.0122,0,0.0,0,0.0,15,5,liquido,14.70426093399874,200,30150,80,120,,2026-09-04T22:57:31,62fc325e68
E08_INIT,Estudio de las estrategias de inicializacion de la poblacion,medium,8,18,34,3,38600.0,init=C_frac=0.75,150,200,,0.6,0.2,2,True,C,0.75,nogood,8,0.15,min_efi,,,,,1414,13,True,4.34007803626943,167527.0122,26900.0,128000.0,12627.0122,0.0,167527.0122,0,0.0,0,0.0,15,5,liquido,14.994857331003004,200,30150,89,111,,2026-09-04T22:57:46,62fc325e68
E08_INIT,Estudio de las estrategias de inicializacion de la poblacion,medium,8,18,34,3,38600.0,init=C_frac=0.75,150,200,,0.6,0.2,2,True,C,0.75,nogood,8,0.15,min_efi,,,,,1515,14,True,4.350541569916594,167930.9045987805,26900.0,128804.87804878049,12226.02655,0.0,167930.9045987805,0,0.0,0,0.0,15,5,liquido,15.332781206001528,200,30150,67,133,,2026-09-04T22:58:01,62fc325e68
E08_INIT,Estudio de las estrategias de inicializacion de la poblacion,medium,8,18,34,3,38600.0,init=C_frac=0.75,150,200,,0.6,0.2,2,True,C,0.75,nogood,8,0.15,min_efi,,,,,1616,15,True,4.350541569916594,167930.9045987805,26900.0,128804.87804878049,12226.02655,0.0,167930.9045987805,0,0.0,0,0.0,15,5,liquido,15.504181518001133,200,30150,102,98,,2026-09-04T22:58:17,62fc325e68
E08_INIT,Estudio de las estrategias de inicializacion de la poblacion,medium,8,18,34,3,38600.0,init=C_frac=0.75,150,200,,0.6,0.2,2,True,C,0.75,nogood,8,0.15,min_efi,,,,,1717,16,True,4.455273274074308,171973.5483792683,32400.0,127682.9268292683,11890.621550000003,0.0,171973.5483792683,0,0.0,0,0.0,16,6,liquido,15.386438039000495,200,30150,95,105,,2026-09-04T22:58:32,62fc325e68
E08_INIT,Estudio de las estrategias de inicializacion de la poblacion,medium,8,18,34,3,38600.0,init=C_frac=0.75,150,200,,0.6,0.2,2,True,C,0.75,nogood,8,0.15,min_efi,,,,,1818,17,True,4.34007803626943,167527.0122,26900.0,128000.0,12627.0122,0.0,167527.0122,0,0.0,0,0.0,15,5,liquido,15.126822787999117,200,30150,62,138,,2026-09-04T22:58:47,62fc325e68
E08_INIT,Estudio de las estrategias de inicializacion de la poblacion,medium,8,18,34,3,38600.0,init=C_frac=0.75,150,200,,0.6,0.2,2,True,C,0.75,nogood,8,0.15,min_efi,,,,,1919,18,True,4.34007803626943,167527.0122,26900.0,128000.0,12627.012200000003,0.0,167527.0122,0,0.0,0,0.0,15,5,liquido,15.47488835400145,200,30150,91,109,,2026-09-04T22:59:03,62fc325e68
E08_INIT,Estudio de las estrategias de inicializacion de la poblacion,medium,8,18,34,3,38600.0,init=C_frac=0.75,150,200,,0.6,0.2,2,True,C,0.75,nogood,8,0.15,min_efi,,,,,2020,19,True,4.385911307387984,169296.17646517616,26900.0,129761.51761517616,12634.658850000002,0.0,169296.17646517616,0,0.0,0,0.0,15,5,amoniaco|liquido,14.916199657000107,200,30150,73,127,,2026-09-04T22:59:18,62fc325e68
E08_INIT,Estudio de las estrategias de inicializacion de la poblacion,large,12,30,55,3,53000.0,init=A_frac=0.25,150,200,,0.6,0.2,2,True,A,0.25,nogood,8,0.15,min_efi,,,,,101,0,True,4.750314743787391,251766.68142073174,37900.0,177317.07317073172,36549.60825000001,0.0,251766.68142073174,0,0.0,0,0.0,23,7,liquido,24.92552660400179,200,30150,199,1,,2026-09-04T22:59:43,8533dc568b
E08_INIT,Estudio de las estrategias de inicializacion de la poblacion,large,12,30,55,3,53000.0,init=A_frac=0.25,150,200,,0.6,0.2,2,True,A,0.25,nogood,8,0.15,min_efi,,,,,202,1,True,4.686386254453648,248378.47148604336,33000.0,183683.60433604335,31694.86715,0.0,248378.47148604336,0,0.0,0,0.0,20,6,amoniaco|liquido,23.445350411002437,200,30150,195,5,,2026-09-04T23:00:06,8533dc568b
E08_INIT,Estudio de las estrategias de inicializacion de la poblacion,large,12,30,55,3,53000.0,init=A_frac=0.25,150,200,,0.6,0.2,2,True,A,0.25,nogood,8,0.15,min_efi,,,,,303,2,True,4.699888746423276,249094.1035604336,39100.0,184586.0433604336,25408.060200000007,0.0,249094.1035604336,0,0.0,0,0.0,19,7,amoniaco|liquido,23.08205758999975,200,30150,197,3,,2026-09-04T23:00:29,8533dc568b
E08_INIT,Estudio de las estrategias de inicializacion de la poblacion,large,12,30,55,3,53000.0,init=A_frac=0.25,150,200,,0.6,0.2,2,True,A,0.25,nogood,8,0.15,min_efi,,,,,404,3,True,4.6340823859871145,245606.36645731708,33000.0,181170.73170731709,31435.634749999997,0.0,245606.36645731708,0,0.0,0,0.0,24,6,liquido,24.553840051998122,200,30150,197,3,,2026-09-04T23:00:54,8533dc568b
E08_INIT,Estudio de las estrategias de inicializacion de la poblacion,large,12,30,55,3,53000.0,init=A_frac=0.25,150,200,,0.6,0.2,2,True,A,0.25,nogood,8,0.15,min_efi,,,,,505,4,True,4.647596520248505,246322.61557317074,38700.0,180707.31707317074,26915.2985,0.0,246322.61557317074,0,0.0,0,0.0,23,7,liquido,22.946246231997065,200,30150,197,3,,2026-09-04T23:01:17,8533dc568b
E08_INIT,Estudio de las estrategias de inicializacion de la poblacion,large,12,30,55,3,53000.0,init=A_frac=0.25,150,200,,0.6,0.2,2,True,A,0.25,nogood,8,0.15,min_efi,,,,,606,5,True,4.674769794592729,247762.79911341463,38200.0,178146.34146341463,31416.45765,0.0,247762.79911341463,0,0.0,0,0.0,23,7,liquido,24.93070154799716,200,30150,196,4,,2026-09-04T23:01:42,8533dc568b
E08_INIT,Estudio de las estrategias de inicializacion de la poblacion,large,12,30,55,3,53000.0,init=A_frac=0.25,150,200,,0.6,0.2,2,True,A,0.25,nogood,8,0.15,min_efi,,,,,707,6,True,4.696937329109781,248937.6784428184,39000.0,184184.28184281843,25753.396599999993,0.0,248937.6784428184,0,0.0,0,0.0,20,7,amoniaco|liquido,22.53216740299831,200,30150,171,29,,2026-09-04T23:02:04,8533dc568b
E08_INIT,Estudio de las estrategias de inicializacion de la poblacion,large,12,30,55,3,53000.0,init=A_frac=0.25,150,200,,0.6,0.2,2,True,A,0.25,nogood,8,0.15,min_efi,,,,,808,7,True,4.79702343013499,254242.24179715448,32700.0,183794.71544715448,37747.52634999999,0.0,254242.24179715448,0,0.0,0,0.0,20,6,amoniaco|liquido,23.596734341997944,200,30150,195,5,,2026-09-04T23:02:28,8533dc568b
E08_INIT,Estudio de las estrategias de inicializacion de la poblacion,large,12,30,55,3,53000.0,init=A_frac=0.25,150,200,,0.6,0.2,2,True,A,0.25,nogood,8,0.15,min_efi,,,,,909,8,True,4.62839912121491,245305.15342439024,32700.0,177902.43902439025,34702.7144,0.0,245305.15342439024,0,0.0,0,0.0,20,6,liquido,23.65723357100069,200,30150,199,1,,2026-09-04T23:02:52,8533dc568b
E08_INIT,Estudio de las estrategias de inicializacion de la poblacion,large,12,30,55,3,53000.0,init=A_frac=0.25,150,200,,0.6,0.2,2,True,A,0.25,nogood,8,0.15,min_efi,,,,,1010,9,True,4.6924562411412785,248700.18078048778,33800.0,183878.0487804878,31022.131999999998,0.0,248700.18078048778,0,0.0,0,0.0,20,6,liquido,22.74498781800139,200,30150,193,7,,2026-09-04T23:03:14,8533dc568b
E08_INIT,Estudio de las estrategias de inicializacion de la poblacion,large,12,30,55,3,53000.0,init=A_frac=0.25,150,200,,0.6,0.2,2,True,A,0.25,nogood,8,0.15,min_efi,,,,,1111,10,True,4.637444217786471,245784.54354268295,32700.0,178829.26829268294,34255.275250000006,0.0,245784.54354268295,0,0.0,0,0.0,22,6,liquido,24.189576363001834,200,30150,200,0,,2026-09-04T23:03:39,8533dc568b
E08_INIT,Estudio de las estrategias de inicializacion de la poblacion,large,12,30,55,3,53000.0,init=A_frac=0.25,150,200,,0.6,0.2,2,True,A,0.25,nogood,8,0.15,min_efi,,,,,1212,11,True,4.694718623094033,248820.08702398374,38500.0,182837.39837398374,27482.688649999993,0.0,248820.08702398374,0,0.0,0,0.0,20,7,amoniaco|liquido,21.6334248259991,200,30150,198,2,,2026-09-04T23:04:00,8533dc568b
E08_INIT,Estudio de las estrategias de inicializacion de la poblacion,large,12,30,55,3,53000.0,init=A_frac=0.25,150,200,,0.6,0.2,2,True,A,0.25,nogood,8,0.15,min_efi,,,,,1313,12,True,4.672380885358184,247636.18692398374,33000.0,183087.39837398374,31548.78855,0.0,247636.18692398374,0,0.0,0,0.0,21,6,amoniaco|liquido,24.271897635997448,200,30150,200,0,,2026-09-04T23:04:24,8533dc568b
E08_INIT,Estudio de las estrategias de inicializacion de la poblacion,large,12,30,55,3,53000.0,init=A_frac=0.25,150,200,,0.6,0.2,2,True,A,0.25,nogood,8,0.15,min_efi,,,,,1414,13,True,4.663727391371376,247177.55174268293,33300.0,180829.26829268294,33048.283449999995,0.0,247177.55174268293,0,0.0,0,0.0,20,6,liquido,21.80166708300021,200,30150,169,31,,2026-09-04T23:04:46,8533dc568b
E08_INIT,Estudio de las estrategias de inicializacion de la poblacion,large,12,30,55,3,53000.0,init=A_frac=0.25,150,200,,0.6,0.2,2,True,A,0.25,nogood,8,0.15,min_efi,,,,,1515,14,True,4.616630754716981,244681.43,32700.0,179000.0,32981.43000000001,0.0,244681.43,0,0.0,0,0.0,22,6,liquido,24.704290702000435,200,30150,194,6,,2026-09-04T23:05:11,8533dc568b
E08_INIT,Estudio de las estrategias de inicializacion de la poblacion,large,12,30,55,3,53000.0,init=A_frac=0.25,150,200,,0.6,0.2,2,True,A,0.25,nogood,8,0.15,min_efi,,,,,1616,15,True,4.740896988438922,251267.54038726288,33600.0,186628.7262872629,31038.814100000003,0.0,251267.54038726288,0,0.0,0,0.0,18,6,amoniaco|liquido,21.223766901999625,200,30150,200,0,,2026-09-04T23:05:32,8533dc568b
E08_INIT,Estudio de las estrategias de inicializacion de la poblacion,large,12,30,55,3,53000.0,init=A_frac=0.25,150,200,,0.6,0.2,2,True,A,0.25,nogood,8,0.15,min_efi,,,,,1717,16,True,4.516507527036356,239374.89893292685,32400.0,177268.29268292684,29706.60625000001,0.0,239374.89893292685,0,0.0,0,0.0,22,6,liquido,24.68490350799766,200,30150,191,9,,2026-09-04T23:05:57,8533dc568b
E08_INIT,Estudio de las estrategias de inicializacion de la poblacion,large,12,30,55,3,53000.0,init=A_frac=0.25,150,200,,0.6,0.2,2,True,A,0.25,nogood,8,0.15,min_efi,,,,,1818,17,True,4.658901171043616,246921.76206531166,38200.0,181116.53116531167,27605.230899999995,0.0,246921.76206531166,0,0.0,0,0.0,20,7,amoniaco|liquido,24.156202651000058,200,30150,198,2,,2026-09-04T23:06:21,8533dc568b
E08_INIT,Estudio de las estrategias de inicializacion de la poblacion,large,12,30,55,3,53000.0,init=A_frac=0.25,150,200,,0.6,0.2,2,True,A,0.25,nogood,8,0.15,min_efi,,,,,1919,18,True,4.629156320179476,245345.28496951223,33300.0,182121.9512195122,29923.33375000001,0.0,245345.28496951223,0,0.0,0,0.0,21,6,liquido,23.019214915999328,200,30150,198,2,,2026-09-04T23:06:44,8533dc568b
E08_INIT,Estudio de las estrategias de inicializacion de la poblacion,large,12,30,55,3,53000.0,init=A_frac=0.25,150,200,,0.6,0.2,2,True,A,0.25,nogood,8,0.15,min_efi,,,,,2020,19,True,4.710467139136883,249654.75837425477,34100.0,189047.42547425476,26507.3329,0.0,249654.75837425477,0,0.0,0,0.0,20,6,amoniaco|liquido,23.9536935670003,200,30150,192,8,,2026-09-04T23:07:08,8533dc568b
E08_INIT,Estudio de las estrategias de inicializacion de la poblacion,large,12,30,55,3,53000.0,init=B_frac=0.25,150,200,,0.6,0.2,2,True,B,0.25,nogood,8,0.15,min_efi,,,,,101,0,True,4.453983682489646,236061.13517195123,39000.0,180512.19512195123,16548.94005,0.0,236061.13517195123,0,0.0,0,0.0,22,7,liquido,21.70254031500008,200,30150,200,0,,2026-09-04T23:07:30,c11b18f024
E08_INIT,Estudio de las estrategias de inicializacion de la poblacion,large,12,30,55,3,53000.0,init=B_frac=0.25,150,200,,0.6,0.2,2,True,B,0.25,nogood,8,0.15,min_efi,,,,,202,1,True,4.538231456074551,240526.2671719512,50000.0,178512.19512195123,12014.07205,0.0,240526.2671719512,0,0.0,0,0.0,21,9,liquido,24.366731714002526,200,30150,200,0,,2026-09-04T23:07:54,c11b18f024
E08_INIT,Estudio de las estrategias de inicializacion de la poblacion,large,12,30,55,3,53000.0,init=B_frac=0.25,150,200,,0.6,0.2,2,True,B,0.25,nogood,8,0.15,min_efi,,,,,303,2,True,4.473976998182237,237120.78090365854,44200.0,178585.36585365853,14335.415050000001,0.0,237120.78090365854,0,0.0,0,0.0,22,8,liquido,22.313414653002837,200,30150,195,5,,2026-09-04T23:08:16,c11b18f024
E08_INIT,Estudio de las estrategias de inicializacion de la poblacion,large,12,30,55,3,53000.0,init=B_frac=0.25,150,200,,0.6,0.2,2,True,B,0.25,nogood,8,0.15,min_efi,,,,,404,3,True,4.471444416285729,236986.55406314365,39000.0,181936.31436314364,16050.2397,0.0,236986.55406314365,0,0.0,0,0.0,22,7,amoniaco|liquido,24.312796359001368,200,30150,198,2,,2026-09-04T23:08:41,c11b18f024
E08_INIT,Estudio de las estrategias de inicializacion de la poblacion,large,12,30,55,3,53000.0,init=B_frac=0.25,150,200,,0.6,0.2,2,True,B,0.25,nogood,8,0.15,min_efi,,,,,505,4,True,4.511825656488726,239126.75979390246,49700.0,178024.39024390245,11402.36955,0.0,239126.75979390246,0,0.0,0,0.0,23,9,liquido,24.38775458300006,200,30150,195,5,,2026-09-04T23:09:05,c11b18f024
E08_INIT,Estudio de las estrategias de inicializacion de la poblacion,large,12,30,55,3,53000.0,init=B_frac=0.25,150,200,,0.6,0.2,2,True,B,0.25,nogood,8,0.15,min_efi,,,,,606,5,True,4.437978534514496,235212.8623292683,44200.0,178682.92682926828,12329.935500000007,0.0,235212.8623292683,0,0.0,0,0.0,23,8,liquido,22.899612435001472,200,30150,198,2,,2026-09-04T23:09:28,c11b18f024
E08_INIT,Estudio de las estrategias de inicializacion de la poblacion,large,12,30,55,3,53000.0,init=B_frac=0.25,150,200,,0.6,0.2,2,True,B,0.25,nogood,8,0.15,min_efi,,,,,707,6,True,4.398752256258628,233133.8695817073,33000.0,180073.1707317073,20060.69885,0.0,233133.8695817073,0,0.0,0,0.0,21,6,liquido,23.933585524999216,200,30150,196,4,,2026-09-04T23:09:52,c11b18f024
E08_INIT,Estudio de las estrategias de inicializacion de la poblacion,large,12,30,55,3,53000.0,init=B_frac=0.25,150,200,,0.6,0.2,2,True,B,0.25,nogood,8,0.15,min_efi,,,,,808,7,True,4.432191132282559,234906.1300109756,44200.0,178756.0975609756,11950.03245,0.0,234906.1300109756,0,0.0,0,0.0,21,8,liquido,23.245434390999435,200,30150,194,6,,2026-09-04T23:10:15,c11b18f024
E08_INIT,Estudio de las estrategias de inicializacion de la poblacion,large,12,30,55,3,53000.0,init=B_frac=0.25,150,200,,0.6,0.2,2,True,B,0.25,nogood,8,0.15,min_efi,,,,,909,8,True,4.546226642235516,240950.01203848238,44500.0,182823.84823848237,13626.163800000002,0.0,240950.01203848238,0,0.0,0,0.0,20,8,amoniaco|liquido,24.429530843000975,200,30150,198,2,,2026-09-04T23:10:40,c11b18f024
E08_INIT,Estudio de las estrategias de inicializacion de la poblacion,large,12,30,55,3,53000.0,init=B_frac=0.25,150,200,,0.6,0.2,2,True,B,0.25,nogood,8,0.15,min_efi,,,,,1010,9,True,4.436763798987575,235148.48134634146,44200.0,179414.63414634147,11533.8472,0.0,235148.48134634146,0,0.0,0,0.0,23,8,liquido,22.876608353002666,200,30150,198,2,,2026-09-04T23:11:03,c11b18f024
E08_INIT,Estudio de las estrategias de inicializacion de la poblacion,large,12,30,55,3,53000.0,init=B_frac=0.25,150,200,,0.6,0.2,2,True,B,0.25,nogood,8,0.15,min_efi,,,,,1111,10,True,4.435088571629085,235059.69429634148,44200.0,179414.63414634147,11445.060150000003,0.0,235059.69429634148,0,0.0,0,0.0,22,8,liquido,24.13482127899988,200,30150,189,11,,2026-09-04T23:11:27,c11b18f024
E08_INIT,Estudio de las estrategias de inicializacion de la poblacion,large,12,30,55,3,53000.0,init=B_frac=0.25,150,200,,0.6,0.2,2,True,B,0.25,nogood,8,0.15,min_efi,,,,,1212,11,True,4.392854075241601,232821.2659878049,33000.0,180048.78048780488,19772.485500000003,0.0,232821.2659878049,0,0.0,0,0.0,22,6,liquido,23.643761924999126,200,30150,192,8,,2026-09-04T23:11:50,c11b18f024
E08_INIT,Estudio de las estrategias de inicializacion de la poblacion,large,12,30,55,3,53000.0,init=B_frac=0.25,150,200,,0.6,0.2,2,True,B,0.25,nogood,8,0.15,min_efi,,,,,1313,12,True,4.442080454647952,235430.26409634147,44200.0,179414.63414634147,11815.629949999999,0.0,235430.26409634147,0,0.0,0,0.0,22,8,liquido,23.735794493000867,200,30150,180,20,,2026-09-04T23:12:14,c11b18f024
E08_INIT,Estudio de las estrategias de inicializacion de la poblacion,large,12,30,55,3,53000.0,init=B_frac=0.25,150,200,,0.6,0.2,2,True,B,0.25,nogood,8,0.15,min_efi,,,,,1414,13,True,4.425806253244363,234567.73142195123,44200.0,178512.19512195123,11855.5363,0.0,234567.73142195123,0,0.0,0,0.0,22,8,liquido,25.048185473002377,200,30150,195,5,,2026-09-04T23:12:39,c11b18f024
E08_INIT,Estudio de las estrategias de inicializacion de la poblacion,large,12,30,55,3,53000.0,init=B_frac=0.25,150,200,,0.6,0.2,2,True,B,0.25,nogood,8,0.15,min_efi,,,,,1515,14,True,4.442902692383802,235473.84269634148,44200.0,179414.63414634147,11859.208550000003,0.0,235473.84269634148,0,0.0,0,0.0,23,8,liquido,23.117567524997867,200,30150,190,10,,2026-09-04T23:13:02,c11b18f024
E08_INIT,Estudio de las estrategias de inicializacion de la poblacion,large,12,30,55,3,53000.0,init=B_frac=0.25,150,200,,0.6,0.2,2,True,B,0.25,nogood,8,0.15,min_efi,,,,,1616,15,True,4.379557717947537,232116.5590512195,38400.0,178195.1219512195,15521.437099999996,0.0,232116.5590512195,0,0.0,0,0.0,21,7,liquido,23.561685407999903,200,30150,180,20,,2026-09-04T23:13:26,c11b18f024
E08_INIT,Estudio de las estrategias de inicializacion de la poblacion,large,12,30,55,3,53000.0,init=B_frac=0.25,150,200,,0.6,0.2,2,True,B,0.25,nogood,8,0.15,min_efi,,,,,1717,16,True,4.443861769581224,235524.67378780487,44200.0,179048.78048780488,12275.893300000003,0.0,235524.67378780487,0,0.0,0,0.0,22,8,liquido,24.058636762998503,200,30150,200,0,,2026-09-04T23:13:50,c11b18f024
E08_INIT,Estudio de las estrategias de inicializacion de la poblacion,large,12,30,55,3,53000.0,init=B_frac=0.25,150,200,,0.6,0.2,2,True,B,0.25,nogood,8,0.15,min_efi,,,,,1818,17,True,4.351436802761159,230626.15054634147,38400.0,179414.63414634147,12811.516400000004,0.0,230626.15054634147,0,0.0,0,0.0,22,7,liquido,23.14993037200111,200,30150,174,26,,2026-09-04T23:14:13,c11b18f024
E08_INIT,Estudio de las estrategias de inicializacion de la poblacion,large,12,30,55,3,53000.0,init=B_frac=0.25,150,200,,0.6,0.2,2,True,B,0.25,nogood,8,0.15,min_efi,,,,,1919,18,True,4.4512781708237465,235917.74305365855,39000.0,180585.36585365853,16332.377200000004,0.0,235917.74305365855,0,0.0,0,0.0,20,7,liquido,23.914402357000654,200,30150,199,1,,2026-09-04T23:14:37,c11b18f024
E08_INIT,Estudio de las estrategias de inicializacion de la poblacion,large,12,30,55,3,53000.0,init=B_frac=0.25,150,200,,0.6,0.2,2,True,B,0.25,nogood,8,0.15,min_efi,,,,,2020,19,True,4.436823906534745,235151.66704634146,44200.0,179414.63414634147,11537.0329,0.0,235151.66704634146,0,0.0,0,0.0,22,8,liquido,22.414968170000066,200,30150,189,11,,2026-09-04T23:14:59,c11b18f024
E08_INIT,Estudio de las estrategias de inicializacion de la poblacion,large,12,30,55,3,53000.0,init=C_frac=0.25,150,200,,0.6,0.2,2,True,C,0.25,nogood,8,0.15,min_efi,,,,,101,0,True,4.35443019514496,230784.80034268292,33000.0,179829.26829268291,17955.532050000005,0.0,230784.80034268292,0,0.0,0,0.0,22,6,liquido,25.213340931000857,200,30150,199,1,,2026-09-04T23:15:25,7c6d452e02
E08_INIT,Estudio de las estrategias de inicializacion de la poblacion,large,12,30,55,3,53000.0,init=C_frac=0.25,150,200,,0.6,0.2,2,True,C,0.25,nogood,8,0.15,min_efi,,,,,202,1,True,4.399679226069949,233182.9989817073,38500.0,179073.1707317073,15609.828249999999,0.0,233182.9989817073,0,0.0,0,0.0,21,7,liquido,22.30208723299802,200,30150,199,1,,2026-09-04T23:15:47,7c6d452e02
E08_INIT,Estudio de las estrategias de inicializacion de la poblacion,large,12,30,55,3,53000.0,init=C_frac=0.25,150,200,,0.6,0.2,2,True,C,0.25,nogood,8,0.15,min_efi,,,,,303,2,True,4.414468355752415,233966.82285487803,33000.0,179780.48780487804,21186.33505,0.0,233966.82285487803,0,0.0,0,0.0,22,6,liquido,24.56038619100218,200,30150,192,8,,2026-09-04T23:16:12,7c6d452e02
E08_INIT,Estudio de las estrategias de inicializacion de la poblacion,large,12,30,55,3,53000.0,init=C_frac=0.25,150,200,,0.6,0.2,2,True,C,0.25,nogood,8,0.15,min_efi,,,,,404,3,True,4.486504288173033,237784.72727317075,44000.0,177707.31707317074,16077.4102,0.0,237784.72727317075,0,0.0,0,0.0,21,8,liquido,25.0686572170016,200,30150,200,0,,2026-09-04T23:16:37,7c6d452e02
E08_INIT,Estudio de las estrategias de inicializacion de la poblacion,large,12,30,55,3,53000.0,init=C_frac=0.25,150,200,,0.6,0.2,2,True,C,0.25,nogood,8,0.15,min_efi,,,,,505,4,True,4.453016991440405,236009.90054634147,44200.0,179414.63414634147,12395.266400000002,0.0,236009.90054634147,0,0.0,0,0.0,22,8,liquido,22.966561919001833,200,30150,179,21,,2026-09-04T23:17:00,7c6d452e02
E08_INIT,Estudio de las estrategias de inicializacion de la poblacion,large,12,30,55,3,53000.0,init=C_frac=0.25,150,200,,0.6,0.2,2,True,C,0.25,nogood,8,0.15,min_efi,,,,,606,5,True,4.428473507063967,234709.09587439024,38700.0,179902.43902439025,16106.656850000001,0.0,234709.09587439024,0,0.0,0,0.0,21,7,liquido,24.61435187800089,200,30150,195,5,,2026-09-04T23:17:24,7c6d452e02
E08_INIT,Estudio de las estrategias de inicializacion de la poblacion,large,12,30,55,3,53000.0,init=C_frac=0.25,150,200,,0.6,0.2,2,True,C,0.25,nogood,8,0.15,min_efi,,,,,707,6,True,4.779210470496498,253298.1549363144,39000.0,184143.63143631438,30154.523500000007,0.0,253298.1549363144,0,0.0,0,0.0,20,7,amoniaco|liquido,21.591552261001198,200,30150,197,3,,2026-09-04T23:17:46,7c6d452e02
E08_INIT,Estudio de las estrategias de inicializacion de la poblacion,large,12,30,55,3,53000.0,init=C_frac=0.25,150,200,,0.6,0.2,2,True,C,0.25,nogood,8,0.15,min_efi,,,,,808,7,True,4.477694830280718,237317.82600487804,44200.0,179780.48780487804,13337.338200000004,0.0,237317.82600487804,0,0.0,0,0.0,22,8,liquido,24.77218585599985,200,30150,186,14,,2026-09-04T23:18:11,7c6d452e02
E08_INIT,Estudio de las estrategias de inicializacion de la poblacion,large,12,30,55,3,53000.0,init=C_frac=0.25,150,200,,0.6,0.2,2,True,C,0.25,nogood,8,0.15,min_efi,,,,,909,8,True,4.441140156879889,235380.42831463413,33000.0,180341.46341463414,22038.964899999995,0.0,235380.42831463413,0,0.0,0,0.0,21,6,liquido,21.935835183001473,200,30150,189,11,,2026-09-04T23:18:33,7c6d452e02
E08_INIT,Estudio de las estrategias de inicializacion de la poblacion,large,12,30,55,3,53000.0,init=C_frac=0.25,150,200,,0.6,0.2,2,True,C,0.25,nogood,8,0.15,min_efi,,,,,1010,9,True,4.446735962195122,235677.00599634147,44200.0,179414.63414634147,12062.371849999998,0.0,235677.00599634147,0,0.0,0,0.0,22,8,liquido,24.111119970999425,200,30150,169,31,,2026-09-04T23:18:57,7c6d452e02
E08_INIT,Estudio de las estrategias de inicializacion de la poblacion,large,12,30,55,3,53000.0,init=C_frac=0.25,150,200,,0.6,0.2,2,True,C,0.25,nogood,8,0.15,min_efi,,,,,1111,10,True,4.450872289346526,235896.23133536585,38700.0,179658.53658536586,17537.69475,0.0,235896.23133536585,0,0.0,0,0.0,21,7,liquido,23.67843835199892,200,30150,188,12,,2026-09-04T23:19:20,7c6d452e02
E08_INIT,Estudio de las estrategias de inicializacion de la poblacion,large,12,30,55,3,53000.0,init=C_frac=0.25,150,200,,0.6,0.2,2,True,C,0.25,nogood,8,0.15,min_efi,,,,,1212,11,True,4.358416573515877,230996.07839634147,38400.0,179414.63414634147,13181.444250000004,0.0,230996.07839634147,0,0.0,0,0.0,22,7,liquido,22.670384217999526,200,30150,195,5,,2026-09-04T23:19:43,7c6d452e02
E08_INIT,Estudio de las estrategias de inicializacion de la poblacion,large,12,30,55,3,53000.0,init=C_frac=0.25,150,200,,0.6,0.2,2,True,C,0.25,nogood,8,0.15,min_efi,,,,,1313,12,True,4.449658310837552,235831.89047439024,38700.0,179902.43902439025,17229.451449999997,0.0,235831.89047439024,0,0.0,0,0.0,22,7,liquido,24.55248053699688,200,30150,181,19,,2026-09-04T23:20:08,7c6d452e02
E08_INIT,Estudio de las estrategias de inicializacion de la poblacion,large,12,30,55,3,53000.0,init=C_frac=0.25,150,200,,0.6,0.2,2,True,C,0.25,nogood,8,0.15,min_efi,,,,,1414,13,True,4.459623620685688,236360.05189634147,44200.0,179414.63414634147,12745.417750000004,0.0,236360.05189634147,0,0.0,0,0.0,23,8,liquido,22.584273635999125,200,30150,199,1,,2026-09-04T23:20:30,7c6d452e02
E08_INIT,Estudio de las estrategias de inicializacion de la poblacion,large,12,30,55,3,53000.0,init=C_frac=0.25,150,200,,0.6,0.2,2,True,C,0.25,nogood,8,0.15,min_efi,,,,,1515,14,True,4.455673522227335,236150.6966780488,39000.0,181487.80487804877,15662.891800000001,0.0,236150.6966780488,0,0.0,0,0.0,21,7,liquido,24.435324051999487,200,30150,195,5,,2026-09-04T23:20:55,7c6d452e02
E08_INIT,Estudio de las estrategias de inicializacion de la poblacion,large,12,30,55,3,53000.0,init=C_frac=0.25,150,200,,0.6,0.2,2,True,C,0.25,nogood,8,0.15,min_efi,,,,,1616,15,True,4.443549598987575,235508.12874634148,44200.0,179414.63414634147,11893.494600000007,0.0,235508.12874634148,0,0.0,0,0.0,23,8,liquido,22.96701252300045,200,30150,166,34,,2026-09-04T23:21:18,7c6d452e02
E08_INIT,Estudio de las estrategias de inicializacion de la poblacion,large,12,30,55,3,53000.0,init=C_frac=0.25,150,200,,0.6,0.2,2,True,C,0.25,nogood,8,0.15,min_efi,,,,,1717,16,True,4.675277849089841,247789.72600176153,38500.0,182365.17615176152,26924.54985,0.0,247789.72600176153,0,0.0,0,0.0,20,7,amoniaco|liquido,24.163426538998465,200,30150,199,1,,2026-09-04T23:21:42,7c6d452e02
E08_INIT,Estudio de las estrategias de inicializacion de la poblacion,large,12,30,55,3,53000.0,init=C_frac=0.25,150,200,,0.6,0.2,2,True,C,0.25,nogood,8,0.15,min_efi,,,,,1818,17,True,4.471188684399448,236973.00027317074,44200.0,178707.31707317074,14065.6832,0.0,236973.00027317074,0,0.0,0,0.0,21,8,liquido,24.19328964200031,200,30150,192,8,,2026-09-04T23:22:06,7c6d452e02
E08_INIT,Estudio de las estrategias de inicializacion de la poblacion,large,12,30,55,3,53000.0,init=C_frac=0.25,150,200,,0.6,0.2,2,True,C,0.25,nogood,8,0.15,min_efi,,,,,1919,18,True,4.436586950552232,235139.1083792683,44200.0,178682.92682926828,12256.181549999998,0.0,235139.1083792683,0,0.0,0,0.0,22,8,liquido,22.37592262799808,200,30150,199,1,,2026-09-04T23:22:28,7c6d452e02
E08_INIT,Estudio de las estrategias de inicializacion de la poblacion,large,12,30,55,3,53000.0,init=C_frac=0.25,150,200,,0.6,0.2,2,True,C,0.25,nogood,8,0.15,min_efi,,,,,2020,19,True,4.455224076346066,236126.87604634147,44200.0,179414.63414634147,12512.241899999999,0.0,236126.87604634147,0,0.0,0,0.0,22,8,liquido,24.874497976001294,200,30150,183,17,,2026-09-04T23:22:53,7c6d452e02
E08_INIT,Estudio de las estrategias de inicializacion de la poblacion,large,12,30,55,3,53000.0,init=C_frac=0.5,150,200,,0.6,0.2,2,True,C,0.5,nogood,8,0.15,min_efi,,,,,101,0,True,4.423851345167971,234464.12129390246,43900.0,178024.39024390245,12539.731049999997,0.0,234464.12129390246,0,0.0,0,0.0,22,8,liquido,22.87576238499969,200,30150,147,53,,2026-09-04T23:23:16,cd055d4607
E08_INIT,Estudio de las estrategias de inicializacion de la poblacion,large,12,30,55,3,53000.0,init=C_frac=0.5,150,200,,0.6,0.2,2,True,C,0.5,nogood,8,0.15,min_efi,,,,,202,1,True,4.404323397514956,233429.14006829268,43700.0,176926.82926829267,12802.310800000001,0.0,233429.14006829268,0,0.0,0,0.0,22,8,liquido,24.44197651700233,200,30150,188,12,,2026-09-04T23:23:41,cd055d4607
E08_INIT,Estudio de las estrategias de inicializacion de la poblacion,large,12,30,55,3,53000.0,init=C_frac=0.5,150,200,,0.6,0.2,2,True,C,0.5,nogood,8,0.15,min_efi,,,,,303,2,True,4.435890598987575,235102.20174634148,44200.0,179414.63414634147,11487.567600000002,0.0,235102.20174634148,0,0.0,0,0.0,22,8,liquido,24.649594908001745,200,30150,192,8,,2026-09-04T23:24:05,cd055d4607
E08_INIT,Estudio de las estrategias de inicializacion de la poblacion,large,12,30,55,3,53000.0,init=C_frac=0.5,150,200,,0.6,0.2,2,True,C,0.5,nogood,8,0.15,min_efi,,,,,404,3,True,4.4578196357800275,236264.44069634148,39000.0,181414.63414634147,15849.806550000001,0.0,236264.44069634148,0,0.0,0,0.0,23,7,liquido,22.450846192998142,200,30150,199,1,,2026-09-04T23:24:28,cd055d4607
E08_INIT,Estudio de las estrategias de inicializacion de la poblacion,large,12,30,55,3,53000.0,init=C_frac=0.5,150,200,,0.6,0.2,2,True,C,0.5,nogood,8,0.15,min_efi,,,,,505,4,True,4.454417232006443,236084.11329634147,44200.0,179414.63414634147,12469.479149999996,0.0,236084.11329634147,0,0.0,0,0.0,22,8,liquido,24.27766599700044,200,30150,184,16,,2026-09-04T23:24:52,cd055d4607
E08_INIT,Estudio de las estrategias de inicializacion de la poblacion,large,12,30,55,3,53000.0,init=C_frac=0.5,150,200,,0.6,0.2,2,True,C,0.5,nogood,8,0.15,min_efi,,,,,606,5,True,4.425806253244363,234567.73142195123,44200.0,178512.19512195123,11855.5363,0.0,234567.73142195123,0,0.0,0,0.0,22,8,liquido,23.128314362998935,200,30150,193,7,,2026-09-04T23:25:15,cd055d4607
E08_INIT,Estudio de las estrategias de inicializacion de la poblacion,large,12,30,55,3,53000.0,init=C_frac=0.5,150,200,,0.6,0.2,2,True,C,0.5,nogood,8,0.15,min_efi,,,,,707,6,True,4.413860506442706,233934.60684146342,38500.0,178634.1463414634,16800.460500000005,0.0,233934.60684146342,0,0.0,0,0.0,21,7,liquido,24.527726436001103,200,30150,199,1,,2026-09-04T23:25:40,cd055d4607
E08_INIT,Estudio de las estrategias de inicializacion de la poblacion,large,12,30,55,3,53000.0,init=C_frac=0.5,150,200,,0.6,0.2,2,True,C,0.5,nogood,8,0.15,min_efi,,,,,808,7,True,4.456173895306029,236177.21645121952,39000.0,181195.1219512195,15982.094500000005,0.0,236177.21645121952,0,0.0,0,0.0,21,7,liquido,23.461730754999735,200,30150,189,11,,2026-09-04T23:26:03,cd055d4607
E08_INIT,Estudio de las estrategias de inicializacion de la poblacion,large,12,30,55,3,53000.0,init=C_frac=0.5,150,200,,0.6,0.2,2,True,C,0.5,nogood,8,0.15,min_efi,,,,,909,8,True,4.408006785158767,233624.35961341462,33000.0,180146.34146341463,20478.01815,0.0,233624.35961341462,0,0.0,0,0.0,21,6,liquido,23.509215394999046,200,30150,200,0,,2026-09-04T23:26:27,cd055d4607
E08_INIT,Estudio de las estrategias de inicializacion de la poblacion,large,12,30,55,3,53000.0,init=C_frac=0.5,150,200,,0.6,0.2,2,True,C,0.5,nogood,8,0.15,min_efi,,,,,1010,9,True,4.441283498320295,235388.02541097562,44200.0,178756.0975609756,12431.927849999998,0.0,235388.02541097562,0,0.0,0,0.0,21,8,liquido,24.580579945002683,200,30150,191,9,,2026-09-04T23:26:51,cd055d4607
E08_INIT,Estudio de las estrategias de inicializacion de la poblacion,large,12,30,55,3,53000.0,init=C_frac=0.5,150,200,,0.6,0.2,2,True,C,0.5,nogood,8,0.15,min_efi,,,,,1111,10,True,4.4626647420386565,236521.23132804877,39000.0,181487.80487804877,16033.42645,0.0,236521.23132804877,0,0.0,0,0.0,22,7,liquido,22.17491249000159,200,30150,197,3,,2026-09-04T23:27:13,cd055d4607
E08_INIT,Estudio de las estrategias de inicializacion de la poblacion,large,12,30,55,3,53000.0,init=C_frac=0.5,150,200,,0.6,0.2,2,True,C,0.5,nogood,8,0.15,min_efi,,,,,1212,11,True,4.45404263973769,236064.25990609755,38500.0,178975.60975609755,18588.65015,0.0,236064.25990609755,0,0.0,0,0.0,22,7,liquido,24.24233749099949,200,30150,192,8,,2026-09-04T23:27:38,cd055d4607
E08_INIT,Estudio de las estrategias de inicializacion de la poblacion,large,12,30,55,3,53000.0,init=C_frac=0.5,150,200,,0.6,0.2,2,True,C,0.5,nogood,8,0.15,min_efi,,,,,1313,12,True,4.424617994753796,234504.75372195122,44200.0,178512.19512195123,11792.5586,0.0,234504.75372195122,0,0.0,0,0.0,21,8,liquido,23.22875433000081,200,30150,188,12,,2026-09-04T23:28:01,cd055d4607
E08_INIT,Estudio de las estrategias de inicializacion de la poblacion,large,12,30,55,3,53000.0,init=C_frac=0.5,150,200,,0.6,0.2,2,True,C,0.5,nogood,8,0.15,min_efi,,,,,1414,13,True,4.434418872066268,235024.20021951222,44200.0,179121.9512195122,11702.249000000002,0.0,235024.20021951222,0,0.0,0,0.0,22,8,liquido,24.453147798998543,200,30150,192,8,,2026-09-04T23:28:25,cd055d4607
E08_INIT,Estudio de las estrategias de inicializacion de la poblacion,large,12,30,55,3,53000.0,init=C_frac=0.5,150,200,,0.6,0.2,2,True,C,0.5,nogood,8,0.15,min_efi,,,,,1515,14,True,4.529728507017947,240075.6108719512,50000.0,178512.19512195123,11563.41575,0.0,240075.6108719512,0,0.0,0,0.0,21,9,liquido,24.702509026999905,200,30150,198,2,,2026-09-04T23:28:50,cd055d4607
E08_INIT,Estudio de las estrategias de inicializacion de la poblacion,large,12,30,55,3,53000.0,init=C_frac=0.5,150,200,,0.6,0.2,2,True,C,0.5,nogood,8,0.15,min_efi,,,,,1616,15,True,4.424781632489646,234513.42652195122,44200.0,178512.19512195123,11801.231399999999,0.0,234513.42652195122,0,0.0,0,0.0,21,8,liquido,21.952070068000467,200,30150,179,21,,2026-09-04T23:29:12,cd055d4607
E08_INIT,Estudio de las estrategias de inicializacion de la poblacion,large,12,30,55,3,53000.0,init=C_frac=0.5,150,200,,0.6,0.2,2,True,C,0.5,nogood,8,0.15,min_efi,,,,,1717,16,True,4.353985683893235,230761.24124634147,38400.0,179414.63414634147,12946.607100000001,0.0,230761.24124634147,0,0.0,0,0.0,23,7,liquido,24.145729349002067,200,30150,164,36,,2026-09-04T23:29:36,cd055d4607
E08_INIT,Estudio de las estrategias de inicializacion de la poblacion,large,12,30,55,3,53000.0,init=C_frac=0.5,150,200,,0.6,0.2,2,True,C,0.5,nogood,8,0.15,min_efi,,,,,1818,17,True,4.451117146157386,235909.20874634146,44200.0,179414.63414634147,12294.574600000002,0.0,235909.20874634146,0,0.0,0,0.0,24,8,liquido,22.7563407810012,200,30150,187,13,,2026-09-04T23:29:59,cd055d4607
E08_INIT,Estudio de las estrategias de inicializacion de la poblacion,large,12,30,55,3,53000.0,init=C_frac=0.5,150,200,,0.6,0.2,2,True,C,0.5,nogood,8,0.15,min_efi,,,,,1919,18,True,4.473813315076443,237112.1056990515,38500.0,181514.90514905148,17097.200549999998,0.0,237112.1056990515,0,0.0,0,0.0,21,7,amoniaco|liquido,24.73971802500091,200,30150,187,13,,2026-09-04T23:30:24,cd055d4607
E08_INIT,Estudio de las estrategias de inicializacion de la poblacion,large,12,30,55,3,53000.0,init=C_frac=0.5,150,200,,0.6,0.2,2,True,C,0.5,nogood,8,0.15,min_efi,,,,,2020,19,True,4.415725543649333,234033.45381341464,33000.0,180146.34146341463,20887.11235,0.0,234033.45381341464,0,0.0,0,0.0,22,6,liquido,22.399544735002564,200,30150,200,0,,2026-09-04T23:30:46,cd055d4607
E08_INIT,Estudio de las estrategias de inicializacion de la poblacion,large,12,30,55,3,53000.0,init=C_frac=0.75,150,200,,0.6,0.2,2,True,C,0.75,nogood,8,0.15,min_efi,,,,,101,0,True,4.530182111527842,240099.6519109756,50000.0,178756.0975609756,11343.554350000002,0.0,240099.6519109756,0,0.0,0,0.0,22,9,liquido,24.208524287001637,200,30150,195,5,,2026-09-04T23:31:10,62fc325e68
E08_INIT,Estudio de las estrategias de inicializacion de la poblacion,large,12,30,55,3,53000.0,init=C_frac=0.75,150,200,,0.6,0.2,2,True,C,0.75,nogood,8,0.15,min_efi,,,,,202,1,True,4.3252111015416475,229236.1883817073,32700.0,179073.1707317073,17463.01765,0.0,229236.1883817073,0,0.0,0,0.0,22,6,liquido,24.596080887000426,200,30150,199,1,,2026-09-04T23:31:35,62fc325e68
E08_INIT,Estudio de las estrategias de inicializacion de la poblacion,large,12,30,55,3,53000.0,init=C_frac=0.75,150,200,,0.6,0.2,2,True,C,0.75,nogood,8,0.15,min_efi,,,,,303,2,True,4.410423618177634,233752.45176341463,33000.0,180146.34146341463,20606.110299999997,0.0,233752.45176341463,0,0.0,0,0.0,22,6,liquido,22.501775452998118,200,30150,198,2,,2026-09-04T23:31:57,62fc325e68
E08_INIT,Estudio de las estrategias de inicializacion de la poblacion,large,12,30,55,3,53000.0,init=C_frac=0.75,150,200,,0.6,0.2,2,True,C,0.75,nogood,8,0.15,min_efi,,,,,404,3,True,4.40785744859641,233616.44477560974,33000.0,181097.56097560975,19518.88379999999,0.0,233616.44477560974,0,0.0,0,0.0,21,6,liquido,24.485700743000052,200,30150,195,5,,2026-09-04T23:32:22,62fc325e68
E08_INIT,Estudio de las estrategias de inicializacion de la poblacion,large,12,30,55,3,53000.0,init=C_frac=0.75,150,200,,0.6,0.2,2,True,C,0.75,nogood,8,0.15,min_efi,,,,,505,4,True,4.44825237807179,235757.37603780488,44200.0,179048.78048780488,12508.595550000004,0.0,235757.37603780488,0,0.0,0,0.0,23,8,liquido,23.25628054000117,200,30150,194,6,,2026-09-04T23:32:45,62fc325e68
E08_INIT,Estudio de las estrategias de inicializacion de la poblacion,large,12,30,55,3,53000.0,init=C_frac=0.75,150,200,,0.6,0.2,2,True,C,0.75,nogood,8,0.15,min_efi,,,,,606,5,True,4.3985054116659,233120.7868182927,38200.0,177926.8292682927,16993.957550000003,0.0,233120.7868182927,0,0.0,0,0.0,21,7,liquido,24.78278173400031,200,30150,173,27,,2026-09-04T23:33:10,62fc325e68
E08_INIT,Estudio de las estrategias de inicializacion de la poblacion,large,12,30,55,3,53000.0,init=C_frac=0.75,150,200,,0.6,0.2,2,True,C,0.75,nogood,8,0.15,min_efi,,,,,707,6,True,4.443549598987575,235508.12874634148,44200.0,179414.63414634147,11893.494600000002,0.0,235508.12874634148,0,0.0,0,0.0,23,8,liquido,25.347831566999957,200,30150,198,2,,2026-09-04T23:33:35,62fc325e68
E08_INIT,Estudio de las estrategias de inicializacion de la poblacion,large,12,30,55,3,53000.0,init=C_frac=0.75,150,200,,0.6,0.2,2,True,C,0.75,nogood,8,0.15,min_efi,,,,,808,7,True,4.513078044040497,239193.13633414634,44500.0,179463.41463414635,15229.7217,0.0,239193.13633414634,0,0.0,0,0.0,21,8,liquido,22.68681289900269,200,30150,192,8,,2026-09-04T23:33:58,62fc325e68
E08_INIT,Estudio de las estrategias de inicializacion de la poblacion,large,12,30,55,3,53000.0,init=C_frac=0.75,150,200,,0.6,0.2,2,True,C,0.75,nogood,8,0.15,min_efi,,,,,909,8,True,4.435286321905201,235070.17506097563,44200.0,178756.0975609756,12114.077500000001,0.0,235070.17506097563,0,0.0,0,0.0,21,8,liquido,25.077072544998373,200,30150,199,1,,2026-09-04T23:34:23,62fc325e68
E08_INIT,Estudio de las estrategias de inicializacion de la poblacion,large,12,30,55,3,53000.0,init=C_frac=0.75,150,200,,0.6,0.2,2,True,C,0.75,nogood,8,0.15,min_efi,,,,,1010,9,True,4.537694130878969,240497.78893658536,50000.0,179853.65853658537,10644.130400000004,0.0,240497.78893658536,0,0.0,0,0.0,22,9,liquido,22.59515845200076,200,30150,199,1,,2026-09-04T23:34:46,62fc325e68
E08_INIT,Estudio de las estrategias de inicializacion de la poblacion,large,12,30,55,3,53000.0,init=C_frac=0.75,150,200,,0.6,0.2,2,True,C,0.75,nogood,8,0.15,min_efi,,,,,1111,10,True,4.524760698527381,239812.31702195122,50000.0,178512.19512195123,11300.121900000002,0.0,239812.31702195122,0,0.0,0,0.0,22,9,liquido,24.718387558998074,200,30150,185,15,,2026-09-04T23:35:10,62fc325e68
E08_INIT,Estudio de las estrategias de inicializacion de la poblacion,large,12,30,55,3,53000.0,init=C_frac=0.75,150,200,,0.6,0.2,2,True,C,0.75,nogood,8,0.15,min_efi,,,,,1212,11,True,4.740541736766887,251248.712048645,38200.0,184449.86449864498,28598.847550000006,0.0,251248.712048645,0,0.0,0,0.0,17,7,amoniaco|liquido,23.48085810200064,200,30150,166,34,,2026-09-04T23:35:34,62fc325e68
E08_INIT,Estudio de las estrategias de inicializacion de la poblacion,large,12,30,55,3,53000.0,init=C_frac=0.75,150,200,,0.6,0.2,2,True,C,0.75,nogood,8,0.15,min_efi,,,,,1313,12,True,4.4096167098481365,233709.6856219512,38500.0,179512.19512195123,15697.490499999998,0.0,233709.6856219512,0,0.0,0,0.0,21,7,liquido,23.16478771200127,200,30150,199,1,,2026-09-04T23:35:57,62fc325e68
E08_INIT,Estudio de las estrategias de inicializacion de la poblacion,large,12,30,55,3,53000.0,init=C_frac=0.75,150,200,,0.6,0.2,2,True,C,0.75,nogood,8,0.15,min_efi,,,,,1414,13,True,4.430868068131615,234836.00761097562,44200.0,178756.0975609756,11879.910049999999,0.0,234836.00761097562,0,0.0,0,0.0,21,8,liquido,24.004983319999155,200,30150,194,6,,2026-09-04T23:36:21,62fc325e68
E08_INIT,Estudio de las estrategias de inicializacion de la poblacion,large,12,30,55,3,53000.0,init=C_frac=0.75,150,200,,0.6,0.2,2,True,C,0.75,nogood,8,0.15,min_efi,,,,,1515,14,True,4.436243286217211,235120.8941695122,44200.0,179121.9512195122,11798.942950000002,0.0,235120.8941695122,0,0.0,0,0.0,22,8,liquido,22.29578868899989,200,30150,148,52,,2026-09-04T23:36:43,62fc325e68
E08_INIT,Estudio de las estrategias de inicializacion de la poblacion,large,12,30,55,3,53000.0,init=C_frac=0.75,150,200,,0.6,0.2,2,True,C,0.75,nogood,8,0.15,min_efi,,,,,1616,15,True,4.4562190060745515,236179.60732195122,39000.0,180512.19512195123,16667.4122,0.0,236179.60732195122,0,0.0,0,0.0,20,7,liquido,23.986142486999597,200,30150,195,5,,2026-09-04T23:37:07,62fc325e68
E08_INIT,Estudio de las estrategias de inicializacion de la poblacion,large,12,30,55,3,53000.0,init=C_frac=0.75,150,200,,0.6,0.2,2,True,C,0.75,nogood,8,0.15,min_efi,,,,,1717,16,True,4.413432972043259,233911.9475182927,43700.0,176926.8292682927,13285.118250000003,0.0,233911.9475182927,0,0.0,0,0.0,23,8,liquido,22.474536341000203,200,30150,199,1,,2026-09-04T23:37:30,62fc325e68
E08_INIT,Estudio de las estrategias de inicializacion de la poblacion,large,12,30,55,3,53000.0,init=C_frac=0.75,150,200,,0.6,0.2,2,True,C,0.75,nogood,8,0.15,min_efi,,,,,1818,17,True,4.429219927565577,234748.6561609756,44200.0,178756.0975609756,11792.558600000002,0.0,234748.6561609756,0,0.0,0,0.0,21,8,liquido,24.08280769299745,200,30150,136,64,,2026-09-04T23:37:54,62fc325e68
E08_INIT,Estudio de las estrategias de inicializacion de la poblacion,large,12,30,55,3,53000.0,init=C_frac=0.75,150,200,,0.6,0.2,2,True,C,0.75,nogood,8,0.15,min_efi,,,,,1919,18,True,4.376426543534285,231950.6068073171,38400.0,178170.73170731709,15379.875100000001,0.0,231950.6068073171,0,0.0,0,0.0,21,7,liquido,21.700375401997007,200,30150,195,5,,2026-09-04T23:38:16,62fc325e68
E08_INIT,Estudio de las estrategias de inicializacion de la poblacion,large,12,30,55,3,53000.0,init=C_frac=0.75,150,200,,0.6,0.2,2,True,C,0.75,nogood,8,0.15,min_efi,,,,,2020,19,True,4.3498402216751035,230541.5317487805,38400.0,178804.8780487805,13336.653700000003,0.0,230541.5317487805,0,0.0,0,0.0,22,7,liquido,24.704045118000067,200,30150,197,3,,2026-09-04T23:38:40,62fc325e68
